TimeQuest Timing Analyzer report for Reciprocal
Fri Jan 31 02:36:55 2025
Quartus II 64-Bit Version 13.0.1 Build 232 06/12/2013 Service Pack 1 SJ Web Edition


---------------------
; Table of Contents ;
---------------------
  1. Legal Notice
  2. TimeQuest Timing Analyzer Summary
  3. Parallel Compilation
  4. Clocks
  5. Slow 1200mV 85C Model Fmax Summary
  6. Timing Closure Recommendations
  7. Slow 1200mV 85C Model Setup Summary
  8. Slow 1200mV 85C Model Hold Summary
  9. Slow 1200mV 85C Model Recovery Summary
 10. Slow 1200mV 85C Model Removal Summary
 11. Slow 1200mV 85C Model Minimum Pulse Width Summary
 12. Slow 1200mV 85C Model Setup: 'Controller:control|y.IDLE'
 13. Slow 1200mV 85C Model Setup: 'Controller:control|y.REPORT'
 14. Slow 1200mV 85C Model Setup: 'clk'
 15. Slow 1200mV 85C Model Hold: 'Controller:control|y.REPORT'
 16. Slow 1200mV 85C Model Hold: 'Controller:control|y.IDLE'
 17. Slow 1200mV 85C Model Hold: 'clk'
 18. Slow 1200mV 85C Model Recovery: 'clk'
 19. Slow 1200mV 85C Model Removal: 'clk'
 20. Slow 1200mV 85C Model Minimum Pulse Width: 'clk'
 21. Slow 1200mV 85C Model Minimum Pulse Width: 'Controller:control|y.REPORT'
 22. Slow 1200mV 85C Model Minimum Pulse Width: 'Controller:control|y.IDLE'
 23. Setup Times
 24. Hold Times
 25. Clock to Output Times
 26. Minimum Clock to Output Times
 27. Slow 1200mV 85C Model Metastability Report
 28. Slow 1200mV 0C Model Fmax Summary
 29. Slow 1200mV 0C Model Setup Summary
 30. Slow 1200mV 0C Model Hold Summary
 31. Slow 1200mV 0C Model Recovery Summary
 32. Slow 1200mV 0C Model Removal Summary
 33. Slow 1200mV 0C Model Minimum Pulse Width Summary
 34. Slow 1200mV 0C Model Setup: 'Controller:control|y.IDLE'
 35. Slow 1200mV 0C Model Setup: 'Controller:control|y.REPORT'
 36. Slow 1200mV 0C Model Setup: 'clk'
 37. Slow 1200mV 0C Model Hold: 'Controller:control|y.REPORT'
 38. Slow 1200mV 0C Model Hold: 'Controller:control|y.IDLE'
 39. Slow 1200mV 0C Model Hold: 'clk'
 40. Slow 1200mV 0C Model Recovery: 'clk'
 41. Slow 1200mV 0C Model Removal: 'clk'
 42. Slow 1200mV 0C Model Minimum Pulse Width: 'clk'
 43. Slow 1200mV 0C Model Minimum Pulse Width: 'Controller:control|y.REPORT'
 44. Slow 1200mV 0C Model Minimum Pulse Width: 'Controller:control|y.IDLE'
 45. Setup Times
 46. Hold Times
 47. Clock to Output Times
 48. Minimum Clock to Output Times
 49. Slow 1200mV 0C Model Metastability Report
 50. Fast 1200mV 0C Model Setup Summary
 51. Fast 1200mV 0C Model Hold Summary
 52. Fast 1200mV 0C Model Recovery Summary
 53. Fast 1200mV 0C Model Removal Summary
 54. Fast 1200mV 0C Model Minimum Pulse Width Summary
 55. Fast 1200mV 0C Model Setup: 'Controller:control|y.IDLE'
 56. Fast 1200mV 0C Model Setup: 'Controller:control|y.REPORT'
 57. Fast 1200mV 0C Model Setup: 'clk'
 58. Fast 1200mV 0C Model Hold: 'Controller:control|y.REPORT'
 59. Fast 1200mV 0C Model Hold: 'Controller:control|y.IDLE'
 60. Fast 1200mV 0C Model Hold: 'clk'
 61. Fast 1200mV 0C Model Recovery: 'clk'
 62. Fast 1200mV 0C Model Removal: 'clk'
 63. Fast 1200mV 0C Model Minimum Pulse Width: 'clk'
 64. Fast 1200mV 0C Model Minimum Pulse Width: 'Controller:control|y.REPORT'
 65. Fast 1200mV 0C Model Minimum Pulse Width: 'Controller:control|y.IDLE'
 66. Setup Times
 67. Hold Times
 68. Clock to Output Times
 69. Minimum Clock to Output Times
 70. Fast 1200mV 0C Model Metastability Report
 71. Multicorner Timing Analysis Summary
 72. Setup Times
 73. Hold Times
 74. Clock to Output Times
 75. Minimum Clock to Output Times
 76. Board Trace Model Assignments
 77. Input Transition Times
 78. Signal Integrity Metrics (Slow 1200mv 0c Model)
 79. Signal Integrity Metrics (Slow 1200mv 85c Model)
 80. Signal Integrity Metrics (Fast 1200mv 0c Model)
 81. Setup Transfers
 82. Hold Transfers
 83. Recovery Transfers
 84. Removal Transfers
 85. Report TCCS
 86. Report RSKM
 87. Unconstrained Paths
 88. TimeQuest Timing Analyzer Messages



----------------
; Legal Notice ;
----------------
Copyright (C) 1991-2013 Altera Corporation
Your use of Altera Corporation's design tools, logic functions 
and other software and tools, and its AMPP partner logic 
functions, and any output files from any of the foregoing 
(including device programming or simulation files), and any 
associated documentation or information are expressly subject 
to the terms and conditions of the Altera Program License 
Subscription Agreement, Altera MegaCore Function License 
Agreement, or other applicable license agreement, including, 
without limitation, that your use is for the sole purpose of 
programming logic devices manufactured by Altera and sold by 
Altera or its authorized distributors.  Please refer to the 
applicable agreement for further details.



+----------------------------------------------------------------------------------------+
; TimeQuest Timing Analyzer Summary                                                      ;
+--------------------+-------------------------------------------------------------------+
; Quartus II Version ; Version 13.0.1 Build 232 06/12/2013 Service Pack 1 SJ Web Edition ;
; Revision Name      ; Reciprocal                                                        ;
; Device Family      ; Cyclone IV E                                                      ;
; Device Name        ; EP4CE30F23C6                                                      ;
; Timing Models      ; Final                                                             ;
; Delay Model        ; Combined                                                          ;
; Rise/Fall Delays   ; Enabled                                                           ;
+--------------------+-------------------------------------------------------------------+


Parallel compilation was disabled, but you have multiple processors available. Enable parallel compilation to reduce compilation time.
+-------------------------------------+
; Parallel Compilation                ;
+----------------------------+--------+
; Processors                 ; Number ;
+----------------------------+--------+
; Number detected on machine ; 16     ;
; Maximum allowed            ; 1      ;
+----------------------------+--------+


+--------------------------------------------------------------------------------------------------------------------------------------------------------------------------------------------------------------------------+
; Clocks                                                                                                                                                                                                                   ;
+-----------------------------+------+--------+------------+-------+-------+------------+-----------+-------------+-------+--------+-----------+------------+----------+--------+--------+---------------------------------+
; Clock Name                  ; Type ; Period ; Frequency  ; Rise  ; Fall  ; Duty Cycle ; Divide by ; Multiply by ; Phase ; Offset ; Edge List ; Edge Shift ; Inverted ; Master ; Source ; Targets                         ;
+-----------------------------+------+--------+------------+-------+-------+------------+-----------+-------------+-------+--------+-----------+------------+----------+--------+--------+---------------------------------+
; clk                         ; Base ; 1.000  ; 1000.0 MHz ; 0.000 ; 0.500 ;            ;           ;             ;       ;        ;           ;            ;          ;        ;        ; { clk }                         ;
; Controller:control|y.IDLE   ; Base ; 1.000  ; 1000.0 MHz ; 0.000 ; 0.500 ;            ;           ;             ;       ;        ;           ;            ;          ;        ;        ; { Controller:control|y.IDLE }   ;
; Controller:control|y.REPORT ; Base ; 1.000  ; 1000.0 MHz ; 0.000 ; 0.500 ;            ;           ;             ;       ;        ;           ;            ;          ;        ;        ; { Controller:control|y.REPORT } ;
+-----------------------------+------+--------+------------+-------+-------+------------+-----------+-------------+-------+--------+-----------+------------+----------+--------+--------+---------------------------------+


+----------------------------------------------------------------------------------------------------------------------------+
; Slow 1200mV 85C Model Fmax Summary                                                                                         ;
+------------+-----------------+-----------------------------+---------------------------------------------------------------+
; Fmax       ; Restricted Fmax ; Clock Name                  ; Note                                                          ;
+------------+-----------------+-----------------------------+---------------------------------------------------------------+
; 292.06 MHz ; 292.06 MHz      ; Controller:control|y.IDLE   ;                                                               ;
; 338.07 MHz ; 250.0 MHz       ; clk                         ; limit due to minimum period restriction (max I/O toggle rate) ;
; 954.2 MHz  ; 917.43 MHz      ; Controller:control|y.REPORT ; limit due to hold check                                       ;
+------------+-----------------+-----------------------------+---------------------------------------------------------------+
This panel reports FMAX for every clock in the design, regardless of the user-specified clock periods.  FMAX is only computed for paths where the source and destination registers or ports are driven by the same clock.  Paths of different clocks, including generated clocks, are ignored.  For paths between a clock and its inversion, FMAX is computed as if the rising and falling edges are scaled along with FMAX, such that the duty cycle (in terms of a percentage) is maintained. Altera recommends that you always use clock constraints and other slack reports for sign-off analysis.


----------------------------------
; Timing Closure Recommendations ;
----------------------------------
HTML report is unavailable in plain text report export.


+------------------------------------------------------+
; Slow 1200mV 85C Model Setup Summary                  ;
+-----------------------------+--------+---------------+
; Clock                       ; Slack  ; End Point TNS ;
+-----------------------------+--------+---------------+
; Controller:control|y.IDLE   ; -4.180 ; -25.478       ;
; Controller:control|y.REPORT ; -3.581 ; -16.070       ;
; clk                         ; -1.958 ; -83.734       ;
+-----------------------------+--------+---------------+


+------------------------------------------------------+
; Slow 1200mV 85C Model Hold Summary                   ;
+-----------------------------+--------+---------------+
; Clock                       ; Slack  ; End Point TNS ;
+-----------------------------+--------+---------------+
; Controller:control|y.REPORT ; -2.530 ; -5.598        ;
; Controller:control|y.IDLE   ; -0.829 ; -1.667        ;
; clk                         ; -0.329 ; -4.323        ;
+-----------------------------+--------+---------------+


+----------------------------------------+
; Slow 1200mV 85C Model Recovery Summary ;
+-------+--------+-----------------------+
; Clock ; Slack  ; End Point TNS         ;
+-------+--------+-----------------------+
; clk   ; -1.285 ; -21.227               ;
+-------+--------+-----------------------+


+---------------------------------------+
; Slow 1200mV 85C Model Removal Summary ;
+-------+-------+-----------------------+
; Clock ; Slack ; End Point TNS         ;
+-------+-------+-----------------------+
; clk   ; 1.372 ; 0.000                 ;
+-------+-------+-----------------------+


+------------------------------------------------------+
; Slow 1200mV 85C Model Minimum Pulse Width Summary    ;
+-----------------------------+--------+---------------+
; Clock                       ; Slack  ; End Point TNS ;
+-----------------------------+--------+---------------+
; clk                         ; -3.000 ; -90.000       ;
; Controller:control|y.REPORT ; 0.345  ; 0.000         ;
; Controller:control|y.IDLE   ; 0.359  ; 0.000         ;
+-----------------------------+--------+---------------+


+-------------------------------------------------------------------------------------------------------------------------------------------------------------------+
; Slow 1200mV 85C Model Setup: 'Controller:control|y.IDLE'                                                                                                          ;
+--------+-----------------------------+-------------------------+-----------------------------+---------------------------+--------------+------------+------------+
; Slack  ; From Node                   ; To Node                 ; Launch Clock                ; Latch Clock               ; Relationship ; Clock Skew ; Data Delay ;
+--------+-----------------------------+-------------------------+-----------------------------+---------------------------+--------------+------------+------------+
; -4.180 ; Controller:control|y.MUL2   ; Controller:control|en3  ; clk                         ; Controller:control|y.IDLE ; 1.000        ; -1.799     ; 1.554      ;
; -3.323 ; Controller:control|y.SAVE_Y ; Controller:control|ack  ; clk                         ; Controller:control|y.IDLE ; 1.000        ; -2.175     ; 1.245      ;
; -2.831 ; Controller:control|y.SUB    ; Controller:control|LA   ; clk                         ; Controller:control|y.IDLE ; 0.500        ; -1.028     ; 1.388      ;
; -2.785 ; Controller:control|y.SUB    ; Controller:control|LB   ; clk                         ; Controller:control|y.IDLE ; 1.000        ; -1.011     ; 1.995      ;
; -2.721 ; Controller:control|y.SAVE_Y ; Controller:control|LA   ; clk                         ; Controller:control|y.IDLE ; 0.500        ; -1.031     ; 1.275      ;
; -2.637 ; Controller:control|y.LOAD   ; Controller:control|LB   ; clk                         ; Controller:control|y.IDLE ; 1.000        ; -1.014     ; 1.844      ;
; -2.627 ; Controller:control|y.MUL1   ; Controller:control|s    ; clk                         ; Controller:control|y.IDLE ; 1.000        ; -0.912     ; 2.067      ;
; -2.526 ; Controller:control|y.MUL1   ; Controller:control|en4  ; clk                         ; Controller:control|y.IDLE ; 1.000        ; -1.375     ; 1.360      ;
; -2.523 ; Controller:control|y.LOAD   ; Controller:control|sel1 ; clk                         ; Controller:control|y.IDLE ; 1.000        ; -1.386     ; 1.370      ;
; -2.511 ; Controller:control|y.SAVE_Y ; Controller:control|LB   ; clk                         ; Controller:control|y.IDLE ; 1.000        ; -1.014     ; 1.718      ;
; -2.411 ; Controller:control|y.SAVE_Y ; Controller:control|en2  ; clk                         ; Controller:control|y.IDLE ; 1.000        ; -1.561     ; 1.222      ;
; -2.272 ; Controller:control|y.SUB    ; Controller:control|sel2 ; clk                         ; Controller:control|y.IDLE ; 1.000        ; -1.402     ; 1.241      ;
; -2.209 ; Controller:control|y.MUL2   ; Controller:control|s    ; clk                         ; Controller:control|y.IDLE ; 1.000        ; -0.950     ; 1.611      ;
; -1.212 ; Controller:control|y.IDLE   ; Controller:control|en3  ; Controller:control|y.IDLE   ; Controller:control|y.IDLE ; 0.500        ; 1.184      ; 1.278      ;
; -0.660 ; Controller:control|y.IDLE   ; Controller:control|en3  ; Controller:control|y.IDLE   ; Controller:control|y.IDLE ; 1.000        ; 1.184      ; 1.226      ;
; -0.324 ; Controller:control|y.REPORT ; Controller:control|ack  ; Controller:control|y.REPORT ; Controller:control|y.IDLE ; 0.500        ; 0.811      ; 0.941      ;
; -0.107 ; Controller:control|y.IDLE   ; Controller:control|LB   ; Controller:control|y.IDLE   ; Controller:control|y.IDLE ; 0.500        ; 1.972      ; 2.009      ;
; 0.234  ; Controller:control|y.REPORT ; Controller:control|ack  ; Controller:control|y.REPORT ; Controller:control|y.IDLE ; 1.000        ; 0.811      ; 0.883      ;
; 0.391  ; Controller:control|y.IDLE   ; Controller:control|LA   ; Controller:control|y.IDLE   ; Controller:control|y.IDLE ; 0.500        ; 1.955      ; 1.358      ;
; 0.425  ; Controller:control|y.IDLE   ; Controller:control|LB   ; Controller:control|y.IDLE   ; Controller:control|y.IDLE ; 1.000        ; 1.972      ; 1.977      ;
; 0.792  ; Controller:control|y.IDLE   ; Controller:control|LA   ; Controller:control|y.IDLE   ; Controller:control|y.IDLE ; 1.000        ; 1.955      ; 1.457      ;
+--------+-----------------------------+-------------------------+-----------------------------+---------------------------+--------------+------------+------------+


+----------------------------------------------------------------------------------------------------------------------------------------------------------------------------------------------------+
; Slow 1200mV 85C Model Setup: 'Controller:control|y.REPORT'                                                                                                                                         ;
+--------+-------------------------------------------------+------------------------------------+-----------------------------+-----------------------------+--------------+------------+------------+
; Slack  ; From Node                                       ; To Node                            ; Launch Clock                ; Latch Clock                 ; Relationship ; Clock Skew ; Data Delay ;
+--------+-------------------------------------------------+------------------------------------+-----------------------------+-----------------------------+--------------+------------+------------+
; -3.581 ; Controller:control|y.SAVE_Y                     ; Controller:control|ack             ; clk                         ; Controller:control|y.REPORT ; 0.500        ; -1.933     ; 1.245      ;
; -3.155 ; Controller:control|y.SUB                        ; Controller:control|LA              ; clk                         ; Controller:control|y.REPORT ; 1.000        ; -1.852     ; 1.388      ;
; -3.045 ; Controller:control|y.SAVE_Y                     ; Controller:control|LA              ; clk                         ; Controller:control|y.REPORT ; 1.000        ; -1.855     ; 1.275      ;
; -1.865 ; Controller:control|y.MUL1                       ; Controller:control|Y.SAVE_MUL1_291 ; clk                         ; Controller:control|y.REPORT ; 1.000        ; 0.295      ; 1.426      ;
; -1.810 ; Datapath:datapath|Multiplier:multiplier|y.S3    ; Controller:control|Y.SAVE_MUL1_291 ; clk                         ; Controller:control|y.REPORT ; 1.000        ; 0.463      ; 1.539      ;
; -1.735 ; Datapath:datapath|Multiplier:multiplier|y.S3    ; Controller:control|Y.MUL2_275      ; clk                         ; Controller:control|y.REPORT ; 1.000        ; 0.464      ; 2.000      ;
; -1.725 ; Controller:control|y.SAVE_MUL1                  ; Controller:control|Y.SUB_283       ; clk                         ; Controller:control|y.REPORT ; 1.000        ; 0.146      ; 1.428      ;
; -1.651 ; Controller:control|y.SUB                        ; Controller:control|Y.MUL2_275      ; clk                         ; Controller:control|y.REPORT ; 1.000        ; 0.258      ; 1.710      ;
; -1.615 ; Controller:control|y.MUL2                       ; Controller:control|Y.MUL2_275      ; clk                         ; Controller:control|y.REPORT ; 1.000        ; 0.258      ; 1.674      ;
; -1.553 ; Datapath:datapath|Counter_4bit:counter|count[3] ; Controller:control|Y.MUL1_299      ; clk                         ; Controller:control|y.REPORT ; 1.000        ; 0.402      ; 1.971      ;
; -1.551 ; Datapath:datapath|Counter_4bit:counter|count[2] ; Controller:control|Y.MUL1_299      ; clk                         ; Controller:control|y.REPORT ; 1.000        ; 0.402      ; 1.969      ;
; -1.495 ; Controller:control|y.SAVE_Y                     ; Controller:control|Y.MUL1_299      ; clk                         ; Controller:control|y.REPORT ; 1.000        ; 0.248      ; 1.759      ;
; -1.399 ; Datapath:datapath|Counter_4bit:counter|count[3] ; Controller:control|Y.REPORT_259    ; clk                         ; Controller:control|y.REPORT ; 1.000        ; 0.558      ; 1.933      ;
; -1.397 ; Datapath:datapath|Counter_4bit:counter|count[2] ; Controller:control|Y.REPORT_259    ; clk                         ; Controller:control|y.REPORT ; 1.000        ; 0.558      ; 1.931      ;
; -1.330 ; Datapath:datapath|Counter_4bit:counter|count[0] ; Controller:control|Y.MUL1_299      ; clk                         ; Controller:control|y.REPORT ; 1.000        ; 0.402      ; 1.748      ;
; -1.283 ; Controller:control|y.LOAD                       ; Controller:control|Y.MUL1_299      ; clk                         ; Controller:control|y.REPORT ; 1.000        ; 0.248      ; 1.547      ;
; -1.267 ; Controller:control|y.MUL1                       ; Controller:control|Y.MUL1_299      ; clk                         ; Controller:control|y.REPORT ; 1.000        ; 0.289      ; 1.572      ;
; -1.178 ; Datapath:datapath|Counter_4bit:counter|count[1] ; Controller:control|Y.MUL1_299      ; clk                         ; Controller:control|y.REPORT ; 1.000        ; 0.402      ; 1.596      ;
; -1.175 ; Datapath:datapath|Counter_4bit:counter|count[0] ; Controller:control|Y.REPORT_259    ; clk                         ; Controller:control|y.REPORT ; 1.000        ; 0.558      ; 1.709      ;
; -1.168 ; Datapath:datapath|Multiplier:multiplier|y.S3    ; Controller:control|Y.MUL1_299      ; clk                         ; Controller:control|y.REPORT ; 1.000        ; 0.457      ; 1.641      ;
; -1.057 ; Controller:control|y.MUL2                       ; Controller:control|Y.SAVE_Y_267    ; clk                         ; Controller:control|y.REPORT ; 1.000        ; 0.454      ; 1.648      ;
; -1.048 ; Datapath:datapath|Multiplier:multiplier|y.S3    ; Controller:control|Y.SAVE_Y_267    ; clk                         ; Controller:control|y.REPORT ; 1.000        ; 0.660      ; 1.845      ;
; -1.023 ; Datapath:datapath|Counter_4bit:counter|count[1] ; Controller:control|Y.REPORT_259    ; clk                         ; Controller:control|y.REPORT ; 1.000        ; 0.558      ; 1.557      ;
; -0.863 ; Controller:control|y.SAVE_Y                     ; Controller:control|Y.REPORT_259    ; clk                         ; Controller:control|y.REPORT ; 1.000        ; 0.404      ; 1.243      ;
; -0.532 ; Controller:control|y.IDLE                       ; Controller:control|LA              ; Controller:control|y.IDLE   ; Controller:control|y.REPORT ; 0.500        ; 1.131      ; 1.457      ;
; -0.024 ; Controller:control|y.REPORT                     ; Controller:control|ack             ; Controller:control|y.REPORT ; Controller:control|y.REPORT ; 0.500        ; 1.053      ; 0.883      ;
; 0.067  ; Controller:control|y.IDLE                       ; Controller:control|LA              ; Controller:control|y.IDLE   ; Controller:control|y.REPORT ; 1.000        ; 1.131      ; 1.358      ;
; 0.418  ; Controller:control|y.REPORT                     ; Controller:control|ack             ; Controller:control|y.REPORT ; Controller:control|y.REPORT ; 1.000        ; 1.053      ; 0.941      ;
; 1.782  ; Controller:control|y.IDLE                       ; Controller:control|Y.LOAD_307      ; Controller:control|y.IDLE   ; Controller:control|y.REPORT ; 0.500        ; 3.270      ; 1.264      ;
; 2.059  ; Controller:control|y.IDLE                       ; Controller:control|Y.IDLE_315      ; Controller:control|y.IDLE   ; Controller:control|y.REPORT ; 0.500        ; 3.270      ; 1.307      ;
; 2.313  ; Controller:control|y.IDLE                       ; Controller:control|Y.LOAD_307      ; Controller:control|y.IDLE   ; Controller:control|y.REPORT ; 1.000        ; 3.270      ; 1.233      ;
; 2.664  ; Controller:control|y.IDLE                       ; Controller:control|Y.IDLE_315      ; Controller:control|y.IDLE   ; Controller:control|y.REPORT ; 1.000        ; 3.270      ; 1.202      ;
+--------+-------------------------------------------------+------------------------------------+-----------------------------+-----------------------------+--------------+------------+------------+


+------------------------------------------------------------------------------------------------------------------------------------------------------------------------------------------------------------+
; Slow 1200mV 85C Model Setup: 'clk'                                                                                                                                                                         ;
+--------+--------------------------------------------------------------+--------------------------------------------------------------+--------------+-------------+--------------+------------+------------+
; Slack  ; From Node                                                    ; To Node                                                      ; Launch Clock ; Latch Clock ; Relationship ; Clock Skew ; Data Delay ;
+--------+--------------------------------------------------------------+--------------------------------------------------------------+--------------+-------------+--------------+------------+------------+
; -1.958 ; Datapath:datapath|regne:reg_mul1|Q[2]                        ; Datapath:datapath|Multiplier:multiplier|shiftrne:ShiftB|Q[7] ; clk          ; clk         ; 1.000        ; -0.063     ; 2.890      ;
; -1.805 ; Datapath:datapath|regne:reg_mul1|Q[2]                        ; Datapath:datapath|Multiplier:multiplier|shiftrne:ShiftB|Q[5] ; clk          ; clk         ; 1.000        ; -0.064     ; 2.736      ;
; -1.800 ; Datapath:datapath|regne:reg_mul1|Q[3]                        ; Datapath:datapath|Multiplier:multiplier|shiftrne:ShiftB|Q[7] ; clk          ; clk         ; 1.000        ; -0.063     ; 2.732      ;
; -1.773 ; Datapath:datapath|regne:reg_mul1|Q[2]                        ; Datapath:datapath|Multiplier:multiplier|shiftrne:ShiftB|Q[6] ; clk          ; clk         ; 1.000        ; -0.064     ; 2.704      ;
; -1.713 ; Datapath:datapath|regne:reg_mul1|Q[2]                        ; Datapath:datapath|Multiplier:multiplier|shiftrne:ShiftB|Q[3] ; clk          ; clk         ; 1.000        ; -0.064     ; 2.644      ;
; -1.702 ; Datapath:datapath|regne:reg_mul1|Q[4]                        ; Datapath:datapath|Multiplier:multiplier|shiftrne:ShiftB|Q[7] ; clk          ; clk         ; 1.000        ; -0.063     ; 2.634      ;
; -1.685 ; Datapath:datapath|regne:reg_mul1|Q[5]                        ; Datapath:datapath|Multiplier:multiplier|shiftrne:ShiftB|Q[7] ; clk          ; clk         ; 1.000        ; -0.063     ; 2.617      ;
; -1.658 ; Datapath:datapath|regne:reg_mul1|Q[2]                        ; Datapath:datapath|Multiplier:multiplier|shiftrne:ShiftB|Q[4] ; clk          ; clk         ; 1.000        ; -0.064     ; 2.589      ;
; -1.647 ; Datapath:datapath|regne:reg_mul1|Q[3]                        ; Datapath:datapath|Multiplier:multiplier|shiftrne:ShiftB|Q[5] ; clk          ; clk         ; 1.000        ; -0.064     ; 2.578      ;
; -1.615 ; Datapath:datapath|regne:reg_mul1|Q[3]                        ; Datapath:datapath|Multiplier:multiplier|shiftrne:ShiftB|Q[6] ; clk          ; clk         ; 1.000        ; -0.064     ; 2.546      ;
; -1.602 ; Datapath:datapath|regne:reg_mul1|Q[2]                        ; Datapath:datapath|Multiplier:multiplier|shiftrne:ShiftB|Q[0] ; clk          ; clk         ; 1.000        ; -0.064     ; 2.533      ;
; -1.587 ; Datapath:datapath|regne:reg_mul1|Q[6]                        ; Datapath:datapath|Multiplier:multiplier|shiftrne:ShiftB|Q[7] ; clk          ; clk         ; 1.000        ; -0.063     ; 2.519      ;
; -1.567 ; Datapath:datapath|regne:reg_mul1|Q[7]                        ; Datapath:datapath|Multiplier:multiplier|shiftrne:ShiftB|Q[7] ; clk          ; clk         ; 1.000        ; -0.063     ; 2.499      ;
; -1.566 ; Datapath:datapath|Multiplier:multiplier|shiftlne:ShiftA|Q[1] ; Datapath:datapath|Multiplier:multiplier|regne:RegP|Q[12]     ; clk          ; clk         ; 1.000        ; -0.059     ; 2.502      ;
; -1.560 ; Datapath:datapath|Multiplier:multiplier|shiftlne:ShiftA|Q[1] ; Datapath:datapath|Multiplier:multiplier|regne:RegP|Q[13]     ; clk          ; clk         ; 1.000        ; -0.059     ; 2.496      ;
; -1.555 ; Datapath:datapath|regne:reg_mul1|Q[3]                        ; Datapath:datapath|Multiplier:multiplier|shiftrne:ShiftB|Q[3] ; clk          ; clk         ; 1.000        ; -0.064     ; 2.486      ;
; -1.545 ; Datapath:datapath|regne:reg_mul1|Q[4]                        ; Datapath:datapath|Multiplier:multiplier|shiftrne:ShiftB|Q[5] ; clk          ; clk         ; 1.000        ; -0.064     ; 2.476      ;
; -1.540 ; Datapath:datapath|regne:reg_mul1|Q[2]                        ; Datapath:datapath|Multiplier:multiplier|shiftrne:ShiftB|Q[2] ; clk          ; clk         ; 1.000        ; -0.064     ; 2.471      ;
; -1.532 ; Datapath:datapath|regne:reg_mul1|Q[5]                        ; Datapath:datapath|Multiplier:multiplier|shiftrne:ShiftB|Q[5] ; clk          ; clk         ; 1.000        ; -0.064     ; 2.463      ;
; -1.500 ; Datapath:datapath|regne:reg_mul1|Q[5]                        ; Datapath:datapath|Multiplier:multiplier|shiftrne:ShiftB|Q[6] ; clk          ; clk         ; 1.000        ; -0.064     ; 2.431      ;
; -1.500 ; Datapath:datapath|regne:reg_mul1|Q[3]                        ; Datapath:datapath|Multiplier:multiplier|shiftrne:ShiftB|Q[4] ; clk          ; clk         ; 1.000        ; -0.064     ; 2.431      ;
; -1.475 ; Datapath:datapath|regne:reg_mul1|Q[8]                        ; Datapath:datapath|Multiplier:multiplier|shiftrne:ShiftB|Q[7] ; clk          ; clk         ; 1.000        ; -0.063     ; 2.407      ;
; -1.455 ; Datapath:datapath|regne:reg_mul1|Q[9]                        ; Datapath:datapath|Multiplier:multiplier|shiftrne:ShiftB|Q[7] ; clk          ; clk         ; 1.000        ; -0.063     ; 2.387      ;
; -1.450 ; Datapath:datapath|Multiplier:multiplier|shiftlne:ShiftA|Q[1] ; Datapath:datapath|Multiplier:multiplier|regne:RegP|Q[10]     ; clk          ; clk         ; 1.000        ; -0.059     ; 2.386      ;
; -1.450 ; Datapath:datapath|regne:reg_mul1|Q[4]                        ; Datapath:datapath|Multiplier:multiplier|shiftrne:ShiftB|Q[3] ; clk          ; clk         ; 1.000        ; -0.064     ; 2.381      ;
; -1.444 ; Datapath:datapath|Multiplier:multiplier|shiftlne:ShiftA|Q[1] ; Datapath:datapath|Multiplier:multiplier|regne:RegP|Q[11]     ; clk          ; clk         ; 1.000        ; -0.059     ; 2.380      ;
; -1.444 ; Datapath:datapath|regne:reg_mul1|Q[3]                        ; Datapath:datapath|Multiplier:multiplier|shiftrne:ShiftB|Q[0] ; clk          ; clk         ; 1.000        ; -0.064     ; 2.375      ;
; -1.440 ; Datapath:datapath|regne:reg_mul1|Q[5]                        ; Datapath:datapath|Multiplier:multiplier|shiftrne:ShiftB|Q[3] ; clk          ; clk         ; 1.000        ; -0.064     ; 2.371      ;
; -1.435 ; Datapath:datapath|Multiplier:multiplier|shiftlne:ShiftA|Q[2] ; Datapath:datapath|Multiplier:multiplier|regne:RegP|Q[13]     ; clk          ; clk         ; 1.000        ; -0.059     ; 2.371      ;
; -1.430 ; Datapath:datapath|regne:reg_mul1|Q[6]                        ; Datapath:datapath|Multiplier:multiplier|shiftrne:ShiftB|Q[5] ; clk          ; clk         ; 1.000        ; -0.064     ; 2.361      ;
; -1.427 ; Datapath:datapath|Multiplier:multiplier|shiftlne:ShiftA|Q[3] ; Datapath:datapath|Multiplier:multiplier|regne:RegP|Q[12]     ; clk          ; clk         ; 1.000        ; -0.059     ; 2.363      ;
; -1.421 ; Datapath:datapath|Multiplier:multiplier|shiftlne:ShiftA|Q[3] ; Datapath:datapath|Multiplier:multiplier|regne:RegP|Q[13]     ; clk          ; clk         ; 1.000        ; -0.059     ; 2.357      ;
; -1.419 ; Datapath:datapath|regne:reg_mul1|Q[4]                        ; Datapath:datapath|Multiplier:multiplier|shiftrne:ShiftB|Q[6] ; clk          ; clk         ; 1.000        ; -0.064     ; 2.350      ;
; -1.414 ; Datapath:datapath|Multiplier:multiplier|regne:RegP|Q[5]      ; Datapath:datapath|regne:y_reg|Q[7]                           ; clk          ; clk         ; 1.000        ; -0.074     ; 2.335      ;
; -1.414 ; Datapath:datapath|regne:reg_mul1|Q[7]                        ; Datapath:datapath|Multiplier:multiplier|shiftrne:ShiftB|Q[5] ; clk          ; clk         ; 1.000        ; -0.064     ; 2.345      ;
; -1.392 ; Datapath:datapath|regne:reg_mul1|Q[2]                        ; Datapath:datapath|Multiplier:multiplier|shiftrne:ShiftB|Q[1] ; clk          ; clk         ; 1.000        ; -0.064     ; 2.323      ;
; -1.391 ; Datapath:datapath|Multiplier:multiplier|regne:RegP|Q[0]      ; Datapath:datapath|regne:y_reg|Q[2]                           ; clk          ; clk         ; 1.000        ; -0.074     ; 2.312      ;
; -1.390 ; Datapath:datapath|Multiplier:multiplier|regne:RegP|Q[6]      ; Datapath:datapath|regne:y_reg|Q[8]                           ; clk          ; clk         ; 1.000        ; -0.074     ; 2.311      ;
; -1.388 ; Datapath:datapath|Multiplier:multiplier|regne:RegP|Q[12]     ; Datapath:datapath|regne:y_reg|Q[14]                          ; clk          ; clk         ; 1.000        ; -0.074     ; 2.309      ;
; -1.385 ; Datapath:datapath|regne:reg_mul1|Q[5]                        ; Datapath:datapath|Multiplier:multiplier|shiftrne:ShiftB|Q[4] ; clk          ; clk         ; 1.000        ; -0.064     ; 2.316      ;
; -1.385 ; Datapath:datapath|Multiplier:multiplier|shiftlne:ShiftA|Q[4] ; Datapath:datapath|Multiplier:multiplier|regne:RegP|Q[13]     ; clk          ; clk         ; 1.000        ; -0.059     ; 2.321      ;
; -1.384 ; Datapath:datapath|Multiplier:multiplier|regne:RegP|Q[3]      ; Datapath:datapath|regne:y_reg|Q[5]                           ; clk          ; clk         ; 1.000        ; -0.074     ; 2.305      ;
; -1.382 ; Datapath:datapath|regne:reg_mul1|Q[7]                        ; Datapath:datapath|Multiplier:multiplier|shiftrne:ShiftB|Q[6] ; clk          ; clk         ; 1.000        ; -0.064     ; 2.313      ;
; -1.382 ; Datapath:datapath|regne:reg_mul1|Q[3]                        ; Datapath:datapath|Multiplier:multiplier|shiftrne:ShiftB|Q[2] ; clk          ; clk         ; 1.000        ; -0.064     ; 2.313      ;
; -1.376 ; Datapath:datapath|Multiplier:multiplier|regne:RegP|Q[10]     ; Datapath:datapath|regne:y_reg|Q[12]                          ; clk          ; clk         ; 1.000        ; -0.074     ; 2.297      ;
; -1.358 ; Datapath:datapath|Multiplier:multiplier|regne:RegP|Q[2]      ; Datapath:datapath|regne:y_reg|Q[4]                           ; clk          ; clk         ; 1.000        ; -0.074     ; 2.279      ;
; -1.358 ; Datapath:datapath|regne:reg_mul1|Q[10]                       ; Datapath:datapath|Multiplier:multiplier|shiftrne:ShiftB|Q[7] ; clk          ; clk         ; 1.000        ; -0.063     ; 2.290      ;
; -1.357 ; Datapath:datapath|Multiplier:multiplier|regne:RegP|Q[8]      ; Datapath:datapath|regne:y_reg|Q[10]                          ; clk          ; clk         ; 1.000        ; -0.074     ; 2.278      ;
; -1.342 ; Datapath:datapath|Multiplier:multiplier|shiftlne:ShiftA|Q[2] ; Datapath:datapath|Multiplier:multiplier|regne:RegP|Q[12]     ; clk          ; clk         ; 1.000        ; -0.059     ; 2.278      ;
; -1.339 ; Datapath:datapath|regne:reg_mul1|Q[11]                       ; Datapath:datapath|Multiplier:multiplier|shiftrne:ShiftB|Q[7] ; clk          ; clk         ; 1.000        ; -0.063     ; 2.271      ;
; -1.335 ; Datapath:datapath|Multiplier:multiplier|regne:RegP|Q[11]     ; Datapath:datapath|regne:y_reg|Q[13]                          ; clk          ; clk         ; 1.000        ; -0.074     ; 2.256      ;
; -1.335 ; Datapath:datapath|regne:reg_mul1|Q[6]                        ; Datapath:datapath|Multiplier:multiplier|shiftrne:ShiftB|Q[3] ; clk          ; clk         ; 1.000        ; -0.064     ; 2.266      ;
; -1.334 ; Datapath:datapath|Multiplier:multiplier|shiftlne:ShiftA|Q[1] ; Datapath:datapath|Multiplier:multiplier|regne:RegP|Q[8]      ; clk          ; clk         ; 1.000        ; -0.059     ; 2.270      ;
; -1.329 ; Datapath:datapath|Multiplier:multiplier|regne:RegP|Q[1]      ; Datapath:datapath|regne:y_reg|Q[3]                           ; clk          ; clk         ; 1.000        ; -0.074     ; 2.250      ;
; -1.329 ; Datapath:datapath|regne:reg_mul1|Q[5]                        ; Datapath:datapath|Multiplier:multiplier|shiftrne:ShiftB|Q[0] ; clk          ; clk         ; 1.000        ; -0.064     ; 2.260      ;
; -1.328 ; Datapath:datapath|Multiplier:multiplier|shiftlne:ShiftA|Q[1] ; Datapath:datapath|Multiplier:multiplier|regne:RegP|Q[9]      ; clk          ; clk         ; 1.000        ; -0.059     ; 2.264      ;
; -1.322 ; Datapath:datapath|regne:reg_mul1|Q[7]                        ; Datapath:datapath|Multiplier:multiplier|shiftrne:ShiftB|Q[3] ; clk          ; clk         ; 1.000        ; -0.064     ; 2.253      ;
; -1.322 ; Datapath:datapath|Multiplier:multiplier|shiftlne:ShiftA|Q[5] ; Datapath:datapath|Multiplier:multiplier|regne:RegP|Q[12]     ; clk          ; clk         ; 1.000        ; -0.059     ; 2.258      ;
; -1.319 ; Datapath:datapath|Multiplier:multiplier|shiftlne:ShiftA|Q[2] ; Datapath:datapath|Multiplier:multiplier|regne:RegP|Q[11]     ; clk          ; clk         ; 1.000        ; -0.059     ; 2.255      ;
; -1.318 ; Datapath:datapath|regne:reg_mul1|Q[8]                        ; Datapath:datapath|Multiplier:multiplier|shiftrne:ShiftB|Q[5] ; clk          ; clk         ; 1.000        ; -0.064     ; 2.249      ;
; -1.316 ; Datapath:datapath|Multiplier:multiplier|shiftlne:ShiftA|Q[5] ; Datapath:datapath|Multiplier:multiplier|regne:RegP|Q[13]     ; clk          ; clk         ; 1.000        ; -0.059     ; 2.252      ;
; -1.311 ; Datapath:datapath|Multiplier:multiplier|shiftlne:ShiftA|Q[3] ; Datapath:datapath|Multiplier:multiplier|regne:RegP|Q[10]     ; clk          ; clk         ; 1.000        ; -0.059     ; 2.247      ;
; -1.307 ; Datapath:datapath|Multiplier:multiplier|regne:RegP|Q[0]      ; Datapath:datapath|Multiplier:multiplier|regne:RegP|Q[13]     ; clk          ; clk         ; 1.000        ; -0.063     ; 2.239      ;
; -1.306 ; Datapath:datapath|regne:reg_mul1|Q[6]                        ; Datapath:datapath|Multiplier:multiplier|shiftrne:ShiftB|Q[6] ; clk          ; clk         ; 1.000        ; -0.064     ; 2.237      ;
; -1.306 ; Datapath:datapath|Multiplier:multiplier|shiftlne:ShiftA|Q[0] ; Datapath:datapath|Multiplier:multiplier|regne:RegP|Q[13]     ; clk          ; clk         ; 1.000        ; -0.059     ; 2.242      ;
; -1.305 ; Datapath:datapath|Multiplier:multiplier|shiftlne:ShiftA|Q[3] ; Datapath:datapath|Multiplier:multiplier|regne:RegP|Q[11]     ; clk          ; clk         ; 1.000        ; -0.059     ; 2.241      ;
; -1.304 ; Datapath:datapath|regne:reg_mul1|Q[4]                        ; Datapath:datapath|Multiplier:multiplier|shiftrne:ShiftB|Q[4] ; clk          ; clk         ; 1.000        ; -0.064     ; 2.235      ;
; -1.302 ; Datapath:datapath|regne:reg_mul1|Q[9]                        ; Datapath:datapath|Multiplier:multiplier|shiftrne:ShiftB|Q[5] ; clk          ; clk         ; 1.000        ; -0.064     ; 2.233      ;
; -1.282 ; Datapath:datapath|Multiplier:multiplier|shiftlne:ShiftA|Q[4] ; Datapath:datapath|Multiplier:multiplier|regne:RegP|Q[12]     ; clk          ; clk         ; 1.000        ; -0.059     ; 2.218      ;
; -1.270 ; Datapath:datapath|regne:reg_mul1|Q[9]                        ; Datapath:datapath|Multiplier:multiplier|shiftrne:ShiftB|Q[6] ; clk          ; clk         ; 1.000        ; -0.064     ; 2.201      ;
; -1.269 ; Datapath:datapath|Multiplier:multiplier|shiftlne:ShiftA|Q[4] ; Datapath:datapath|Multiplier:multiplier|regne:RegP|Q[11]     ; clk          ; clk         ; 1.000        ; -0.059     ; 2.205      ;
; -1.267 ; Datapath:datapath|regne:reg_mul1|Q[7]                        ; Datapath:datapath|Multiplier:multiplier|shiftrne:ShiftB|Q[4] ; clk          ; clk         ; 1.000        ; -0.064     ; 2.198      ;
; -1.267 ; Datapath:datapath|regne:reg_mul1|Q[5]                        ; Datapath:datapath|Multiplier:multiplier|shiftrne:ShiftB|Q[2] ; clk          ; clk         ; 1.000        ; -0.064     ; 2.198      ;
; -1.248 ; Datapath:datapath|regne:reg_mul1|Q[4]                        ; Datapath:datapath|Multiplier:multiplier|shiftrne:ShiftB|Q[0] ; clk          ; clk         ; 1.000        ; -0.064     ; 2.179      ;
; -1.244 ; Datapath:datapath|Multiplier:multiplier|shiftlne:ShiftA|Q[6] ; Datapath:datapath|Multiplier:multiplier|regne:RegP|Q[13]     ; clk          ; clk         ; 1.000        ; -0.059     ; 2.180      ;
; -1.239 ; Datapath:datapath|regne:reg_mul1|Q[12]                       ; Datapath:datapath|Multiplier:multiplier|shiftrne:ShiftB|Q[7] ; clk          ; clk         ; 1.000        ; -0.063     ; 2.171      ;
; -1.234 ; Datapath:datapath|regne:reg_mul1|Q[3]                        ; Datapath:datapath|Multiplier:multiplier|shiftrne:ShiftB|Q[1] ; clk          ; clk         ; 1.000        ; -0.064     ; 2.165      ;
; -1.226 ; Datapath:datapath|Multiplier:multiplier|regne:RegP|Q[0]      ; Datapath:datapath|Multiplier:multiplier|regne:RegP|Q[12]     ; clk          ; clk         ; 1.000        ; -0.063     ; 2.158      ;
; -1.226 ; Datapath:datapath|Multiplier:multiplier|shiftlne:ShiftA|Q[2] ; Datapath:datapath|Multiplier:multiplier|regne:RegP|Q[10]     ; clk          ; clk         ; 1.000        ; -0.059     ; 2.162      ;
; -1.223 ; Datapath:datapath|regne:reg_mul1|Q[8]                        ; Datapath:datapath|Multiplier:multiplier|shiftrne:ShiftB|Q[3] ; clk          ; clk         ; 1.000        ; -0.064     ; 2.154      ;
; -1.221 ; Datapath:datapath|regne:reg_mul1|Q[13]                       ; Datapath:datapath|Multiplier:multiplier|shiftrne:ShiftB|Q[7] ; clk          ; clk         ; 1.000        ; -0.063     ; 2.153      ;
; -1.218 ; Datapath:datapath|Multiplier:multiplier|shiftlne:ShiftA|Q[1] ; Datapath:datapath|Multiplier:multiplier|regne:RegP|Q[6]      ; clk          ; clk         ; 1.000        ; -0.059     ; 2.154      ;
; -1.218 ; Datapath:datapath|Multiplier:multiplier|shiftlne:ShiftA|Q[7] ; Datapath:datapath|Multiplier:multiplier|regne:RegP|Q[12]     ; clk          ; clk         ; 1.000        ; -0.059     ; 2.154      ;
; -1.212 ; Datapath:datapath|Multiplier:multiplier|shiftlne:ShiftA|Q[1] ; Datapath:datapath|Multiplier:multiplier|regne:RegP|Q[7]      ; clk          ; clk         ; 1.000        ; -0.059     ; 2.148      ;
; -1.212 ; Datapath:datapath|Multiplier:multiplier|shiftlne:ShiftA|Q[7] ; Datapath:datapath|Multiplier:multiplier|regne:RegP|Q[13]     ; clk          ; clk         ; 1.000        ; -0.059     ; 2.148      ;
; -1.212 ; Datapath:datapath|Multiplier:multiplier|shiftlne:ShiftA|Q[0] ; Datapath:datapath|Multiplier:multiplier|regne:RegP|Q[12]     ; clk          ; clk         ; 1.000        ; -0.059     ; 2.148      ;
; -1.211 ; Datapath:datapath|regne:reg_mul1|Q[7]                        ; Datapath:datapath|Multiplier:multiplier|shiftrne:ShiftB|Q[0] ; clk          ; clk         ; 1.000        ; -0.064     ; 2.142      ;
; -1.210 ; Datapath:datapath|regne:reg_mul1|Q[9]                        ; Datapath:datapath|Multiplier:multiplier|shiftrne:ShiftB|Q[3] ; clk          ; clk         ; 1.000        ; -0.064     ; 2.141      ;
; -1.206 ; Datapath:datapath|Multiplier:multiplier|shiftlne:ShiftA|Q[5] ; Datapath:datapath|Multiplier:multiplier|regne:RegP|Q[10]     ; clk          ; clk         ; 1.000        ; -0.059     ; 2.142      ;
; -1.203 ; Datapath:datapath|Multiplier:multiplier|shiftlne:ShiftA|Q[2] ; Datapath:datapath|Multiplier:multiplier|regne:RegP|Q[9]      ; clk          ; clk         ; 1.000        ; -0.059     ; 2.139      ;
; -1.201 ; Datapath:datapath|regne:reg_mul1|Q[10]                       ; Datapath:datapath|Multiplier:multiplier|shiftrne:ShiftB|Q[5] ; clk          ; clk         ; 1.000        ; -0.064     ; 2.132      ;
; -1.200 ; Datapath:datapath|Multiplier:multiplier|shiftlne:ShiftA|Q[5] ; Datapath:datapath|Multiplier:multiplier|regne:RegP|Q[11]     ; clk          ; clk         ; 1.000        ; -0.059     ; 2.136      ;
; -1.199 ; Datapath:datapath|Multiplier:multiplier|regne:RegP|Q[9]      ; Datapath:datapath|regne:y_reg|Q[11]                          ; clk          ; clk         ; 1.000        ; -0.075     ; 2.119      ;
; -1.195 ; Datapath:datapath|Multiplier:multiplier|shiftlne:ShiftA|Q[3] ; Datapath:datapath|Multiplier:multiplier|regne:RegP|Q[8]      ; clk          ; clk         ; 1.000        ; -0.059     ; 2.131      ;
; -1.191 ; Datapath:datapath|regne:reg_mul1|Q[6]                        ; Datapath:datapath|Multiplier:multiplier|shiftrne:ShiftB|Q[4] ; clk          ; clk         ; 1.000        ; -0.064     ; 2.122      ;
; -1.191 ; Datapath:datapath|Multiplier:multiplier|regne:RegP|Q[0]      ; Datapath:datapath|Multiplier:multiplier|regne:RegP|Q[11]     ; clk          ; clk         ; 1.000        ; -0.063     ; 2.123      ;
; -1.190 ; Datapath:datapath|Multiplier:multiplier|shiftlne:ShiftA|Q[0] ; Datapath:datapath|Multiplier:multiplier|regne:RegP|Q[11]     ; clk          ; clk         ; 1.000        ; -0.059     ; 2.126      ;
; -1.189 ; Datapath:datapath|Multiplier:multiplier|shiftlne:ShiftA|Q[3] ; Datapath:datapath|Multiplier:multiplier|regne:RegP|Q[9]      ; clk          ; clk         ; 1.000        ; -0.059     ; 2.125      ;
; -1.187 ; Datapath:datapath|Multiplier:multiplier|regne:RegP|Q[7]      ; Datapath:datapath|regne:y_reg|Q[9]                           ; clk          ; clk         ; 1.000        ; -0.074     ; 2.108      ;
; -1.187 ; Datapath:datapath|regne:reg_mul1|Q[8]                        ; Datapath:datapath|Multiplier:multiplier|shiftrne:ShiftB|Q[6] ; clk          ; clk         ; 1.000        ; -0.064     ; 2.118      ;
+--------+--------------------------------------------------------------+--------------------------------------------------------------+--------------+-------------+--------------+------------+------------+


+----------------------------------------------------------------------------------------------------------------------------------------------------------------------------------------------------+
; Slow 1200mV 85C Model Hold: 'Controller:control|y.REPORT'                                                                                                                                          ;
+--------+-------------------------------------------------+------------------------------------+-----------------------------+-----------------------------+--------------+------------+------------+
; Slack  ; From Node                                       ; To Node                            ; Launch Clock                ; Latch Clock                 ; Relationship ; Clock Skew ; Data Delay ;
+--------+-------------------------------------------------+------------------------------------+-----------------------------+-----------------------------+--------------+------------+------------+
; -2.530 ; Controller:control|y.IDLE                       ; Controller:control|Y.IDLE_315      ; Controller:control|y.IDLE   ; Controller:control|y.REPORT ; 0.000        ; 3.406      ; 1.095      ;
; -2.511 ; Controller:control|y.IDLE                       ; Controller:control|Y.LOAD_307      ; Controller:control|y.IDLE   ; Controller:control|y.REPORT ; 0.000        ; 3.406      ; 1.114      ;
; -1.967 ; Controller:control|y.IDLE                       ; Controller:control|Y.LOAD_307      ; Controller:control|y.IDLE   ; Controller:control|y.REPORT ; -0.500       ; 3.406      ; 1.158      ;
; -1.929 ; Controller:control|y.IDLE                       ; Controller:control|Y.IDLE_315      ; Controller:control|y.IDLE   ; Controller:control|y.REPORT ; -0.500       ; 3.406      ; 1.196      ;
; -0.471 ; Controller:control|y.REPORT                     ; Controller:control|ack             ; Controller:control|y.REPORT ; Controller:control|y.REPORT ; 0.000        ; 1.182      ; 0.910      ;
; -0.086 ; Controller:control|y.IDLE                       ; Controller:control|LA              ; Controller:control|y.IDLE   ; Controller:control|y.REPORT ; 0.000        ; 1.178      ; 1.311      ;
; -0.045 ; Controller:control|y.REPORT                     ; Controller:control|ack             ; Controller:control|y.REPORT ; Controller:control|y.REPORT ; -0.500       ; 1.182      ; 0.856      ;
; 0.353  ; Controller:control|y.SAVE_Y                     ; Controller:control|Y.REPORT_259    ; clk                         ; Controller:control|y.REPORT ; 0.000        ; 0.698      ; 1.081      ;
; 0.509  ; Controller:control|y.IDLE                       ; Controller:control|LA              ; Controller:control|y.IDLE   ; Controller:control|y.REPORT ; -0.500       ; 1.178      ; 1.406      ;
; 0.537  ; Datapath:datapath|Counter_4bit:counter|count[1] ; Controller:control|Y.REPORT_259    ; clk                         ; Controller:control|y.REPORT ; 0.000        ; 0.846      ; 1.413      ;
; 0.624  ; Controller:control|y.MUL2                       ; Controller:control|Y.SAVE_Y_267    ; clk                         ; Controller:control|y.REPORT ; 0.000        ; 0.716      ; 1.370      ;
; 0.650  ; Datapath:datapath|Counter_4bit:counter|count[0] ; Controller:control|Y.REPORT_259    ; clk                         ; Controller:control|y.REPORT ; 0.000        ; 0.846      ; 1.526      ;
; 0.716  ; Datapath:datapath|Multiplier:multiplier|y.S3    ; Controller:control|Y.SAVE_Y_267    ; clk                         ; Controller:control|y.REPORT ; 0.000        ; 0.914      ; 1.660      ;
; 0.740  ; Datapath:datapath|Multiplier:multiplier|y.S3    ; Controller:control|Y.SAVE_MUL1_291 ; clk                         ; Controller:control|y.REPORT ; 0.000        ; 0.701      ; 1.471      ;
; 0.765  ; Controller:control|y.MUL1                       ; Controller:control|Y.SAVE_MUL1_291 ; clk                         ; Controller:control|y.REPORT ; 0.000        ; 0.539      ; 1.334      ;
; 0.793  ; Datapath:datapath|Counter_4bit:counter|count[1] ; Controller:control|Y.MUL1_299      ; clk                         ; Controller:control|y.REPORT ; 0.000        ; 0.642      ; 1.465      ;
; 0.815  ; Datapath:datapath|Counter_4bit:counter|count[3] ; Controller:control|Y.REPORT_259    ; clk                         ; Controller:control|y.REPORT ; 0.000        ; 0.846      ; 1.691      ;
; 0.821  ; Datapath:datapath|Multiplier:multiplier|y.S3    ; Controller:control|Y.MUL1_299      ; clk                         ; Controller:control|y.REPORT ; 0.000        ; 0.695      ; 1.546      ;
; 0.853  ; Datapath:datapath|Counter_4bit:counter|count[2] ; Controller:control|Y.REPORT_259    ; clk                         ; Controller:control|y.REPORT ; 0.000        ; 0.846      ; 1.729      ;
; 0.878  ; Controller:control|y.SAVE_MUL1                  ; Controller:control|Y.SUB_283       ; clk                         ; Controller:control|y.REPORT ; 0.000        ; 0.389      ; 1.297      ;
; 0.880  ; Controller:control|y.LOAD                       ; Controller:control|Y.MUL1_299      ; clk                         ; Controller:control|y.REPORT ; 0.000        ; 0.494      ; 1.404      ;
; 0.883  ; Controller:control|y.MUL2                       ; Controller:control|Y.MUL2_275      ; clk                         ; Controller:control|y.REPORT ; 0.000        ; 0.504      ; 1.417      ;
; 0.891  ; Controller:control|y.MUL1                       ; Controller:control|Y.MUL1_299      ; clk                         ; Controller:control|y.REPORT ; 0.000        ; 0.533      ; 1.454      ;
; 0.906  ; Datapath:datapath|Counter_4bit:counter|count[0] ; Controller:control|Y.MUL1_299      ; clk                         ; Controller:control|y.REPORT ; 0.000        ; 0.642      ; 1.578      ;
; 0.977  ; Controller:control|y.SUB                        ; Controller:control|Y.MUL2_275      ; clk                         ; Controller:control|y.REPORT ; 0.000        ; 0.504      ; 1.511      ;
; 1.096  ; Datapath:datapath|Counter_4bit:counter|count[3] ; Controller:control|Y.MUL1_299      ; clk                         ; Controller:control|y.REPORT ; 0.000        ; 0.642      ; 1.768      ;
; 1.096  ; Datapath:datapath|Multiplier:multiplier|y.S3    ; Controller:control|Y.MUL2_275      ; clk                         ; Controller:control|y.REPORT ; 0.000        ; 0.702      ; 1.828      ;
; 1.102  ; Controller:control|y.SAVE_Y                     ; Controller:control|Y.MUL1_299      ; clk                         ; Controller:control|y.REPORT ; 0.000        ; 0.494      ; 1.626      ;
; 1.134  ; Datapath:datapath|Counter_4bit:counter|count[2] ; Controller:control|Y.MUL1_299      ; clk                         ; Controller:control|y.REPORT ; 0.000        ; 0.642      ; 1.806      ;
; 2.854  ; Controller:control|y.SAVE_Y                     ; Controller:control|LA              ; clk                         ; Controller:control|y.REPORT ; 0.000        ; -1.696     ; 1.188      ;
; 2.934  ; Controller:control|y.SUB                        ; Controller:control|LA              ; clk                         ; Controller:control|y.REPORT ; 0.000        ; -1.693     ; 1.271      ;
; 3.202  ; Controller:control|y.SAVE_Y                     ; Controller:control|ack             ; clk                         ; Controller:control|y.REPORT ; -0.500       ; -1.692     ; 1.040      ;
+--------+-------------------------------------------------+------------------------------------+-----------------------------+-----------------------------+--------------+------------+------------+


+-------------------------------------------------------------------------------------------------------------------------------------------------------------------+
; Slow 1200mV 85C Model Hold: 'Controller:control|y.IDLE'                                                                                                           ;
+--------+-----------------------------+-------------------------+-----------------------------+---------------------------+--------------+------------+------------+
; Slack  ; From Node                   ; To Node                 ; Launch Clock                ; Latch Clock               ; Relationship ; Clock Skew ; Data Delay ;
+--------+-----------------------------+-------------------------+-----------------------------+---------------------------+--------------+------------+------------+
; -0.829 ; Controller:control|y.IDLE   ; Controller:control|LA   ; Controller:control|y.IDLE   ; Controller:control|y.IDLE ; 0.000        ; 2.036      ; 1.406      ;
; -0.444 ; Controller:control|y.IDLE   ; Controller:control|LA   ; Controller:control|y.IDLE   ; Controller:control|y.IDLE ; -0.500       ; 2.036      ; 1.311      ;
; -0.376 ; Controller:control|y.IDLE   ; Controller:control|LB   ; Controller:control|y.IDLE   ; Controller:control|y.IDLE ; 0.000        ; 2.054      ; 1.877      ;
; -0.252 ; Controller:control|y.IDLE   ; Controller:control|en3  ; Controller:control|y.IDLE   ; Controller:control|y.IDLE ; 0.000        ; 1.238      ; 1.185      ;
; -0.210 ; Controller:control|y.REPORT ; Controller:control|ack  ; Controller:control|y.REPORT ; Controller:control|y.IDLE ; 0.000        ; 0.847      ; 0.856      ;
; 0.150  ; Controller:control|y.IDLE   ; Controller:control|LB   ; Controller:control|y.IDLE   ; Controller:control|y.IDLE ; -0.500       ; 2.054      ; 1.923      ;
; 0.278  ; Controller:control|y.IDLE   ; Controller:control|en3  ; Controller:control|y.IDLE   ; Controller:control|y.IDLE ; -0.500       ; 1.238      ; 1.235      ;
; 0.344  ; Controller:control|y.REPORT ; Controller:control|ack  ; Controller:control|y.REPORT ; Controller:control|y.IDLE ; -0.500       ; 0.847      ; 0.910      ;
; 2.122  ; Controller:control|y.MUL2   ; Controller:control|s    ; clk                         ; Controller:control|y.IDLE ; 0.000        ; -0.697     ; 1.455      ;
; 2.286  ; Controller:control|y.SUB    ; Controller:control|sel2 ; clk                         ; Controller:control|y.IDLE ; 0.000        ; -1.224     ; 1.092      ;
; 2.371  ; Controller:control|y.SAVE_Y ; Controller:control|LB   ; clk                         ; Controller:control|y.IDLE ; 0.000        ; -0.820     ; 1.581      ;
; 2.372  ; Controller:control|y.MUL1   ; Controller:control|en4  ; clk                         ; Controller:control|y.IDLE ; 0.000        ; -1.140     ; 1.262      ;
; 2.420  ; Controller:control|y.LOAD   ; Controller:control|sel1 ; clk                         ; Controller:control|y.IDLE ; 0.000        ; -1.207     ; 1.243      ;
; 2.464  ; Controller:control|y.SAVE_Y ; Controller:control|en2  ; clk                         ; Controller:control|y.IDLE ; 0.000        ; -1.390     ; 1.104      ;
; 2.465  ; Controller:control|y.LOAD   ; Controller:control|LB   ; clk                         ; Controller:control|y.IDLE ; 0.000        ; -0.820     ; 1.675      ;
; 2.496  ; Controller:control|y.SAVE_Y ; Controller:control|LA   ; clk                         ; Controller:control|y.IDLE ; -0.500       ; -0.838     ; 1.188      ;
; 2.524  ; Controller:control|y.MUL1   ; Controller:control|s    ; clk                         ; Controller:control|y.IDLE ; 0.000        ; -0.661     ; 1.893      ;
; 2.576  ; Controller:control|y.SUB    ; Controller:control|LA   ; clk                         ; Controller:control|y.IDLE ; -0.500       ; -0.835     ; 1.271      ;
; 2.577  ; Controller:control|y.SUB    ; Controller:control|LB   ; clk                         ; Controller:control|y.IDLE ; 0.000        ; -0.817     ; 1.790      ;
; 2.953  ; Controller:control|y.MUL2   ; Controller:control|en3  ; clk                         ; Controller:control|y.IDLE ; 0.000        ; -1.633     ; 1.350      ;
; 3.037  ; Controller:control|y.SAVE_Y ; Controller:control|ack  ; clk                         ; Controller:control|y.IDLE ; 0.000        ; -2.027     ; 1.040      ;
+--------+-----------------------------+-------------------------+-----------------------------+---------------------------+--------------+------------+------------+


+----------------------------------------------------------------------------------------------------------------------------------------------------------------------------------------------------------------------------+
; Slow 1200mV 85C Model Hold: 'clk'                                                                                                                                                                                          ;
+--------+--------------------------------------------------------------+---------------------------------------------------------------+-----------------------------+-------------+--------------+------------+------------+
; Slack  ; From Node                                                    ; To Node                                                       ; Launch Clock                ; Latch Clock ; Relationship ; Clock Skew ; Data Delay ;
+--------+--------------------------------------------------------------+---------------------------------------------------------------+-----------------------------+-------------+--------------+------------+------------+
; -0.329 ; Controller:control|LA                                        ; Datapath:datapath|Multiplier:multiplier|shiftlne:ShiftA|Q[0]  ; Controller:control|y.REPORT ; clk         ; 0.000        ; 1.259      ; 1.117      ;
; -0.224 ; Controller:control|en3                                       ; Datapath:datapath|regne:y_reg|Q[11]                           ; Controller:control|y.IDLE   ; clk         ; 0.000        ; 1.199      ; 1.162      ;
; -0.162 ; Controller:control|LA                                        ; Datapath:datapath|Multiplier:multiplier|shiftlne:ShiftA|Q[13] ; Controller:control|y.REPORT ; clk         ; 0.000        ; 1.259      ; 1.284      ;
; -0.161 ; Controller:control|LA                                        ; Datapath:datapath|Multiplier:multiplier|shiftlne:ShiftA|Q[8]  ; Controller:control|y.REPORT ; clk         ; 0.000        ; 1.259      ; 1.285      ;
; -0.160 ; Controller:control|LA                                        ; Datapath:datapath|Multiplier:multiplier|shiftlne:ShiftA|Q[4]  ; Controller:control|y.REPORT ; clk         ; 0.000        ; 1.259      ; 1.286      ;
; -0.159 ; Controller:control|LA                                        ; Datapath:datapath|Multiplier:multiplier|shiftlne:ShiftA|Q[9]  ; Controller:control|y.REPORT ; clk         ; 0.000        ; 1.259      ; 1.287      ;
; -0.149 ; Controller:control|LA                                        ; Datapath:datapath|Multiplier:multiplier|shiftlne:ShiftA|Q[12] ; Controller:control|y.REPORT ; clk         ; 0.000        ; 1.259      ; 1.297      ;
; -0.148 ; Controller:control|LA                                        ; Datapath:datapath|Multiplier:multiplier|shiftlne:ShiftA|Q[11] ; Controller:control|y.REPORT ; clk         ; 0.000        ; 1.259      ; 1.298      ;
; -0.146 ; Controller:control|LA                                        ; Datapath:datapath|Multiplier:multiplier|shiftlne:ShiftA|Q[2]  ; Controller:control|y.REPORT ; clk         ; 0.000        ; 1.259      ; 1.300      ;
; -0.142 ; Controller:control|LA                                        ; Datapath:datapath|Multiplier:multiplier|shiftlne:ShiftA|Q[10] ; Controller:control|y.REPORT ; clk         ; 0.000        ; 1.259      ; 1.304      ;
; -0.142 ; Controller:control|en3                                       ; Datapath:datapath|regne:y_reg|Q[15]                           ; Controller:control|y.IDLE   ; clk         ; 0.000        ; 1.200      ; 1.245      ;
; -0.142 ; Controller:control|en3                                       ; Datapath:datapath|regne:y_reg|Q[14]                           ; Controller:control|y.IDLE   ; clk         ; 0.000        ; 1.200      ; 1.245      ;
; -0.142 ; Controller:control|en3                                       ; Datapath:datapath|regne:y_reg|Q[10]                           ; Controller:control|y.IDLE   ; clk         ; 0.000        ; 1.200      ; 1.245      ;
; -0.142 ; Controller:control|en3                                       ; Datapath:datapath|regne:y_reg|Q[12]                           ; Controller:control|y.IDLE   ; clk         ; 0.000        ; 1.200      ; 1.245      ;
; -0.142 ; Controller:control|en3                                       ; Datapath:datapath|regne:y_reg|Q[13]                           ; Controller:control|y.IDLE   ; clk         ; 0.000        ; 1.200      ; 1.245      ;
; -0.142 ; Controller:control|en3                                       ; Datapath:datapath|regne:y_reg|Q[9]                            ; Controller:control|y.IDLE   ; clk         ; 0.000        ; 1.200      ; 1.245      ;
; -0.142 ; Controller:control|en3                                       ; Datapath:datapath|regne:y_reg|Q[8]                            ; Controller:control|y.IDLE   ; clk         ; 0.000        ; 1.200      ; 1.245      ;
; -0.142 ; Controller:control|en3                                       ; Datapath:datapath|regne:y_reg|Q[2]                            ; Controller:control|y.IDLE   ; clk         ; 0.000        ; 1.200      ; 1.245      ;
; -0.142 ; Controller:control|en3                                       ; Datapath:datapath|regne:y_reg|Q[3]                            ; Controller:control|y.IDLE   ; clk         ; 0.000        ; 1.200      ; 1.245      ;
; -0.142 ; Controller:control|en3                                       ; Datapath:datapath|regne:y_reg|Q[4]                            ; Controller:control|y.IDLE   ; clk         ; 0.000        ; 1.200      ; 1.245      ;
; -0.142 ; Controller:control|en3                                       ; Datapath:datapath|regne:y_reg|Q[5]                            ; Controller:control|y.IDLE   ; clk         ; 0.000        ; 1.200      ; 1.245      ;
; -0.142 ; Controller:control|en3                                       ; Datapath:datapath|regne:y_reg|Q[6]                            ; Controller:control|y.IDLE   ; clk         ; 0.000        ; 1.200      ; 1.245      ;
; -0.142 ; Controller:control|en3                                       ; Datapath:datapath|regne:y_reg|Q[7]                            ; Controller:control|y.IDLE   ; clk         ; 0.000        ; 1.200      ; 1.245      ;
; -0.141 ; Controller:control|LA                                        ; Datapath:datapath|Multiplier:multiplier|shiftlne:ShiftA|Q[1]  ; Controller:control|y.REPORT ; clk         ; 0.000        ; 1.259      ; 1.305      ;
; -0.140 ; Controller:control|LA                                        ; Datapath:datapath|Multiplier:multiplier|shiftlne:ShiftA|Q[6]  ; Controller:control|y.REPORT ; clk         ; 0.000        ; 1.259      ; 1.306      ;
; -0.139 ; Controller:control|LA                                        ; Datapath:datapath|Multiplier:multiplier|shiftlne:ShiftA|Q[3]  ; Controller:control|y.REPORT ; clk         ; 0.000        ; 1.259      ; 1.307      ;
; -0.139 ; Controller:control|LA                                        ; Datapath:datapath|Multiplier:multiplier|shiftlne:ShiftA|Q[5]  ; Controller:control|y.REPORT ; clk         ; 0.000        ; 1.259      ; 1.307      ;
; -0.138 ; Controller:control|LA                                        ; Datapath:datapath|Multiplier:multiplier|shiftlne:ShiftA|Q[7]  ; Controller:control|y.REPORT ; clk         ; 0.000        ; 1.259      ; 1.308      ;
; 0.018  ; Controller:control|Y.SUB_283                                 ; Controller:control|y.SUB                                      ; Controller:control|y.REPORT ; clk         ; 0.000        ; -0.146     ; 0.059      ;
; 0.129  ; Controller:control|Y.SAVE_MUL1_291                           ; Controller:control|y.SAVE_MUL1                                ; Controller:control|y.REPORT ; clk         ; 0.000        ; -0.257     ; 0.059      ;
; 0.130  ; Controller:control|Y.MUL2_275                                ; Controller:control|y.MUL2                                     ; Controller:control|y.REPORT ; clk         ; 0.000        ; -0.258     ; 0.059      ;
; 0.140  ; Controller:control|en2                                       ; Datapath:datapath|Counter_4bit:counter|count[0]               ; Controller:control|y.IDLE   ; clk         ; 0.000        ; 1.407      ; 1.734      ;
; 0.140  ; Controller:control|en2                                       ; Datapath:datapath|Counter_4bit:counter|count[2]               ; Controller:control|y.IDLE   ; clk         ; 0.000        ; 1.407      ; 1.734      ;
; 0.140  ; Controller:control|en2                                       ; Datapath:datapath|Counter_4bit:counter|count[3]               ; Controller:control|y.IDLE   ; clk         ; 0.000        ; 1.407      ; 1.734      ;
; 0.140  ; Controller:control|en2                                       ; Datapath:datapath|Counter_4bit:counter|count[1]               ; Controller:control|y.IDLE   ; clk         ; 0.000        ; 1.407      ; 1.734      ;
; 0.156  ; Controller:control|Y.LOAD_307                                ; Controller:control|y.LOAD                                     ; Controller:control|y.REPORT ; clk         ; 0.000        ; -0.284     ; 0.059      ;
; 0.161  ; Controller:control|Y.MUL1_299                                ; Controller:control|y.MUL1                                     ; Controller:control|y.REPORT ; clk         ; 0.000        ; -0.289     ; 0.059      ;
; 0.163  ; Controller:control|s                                         ; Datapath:datapath|Multiplier:multiplier|y.S3                  ; Controller:control|y.IDLE   ; clk         ; 0.000        ; 0.744      ; 1.094      ;
; 0.181  ; Controller:control|sel1                                      ; Datapath:datapath|regne:y_reg|Q[11]                           ; Controller:control|y.IDLE   ; clk         ; 0.000        ; 0.783      ; 1.151      ;
; 0.259  ; Controller:control|sel1                                      ; Datapath:datapath|regne:y_reg|Q[6]                            ; Controller:control|y.IDLE   ; clk         ; 0.000        ; 0.784      ; 1.230      ;
; 0.277  ; Controller:control|LB                                        ; Datapath:datapath|Multiplier:multiplier|shiftrne:ShiftB|Q[7]  ; Controller:control|y.IDLE   ; clk         ; 0.000        ; 0.422      ; 0.886      ;
; 0.278  ; Controller:control|sel1                                      ; Datapath:datapath|regne:y_reg|Q[9]                            ; Controller:control|y.IDLE   ; clk         ; 0.000        ; 0.784      ; 1.249      ;
; 0.287  ; Controller:control|LB                                        ; Datapath:datapath|Multiplier:multiplier|shiftrne:ShiftB|Q[6]  ; Controller:control|y.IDLE   ; clk         ; 0.000        ; 0.421      ; 0.895      ;
; 0.287  ; Controller:control|LB                                        ; Datapath:datapath|Multiplier:multiplier|shiftrne:ShiftB|Q[5]  ; Controller:control|y.IDLE   ; clk         ; 0.000        ; 0.421      ; 0.895      ;
; 0.287  ; Controller:control|LB                                        ; Datapath:datapath|Multiplier:multiplier|shiftrne:ShiftB|Q[4]  ; Controller:control|y.IDLE   ; clk         ; 0.000        ; 0.421      ; 0.895      ;
; 0.287  ; Controller:control|LB                                        ; Datapath:datapath|Multiplier:multiplier|shiftrne:ShiftB|Q[3]  ; Controller:control|y.IDLE   ; clk         ; 0.000        ; 0.421      ; 0.895      ;
; 0.287  ; Controller:control|LB                                        ; Datapath:datapath|Multiplier:multiplier|shiftrne:ShiftB|Q[2]  ; Controller:control|y.IDLE   ; clk         ; 0.000        ; 0.421      ; 0.895      ;
; 0.287  ; Controller:control|LB                                        ; Datapath:datapath|Multiplier:multiplier|shiftrne:ShiftB|Q[1]  ; Controller:control|y.IDLE   ; clk         ; 0.000        ; 0.421      ; 0.895      ;
; 0.287  ; Controller:control|LB                                        ; Datapath:datapath|Multiplier:multiplier|shiftrne:ShiftB|Q[0]  ; Controller:control|y.IDLE   ; clk         ; 0.000        ; 0.421      ; 0.895      ;
; 0.323  ; Controller:control|Y.SAVE_Y_267                              ; Controller:control|y.SAVE_Y                                   ; Controller:control|y.REPORT ; clk         ; 0.000        ; -0.451     ; 0.059      ;
; 0.324  ; Datapath:datapath|Multiplier:multiplier|y.S2                 ; Datapath:datapath|Multiplier:multiplier|y.S3                  ; clk                         ; clk         ; 0.000        ; 0.471      ; 0.952      ;
; 0.356  ; Datapath:datapath|Multiplier:multiplier|y.S2                 ; Datapath:datapath|Multiplier:multiplier|y.S2                  ; clk                         ; clk         ; 0.000        ; 0.064      ; 0.577      ;
; 0.357  ; Datapath:datapath|Multiplier:multiplier|shiftlne:ShiftA|Q[0] ; Datapath:datapath|Multiplier:multiplier|shiftlne:ShiftA|Q[0]  ; clk                         ; clk         ; 0.000        ; 0.063      ; 0.577      ;
; 0.377  ; Controller:control|sel2                                      ; Datapath:datapath|Multiplier:multiplier|shiftrne:ShiftB|Q[7]  ; Controller:control|y.IDLE   ; clk         ; 0.000        ; 0.813      ; 1.377      ;
; 0.382  ; Datapath:datapath|Counter_4bit:counter|count[2]              ; Datapath:datapath|Counter_4bit:counter|count[2]               ; clk                         ; clk         ; 0.000        ; 0.038      ; 0.577      ;
; 0.382  ; Datapath:datapath|Multiplier:multiplier|y.S3                 ; Datapath:datapath|Multiplier:multiplier|y.S3                  ; clk                         ; clk         ; 0.000        ; 0.038      ; 0.577      ;
; 0.382  ; Datapath:datapath|Counter_4bit:counter|count[1]              ; Datapath:datapath|Counter_4bit:counter|count[1]               ; clk                         ; clk         ; 0.000        ; 0.038      ; 0.577      ;
; 0.385  ; Datapath:datapath|Counter_4bit:counter|count[0]              ; Datapath:datapath|Counter_4bit:counter|count[0]               ; clk                         ; clk         ; 0.000        ; 0.038      ; 0.580      ;
; 0.385  ; Controller:control|s                                         ; Datapath:datapath|Multiplier:multiplier|y.S2                  ; Controller:control|y.IDLE   ; clk         ; 0.000        ; 0.361      ; 0.933      ;
; 0.400  ; Datapath:datapath|Counter_4bit:counter|count[1]              ; Datapath:datapath|Counter_4bit:counter|count[2]               ; clk                         ; clk         ; 0.000        ; 0.046      ; 0.603      ;
; 0.415  ; Controller:control|s                                         ; Datapath:datapath|Multiplier:multiplier|y.S1                  ; Controller:control|y.IDLE   ; clk         ; 0.000        ; 0.361      ; 0.963      ;
; 0.417  ; Datapath:datapath|Multiplier:multiplier|y.S2                 ; Datapath:datapath|Multiplier:multiplier|y.S1                  ; clk                         ; clk         ; 0.000        ; 0.064      ; 0.638      ;
; 0.425  ; Controller:control|sel2                                      ; Datapath:datapath|Multiplier:multiplier|shiftrne:ShiftB|Q[4]  ; Controller:control|y.IDLE   ; clk         ; 0.000        ; 0.812      ; 1.424      ;
; 0.433  ; Controller:control|sel1                                      ; Datapath:datapath|regne:y_reg|Q[13]                           ; Controller:control|y.IDLE   ; clk         ; 0.000        ; 0.784      ; 1.404      ;
; 0.433  ; Controller:control|sel1                                      ; Datapath:datapath|regne:y_reg|Q[3]                            ; Controller:control|y.IDLE   ; clk         ; 0.000        ; 0.784      ; 1.404      ;
; 0.439  ; Controller:control|sel1                                      ; Datapath:datapath|regne:y_reg|Q[12]                           ; Controller:control|y.IDLE   ; clk         ; 0.000        ; 0.784      ; 1.410      ;
; 0.448  ; Controller:control|sel1                                      ; Datapath:datapath|regne:y_reg|Q[2]                            ; Controller:control|y.IDLE   ; clk         ; 0.000        ; 0.784      ; 1.419      ;
; 0.449  ; Controller:control|sel1                                      ; Datapath:datapath|regne:y_reg|Q[5]                            ; Controller:control|y.IDLE   ; clk         ; 0.000        ; 0.784      ; 1.420      ;
; 0.450  ; Controller:control|sel1                                      ; Datapath:datapath|regne:y_reg|Q[15]                           ; Controller:control|y.IDLE   ; clk         ; 0.000        ; 0.784      ; 1.421      ;
; 0.454  ; Controller:control|sel1                                      ; Datapath:datapath|regne:y_reg|Q[10]                           ; Controller:control|y.IDLE   ; clk         ; 0.000        ; 0.784      ; 1.425      ;
; 0.454  ; Controller:control|sel1                                      ; Datapath:datapath|regne:y_reg|Q[4]                            ; Controller:control|y.IDLE   ; clk         ; 0.000        ; 0.784      ; 1.425      ;
; 0.460  ; Controller:control|sel1                                      ; Datapath:datapath|regne:y_reg|Q[8]                            ; Controller:control|y.IDLE   ; clk         ; 0.000        ; 0.784      ; 1.431      ;
; 0.470  ; Controller:control|sel2                                      ; Datapath:datapath|Multiplier:multiplier|shiftrne:ShiftB|Q[2]  ; Controller:control|y.IDLE   ; clk         ; 0.000        ; 0.812      ; 1.469      ;
; 0.470  ; Controller:control|sel2                                      ; Datapath:datapath|Multiplier:multiplier|shiftrne:ShiftB|Q[1]  ; Controller:control|y.IDLE   ; clk         ; 0.000        ; 0.812      ; 1.469      ;
; 0.471  ; Controller:control|sel2                                      ; Datapath:datapath|Multiplier:multiplier|shiftrne:ShiftB|Q[3]  ; Controller:control|y.IDLE   ; clk         ; 0.000        ; 0.812      ; 1.470      ;
; 0.474  ; Controller:control|sel2                                      ; Datapath:datapath|Multiplier:multiplier|shiftrne:ShiftB|Q[6]  ; Controller:control|y.IDLE   ; clk         ; 0.000        ; 0.812      ; 1.473      ;
; 0.476  ; Controller:control|sel2                                      ; Datapath:datapath|Multiplier:multiplier|shiftrne:ShiftB|Q[5]  ; Controller:control|y.IDLE   ; clk         ; 0.000        ; 0.812      ; 1.475      ;
; 0.476  ; Controller:control|sel2                                      ; Datapath:datapath|Multiplier:multiplier|shiftrne:ShiftB|Q[0]  ; Controller:control|y.IDLE   ; clk         ; 0.000        ; 0.812      ; 1.475      ;
; 0.485  ; Controller:control|sel1                                      ; Datapath:datapath|regne:y_reg|Q[7]                            ; Controller:control|y.IDLE   ; clk         ; 0.000        ; 0.784      ; 1.456      ;
; 0.501  ; Datapath:datapath|Multiplier:multiplier|shiftlne:ShiftA|Q[9] ; Datapath:datapath|Multiplier:multiplier|shiftlne:ShiftA|Q[10] ; clk                         ; clk         ; 0.000        ; 0.063      ; 0.721      ;
; 0.501  ; Controller:control|en4                                       ; Datapath:datapath|regne:reg_mul1|Q[3]                         ; Controller:control|y.IDLE   ; clk         ; 0.000        ; 0.823      ; 1.511      ;
; 0.501  ; Controller:control|en4                                       ; Datapath:datapath|regne:reg_mul1|Q[2]                         ; Controller:control|y.IDLE   ; clk         ; 0.000        ; 0.823      ; 1.511      ;
; 0.501  ; Controller:control|en4                                       ; Datapath:datapath|regne:reg_mul1|Q[4]                         ; Controller:control|y.IDLE   ; clk         ; 0.000        ; 0.823      ; 1.511      ;
; 0.501  ; Controller:control|en4                                       ; Datapath:datapath|regne:reg_mul1|Q[5]                         ; Controller:control|y.IDLE   ; clk         ; 0.000        ; 0.823      ; 1.511      ;
; 0.501  ; Controller:control|en4                                       ; Datapath:datapath|regne:reg_mul1|Q[6]                         ; Controller:control|y.IDLE   ; clk         ; 0.000        ; 0.823      ; 1.511      ;
; 0.501  ; Controller:control|en4                                       ; Datapath:datapath|regne:reg_mul1|Q[7]                         ; Controller:control|y.IDLE   ; clk         ; 0.000        ; 0.823      ; 1.511      ;
; 0.501  ; Controller:control|en4                                       ; Datapath:datapath|regne:reg_mul1|Q[8]                         ; Controller:control|y.IDLE   ; clk         ; 0.000        ; 0.823      ; 1.511      ;
; 0.501  ; Controller:control|en4                                       ; Datapath:datapath|regne:reg_mul1|Q[9]                         ; Controller:control|y.IDLE   ; clk         ; 0.000        ; 0.823      ; 1.511      ;
; 0.501  ; Controller:control|en4                                       ; Datapath:datapath|regne:reg_mul1|Q[10]                        ; Controller:control|y.IDLE   ; clk         ; 0.000        ; 0.823      ; 1.511      ;
; 0.501  ; Controller:control|en4                                       ; Datapath:datapath|regne:reg_mul1|Q[11]                        ; Controller:control|y.IDLE   ; clk         ; 0.000        ; 0.823      ; 1.511      ;
; 0.501  ; Controller:control|en4                                       ; Datapath:datapath|regne:reg_mul1|Q[12]                        ; Controller:control|y.IDLE   ; clk         ; 0.000        ; 0.823      ; 1.511      ;
; 0.501  ; Controller:control|en4                                       ; Datapath:datapath|regne:reg_mul1|Q[13]                        ; Controller:control|y.IDLE   ; clk         ; 0.000        ; 0.823      ; 1.511      ;
; 0.501  ; Controller:control|en4                                       ; Datapath:datapath|regne:reg_mul1|Q[14]                        ; Controller:control|y.IDLE   ; clk         ; 0.000        ; 0.823      ; 1.511      ;
; 0.501  ; Controller:control|en4                                       ; Datapath:datapath|regne:reg_mul1|Q[15]                        ; Controller:control|y.IDLE   ; clk         ; 0.000        ; 0.823      ; 1.511      ;
; 0.505  ; Controller:control|sel1                                      ; Datapath:datapath|regne:y_reg|Q[14]                           ; Controller:control|y.IDLE   ; clk         ; 0.000        ; 0.784      ; 1.476      ;
; 0.521  ; Datapath:datapath|Multiplier:multiplier|shiftrne:ShiftB|Q[3] ; Datapath:datapath|Multiplier:multiplier|shiftrne:ShiftB|Q[2]  ; clk                         ; clk         ; 0.000        ; 0.064      ; 0.742      ;
; 0.521  ; Controller:control|rst2                                      ; Datapath:datapath|Counter_4bit:counter|count[0]               ; Controller:control|y.IDLE   ; clk         ; 0.000        ; -0.319     ; 0.389      ;
; 0.523  ; Datapath:datapath|Multiplier:multiplier|shiftrne:ShiftB|Q[6] ; Datapath:datapath|Multiplier:multiplier|shiftrne:ShiftB|Q[5]  ; clk                         ; clk         ; 0.000        ; 0.064      ; 0.744      ;
; 0.524  ; Datapath:datapath|Multiplier:multiplier|shiftrne:ShiftB|Q[1] ; Datapath:datapath|Multiplier:multiplier|shiftrne:ShiftB|Q[0]  ; clk                         ; clk         ; 0.000        ; 0.064      ; 0.745      ;
; 0.524  ; Controller:control|rst2                                      ; Datapath:datapath|Counter_4bit:counter|count[1]               ; Controller:control|y.IDLE   ; clk         ; 0.000        ; -0.319     ; 0.392      ;
+--------+--------------------------------------------------------------+---------------------------------------------------------------+-----------------------------+-------------+--------------+------------+------------+


+-----------------------------------------------------------------------------------------------------------------------------------------------------------------------------------+
; Slow 1200mV 85C Model Recovery: 'clk'                                                                                                                                             ;
+--------+----------------------------+----------------------------------------------------------+---------------------------+-------------+--------------+------------+------------+
; Slack  ; From Node                  ; To Node                                                  ; Launch Clock              ; Latch Clock ; Relationship ; Clock Skew ; Data Delay ;
+--------+----------------------------+----------------------------------------------------------+---------------------------+-------------+--------------+------------+------------+
; -1.285 ; Controller:control|mul_rst ; Datapath:datapath|Multiplier:multiplier|regne:RegP|Q[13] ; Controller:control|y.IDLE ; clk         ; 1.000        ; -1.116     ; 1.154      ;
; -1.285 ; Controller:control|mul_rst ; Datapath:datapath|Multiplier:multiplier|regne:RegP|Q[8]  ; Controller:control|y.IDLE ; clk         ; 1.000        ; -1.116     ; 1.154      ;
; -1.285 ; Controller:control|mul_rst ; Datapath:datapath|Multiplier:multiplier|regne:RegP|Q[9]  ; Controller:control|y.IDLE ; clk         ; 1.000        ; -1.116     ; 1.154      ;
; -1.285 ; Controller:control|mul_rst ; Datapath:datapath|Multiplier:multiplier|regne:RegP|Q[10] ; Controller:control|y.IDLE ; clk         ; 1.000        ; -1.116     ; 1.154      ;
; -1.285 ; Controller:control|mul_rst ; Datapath:datapath|Multiplier:multiplier|regne:RegP|Q[11] ; Controller:control|y.IDLE ; clk         ; 1.000        ; -1.116     ; 1.154      ;
; -1.285 ; Controller:control|mul_rst ; Datapath:datapath|Multiplier:multiplier|regne:RegP|Q[12] ; Controller:control|y.IDLE ; clk         ; 1.000        ; -1.116     ; 1.154      ;
; -1.285 ; Controller:control|mul_rst ; Datapath:datapath|Multiplier:multiplier|regne:RegP|Q[7]  ; Controller:control|y.IDLE ; clk         ; 1.000        ; -1.116     ; 1.154      ;
; -1.285 ; Controller:control|mul_rst ; Datapath:datapath|Multiplier:multiplier|regne:RegP|Q[2]  ; Controller:control|y.IDLE ; clk         ; 1.000        ; -1.116     ; 1.154      ;
; -1.285 ; Controller:control|mul_rst ; Datapath:datapath|Multiplier:multiplier|regne:RegP|Q[3]  ; Controller:control|y.IDLE ; clk         ; 1.000        ; -1.116     ; 1.154      ;
; -1.285 ; Controller:control|mul_rst ; Datapath:datapath|Multiplier:multiplier|regne:RegP|Q[4]  ; Controller:control|y.IDLE ; clk         ; 1.000        ; -1.116     ; 1.154      ;
; -1.285 ; Controller:control|mul_rst ; Datapath:datapath|Multiplier:multiplier|regne:RegP|Q[5]  ; Controller:control|y.IDLE ; clk         ; 1.000        ; -1.116     ; 1.154      ;
; -1.285 ; Controller:control|mul_rst ; Datapath:datapath|Multiplier:multiplier|regne:RegP|Q[6]  ; Controller:control|y.IDLE ; clk         ; 1.000        ; -1.116     ; 1.154      ;
; -1.285 ; Controller:control|mul_rst ; Datapath:datapath|Multiplier:multiplier|regne:RegP|Q[1]  ; Controller:control|y.IDLE ; clk         ; 1.000        ; -1.116     ; 1.154      ;
; -1.285 ; Controller:control|mul_rst ; Datapath:datapath|Multiplier:multiplier|regne:RegP|Q[0]  ; Controller:control|y.IDLE ; clk         ; 1.000        ; -1.116     ; 1.154      ;
; -1.160 ; Controller:control|mul_rst ; Datapath:datapath|Multiplier:multiplier|y.S1             ; Controller:control|y.IDLE ; clk         ; 1.000        ; -1.117     ; 1.028      ;
; -1.160 ; Controller:control|mul_rst ; Datapath:datapath|Multiplier:multiplier|y.S2             ; Controller:control|y.IDLE ; clk         ; 1.000        ; -1.117     ; 1.028      ;
; -0.917 ; Controller:control|mul_rst ; Datapath:datapath|Multiplier:multiplier|y.S3             ; Controller:control|y.IDLE ; clk         ; 1.000        ; -0.750     ; 1.152      ;
+--------+----------------------------+----------------------------------------------------------+---------------------------+-------------+--------------+------------+------------+


+----------------------------------------------------------------------------------------------------------------------------------------------------------------------------------+
; Slow 1200mV 85C Model Removal: 'clk'                                                                                                                                             ;
+-------+----------------------------+----------------------------------------------------------+---------------------------+-------------+--------------+------------+------------+
; Slack ; From Node                  ; To Node                                                  ; Launch Clock              ; Latch Clock ; Relationship ; Clock Skew ; Data Delay ;
+-------+----------------------------+----------------------------------------------------------+---------------------------+-------------+--------------+------------+------------+
; 1.372 ; Controller:control|mul_rst ; Datapath:datapath|Multiplier:multiplier|y.S3             ; Controller:control|y.IDLE ; clk         ; 0.000        ; -0.509     ; 1.050      ;
; 1.628 ; Controller:control|mul_rst ; Datapath:datapath|Multiplier:multiplier|y.S1             ; Controller:control|y.IDLE ; clk         ; 0.000        ; -0.892     ; 0.923      ;
; 1.628 ; Controller:control|mul_rst ; Datapath:datapath|Multiplier:multiplier|y.S2             ; Controller:control|y.IDLE ; clk         ; 0.000        ; -0.892     ; 0.923      ;
; 1.757 ; Controller:control|mul_rst ; Datapath:datapath|Multiplier:multiplier|regne:RegP|Q[13] ; Controller:control|y.IDLE ; clk         ; 0.000        ; -0.892     ; 1.052      ;
; 1.757 ; Controller:control|mul_rst ; Datapath:datapath|Multiplier:multiplier|regne:RegP|Q[8]  ; Controller:control|y.IDLE ; clk         ; 0.000        ; -0.892     ; 1.052      ;
; 1.757 ; Controller:control|mul_rst ; Datapath:datapath|Multiplier:multiplier|regne:RegP|Q[9]  ; Controller:control|y.IDLE ; clk         ; 0.000        ; -0.892     ; 1.052      ;
; 1.757 ; Controller:control|mul_rst ; Datapath:datapath|Multiplier:multiplier|regne:RegP|Q[10] ; Controller:control|y.IDLE ; clk         ; 0.000        ; -0.892     ; 1.052      ;
; 1.757 ; Controller:control|mul_rst ; Datapath:datapath|Multiplier:multiplier|regne:RegP|Q[11] ; Controller:control|y.IDLE ; clk         ; 0.000        ; -0.892     ; 1.052      ;
; 1.757 ; Controller:control|mul_rst ; Datapath:datapath|Multiplier:multiplier|regne:RegP|Q[12] ; Controller:control|y.IDLE ; clk         ; 0.000        ; -0.892     ; 1.052      ;
; 1.757 ; Controller:control|mul_rst ; Datapath:datapath|Multiplier:multiplier|regne:RegP|Q[7]  ; Controller:control|y.IDLE ; clk         ; 0.000        ; -0.892     ; 1.052      ;
; 1.757 ; Controller:control|mul_rst ; Datapath:datapath|Multiplier:multiplier|regne:RegP|Q[2]  ; Controller:control|y.IDLE ; clk         ; 0.000        ; -0.892     ; 1.052      ;
; 1.757 ; Controller:control|mul_rst ; Datapath:datapath|Multiplier:multiplier|regne:RegP|Q[3]  ; Controller:control|y.IDLE ; clk         ; 0.000        ; -0.892     ; 1.052      ;
; 1.757 ; Controller:control|mul_rst ; Datapath:datapath|Multiplier:multiplier|regne:RegP|Q[4]  ; Controller:control|y.IDLE ; clk         ; 0.000        ; -0.892     ; 1.052      ;
; 1.757 ; Controller:control|mul_rst ; Datapath:datapath|Multiplier:multiplier|regne:RegP|Q[5]  ; Controller:control|y.IDLE ; clk         ; 0.000        ; -0.892     ; 1.052      ;
; 1.757 ; Controller:control|mul_rst ; Datapath:datapath|Multiplier:multiplier|regne:RegP|Q[6]  ; Controller:control|y.IDLE ; clk         ; 0.000        ; -0.892     ; 1.052      ;
; 1.757 ; Controller:control|mul_rst ; Datapath:datapath|Multiplier:multiplier|regne:RegP|Q[1]  ; Controller:control|y.IDLE ; clk         ; 0.000        ; -0.892     ; 1.052      ;
; 1.757 ; Controller:control|mul_rst ; Datapath:datapath|Multiplier:multiplier|regne:RegP|Q[0]  ; Controller:control|y.IDLE ; clk         ; 0.000        ; -0.892     ; 1.052      ;
+-------+----------------------------+----------------------------------------------------------+---------------------------+-------------+--------------+------------+------------+


+-----------------------------------------------------------------------------------------------------------------------------------------------+
; Slow 1200mV 85C Model Minimum Pulse Width: 'clk'                                                                                              ;
+--------+--------------+----------------+-----------------+-------+------------+---------------------------------------------------------------+
; Slack  ; Actual Width ; Required Width ; Type            ; Clock ; Clock Edge ; Target                                                        ;
+--------+--------------+----------------+-----------------+-------+------------+---------------------------------------------------------------+
; -3.000 ; 1.000        ; 4.000          ; Port Rate       ; clk   ; Rise       ; clk                                                           ;
; -1.000 ; 1.000        ; 2.000          ; Min Period      ; clk   ; Rise       ; Controller:control|y.IDLE                                     ;
; -1.000 ; 1.000        ; 2.000          ; Min Period      ; clk   ; Rise       ; Controller:control|y.LOAD                                     ;
; -1.000 ; 1.000        ; 2.000          ; Min Period      ; clk   ; Rise       ; Controller:control|y.MUL1                                     ;
; -1.000 ; 1.000        ; 2.000          ; Min Period      ; clk   ; Rise       ; Controller:control|y.MUL2                                     ;
; -1.000 ; 1.000        ; 2.000          ; Min Period      ; clk   ; Rise       ; Controller:control|y.REPORT                                   ;
; -1.000 ; 1.000        ; 2.000          ; Min Period      ; clk   ; Rise       ; Controller:control|y.SAVE_MUL1                                ;
; -1.000 ; 1.000        ; 2.000          ; Min Period      ; clk   ; Rise       ; Controller:control|y.SAVE_Y                                   ;
; -1.000 ; 1.000        ; 2.000          ; Min Period      ; clk   ; Rise       ; Controller:control|y.SUB                                      ;
; -1.000 ; 1.000        ; 2.000          ; Min Period      ; clk   ; Rise       ; Datapath:datapath|Counter_4bit:counter|count[0]               ;
; -1.000 ; 1.000        ; 2.000          ; Min Period      ; clk   ; Rise       ; Datapath:datapath|Counter_4bit:counter|count[1]               ;
; -1.000 ; 1.000        ; 2.000          ; Min Period      ; clk   ; Rise       ; Datapath:datapath|Counter_4bit:counter|count[2]               ;
; -1.000 ; 1.000        ; 2.000          ; Min Period      ; clk   ; Rise       ; Datapath:datapath|Counter_4bit:counter|count[3]               ;
; -1.000 ; 1.000        ; 2.000          ; Min Period      ; clk   ; Rise       ; Datapath:datapath|Multiplier:multiplier|regne:RegP|Q[0]       ;
; -1.000 ; 1.000        ; 2.000          ; Min Period      ; clk   ; Rise       ; Datapath:datapath|Multiplier:multiplier|regne:RegP|Q[10]      ;
; -1.000 ; 1.000        ; 2.000          ; Min Period      ; clk   ; Rise       ; Datapath:datapath|Multiplier:multiplier|regne:RegP|Q[11]      ;
; -1.000 ; 1.000        ; 2.000          ; Min Period      ; clk   ; Rise       ; Datapath:datapath|Multiplier:multiplier|regne:RegP|Q[12]      ;
; -1.000 ; 1.000        ; 2.000          ; Min Period      ; clk   ; Rise       ; Datapath:datapath|Multiplier:multiplier|regne:RegP|Q[13]      ;
; -1.000 ; 1.000        ; 2.000          ; Min Period      ; clk   ; Rise       ; Datapath:datapath|Multiplier:multiplier|regne:RegP|Q[1]       ;
; -1.000 ; 1.000        ; 2.000          ; Min Period      ; clk   ; Rise       ; Datapath:datapath|Multiplier:multiplier|regne:RegP|Q[2]       ;
; -1.000 ; 1.000        ; 2.000          ; Min Period      ; clk   ; Rise       ; Datapath:datapath|Multiplier:multiplier|regne:RegP|Q[3]       ;
; -1.000 ; 1.000        ; 2.000          ; Min Period      ; clk   ; Rise       ; Datapath:datapath|Multiplier:multiplier|regne:RegP|Q[4]       ;
; -1.000 ; 1.000        ; 2.000          ; Min Period      ; clk   ; Rise       ; Datapath:datapath|Multiplier:multiplier|regne:RegP|Q[5]       ;
; -1.000 ; 1.000        ; 2.000          ; Min Period      ; clk   ; Rise       ; Datapath:datapath|Multiplier:multiplier|regne:RegP|Q[6]       ;
; -1.000 ; 1.000        ; 2.000          ; Min Period      ; clk   ; Rise       ; Datapath:datapath|Multiplier:multiplier|regne:RegP|Q[7]       ;
; -1.000 ; 1.000        ; 2.000          ; Min Period      ; clk   ; Rise       ; Datapath:datapath|Multiplier:multiplier|regne:RegP|Q[8]       ;
; -1.000 ; 1.000        ; 2.000          ; Min Period      ; clk   ; Rise       ; Datapath:datapath|Multiplier:multiplier|regne:RegP|Q[9]       ;
; -1.000 ; 1.000        ; 2.000          ; Min Period      ; clk   ; Rise       ; Datapath:datapath|Multiplier:multiplier|shiftlne:ShiftA|Q[0]  ;
; -1.000 ; 1.000        ; 2.000          ; Min Period      ; clk   ; Rise       ; Datapath:datapath|Multiplier:multiplier|shiftlne:ShiftA|Q[10] ;
; -1.000 ; 1.000        ; 2.000          ; Min Period      ; clk   ; Rise       ; Datapath:datapath|Multiplier:multiplier|shiftlne:ShiftA|Q[11] ;
; -1.000 ; 1.000        ; 2.000          ; Min Period      ; clk   ; Rise       ; Datapath:datapath|Multiplier:multiplier|shiftlne:ShiftA|Q[12] ;
; -1.000 ; 1.000        ; 2.000          ; Min Period      ; clk   ; Rise       ; Datapath:datapath|Multiplier:multiplier|shiftlne:ShiftA|Q[13] ;
; -1.000 ; 1.000        ; 2.000          ; Min Period      ; clk   ; Rise       ; Datapath:datapath|Multiplier:multiplier|shiftlne:ShiftA|Q[1]  ;
; -1.000 ; 1.000        ; 2.000          ; Min Period      ; clk   ; Rise       ; Datapath:datapath|Multiplier:multiplier|shiftlne:ShiftA|Q[2]  ;
; -1.000 ; 1.000        ; 2.000          ; Min Period      ; clk   ; Rise       ; Datapath:datapath|Multiplier:multiplier|shiftlne:ShiftA|Q[3]  ;
; -1.000 ; 1.000        ; 2.000          ; Min Period      ; clk   ; Rise       ; Datapath:datapath|Multiplier:multiplier|shiftlne:ShiftA|Q[4]  ;
; -1.000 ; 1.000        ; 2.000          ; Min Period      ; clk   ; Rise       ; Datapath:datapath|Multiplier:multiplier|shiftlne:ShiftA|Q[5]  ;
; -1.000 ; 1.000        ; 2.000          ; Min Period      ; clk   ; Rise       ; Datapath:datapath|Multiplier:multiplier|shiftlne:ShiftA|Q[6]  ;
; -1.000 ; 1.000        ; 2.000          ; Min Period      ; clk   ; Rise       ; Datapath:datapath|Multiplier:multiplier|shiftlne:ShiftA|Q[7]  ;
; -1.000 ; 1.000        ; 2.000          ; Min Period      ; clk   ; Rise       ; Datapath:datapath|Multiplier:multiplier|shiftlne:ShiftA|Q[8]  ;
; -1.000 ; 1.000        ; 2.000          ; Min Period      ; clk   ; Rise       ; Datapath:datapath|Multiplier:multiplier|shiftlne:ShiftA|Q[9]  ;
; -1.000 ; 1.000        ; 2.000          ; Min Period      ; clk   ; Rise       ; Datapath:datapath|Multiplier:multiplier|shiftrne:ShiftB|Q[0]  ;
; -1.000 ; 1.000        ; 2.000          ; Min Period      ; clk   ; Rise       ; Datapath:datapath|Multiplier:multiplier|shiftrne:ShiftB|Q[1]  ;
; -1.000 ; 1.000        ; 2.000          ; Min Period      ; clk   ; Rise       ; Datapath:datapath|Multiplier:multiplier|shiftrne:ShiftB|Q[2]  ;
; -1.000 ; 1.000        ; 2.000          ; Min Period      ; clk   ; Rise       ; Datapath:datapath|Multiplier:multiplier|shiftrne:ShiftB|Q[3]  ;
; -1.000 ; 1.000        ; 2.000          ; Min Period      ; clk   ; Rise       ; Datapath:datapath|Multiplier:multiplier|shiftrne:ShiftB|Q[4]  ;
; -1.000 ; 1.000        ; 2.000          ; Min Period      ; clk   ; Rise       ; Datapath:datapath|Multiplier:multiplier|shiftrne:ShiftB|Q[5]  ;
; -1.000 ; 1.000        ; 2.000          ; Min Period      ; clk   ; Rise       ; Datapath:datapath|Multiplier:multiplier|shiftrne:ShiftB|Q[6]  ;
; -1.000 ; 1.000        ; 2.000          ; Min Period      ; clk   ; Rise       ; Datapath:datapath|Multiplier:multiplier|shiftrne:ShiftB|Q[7]  ;
; -1.000 ; 1.000        ; 2.000          ; Min Period      ; clk   ; Rise       ; Datapath:datapath|Multiplier:multiplier|y.S1                  ;
; -1.000 ; 1.000        ; 2.000          ; Min Period      ; clk   ; Rise       ; Datapath:datapath|Multiplier:multiplier|y.S2                  ;
; -1.000 ; 1.000        ; 2.000          ; Min Period      ; clk   ; Rise       ; Datapath:datapath|Multiplier:multiplier|y.S3                  ;
; -1.000 ; 1.000        ; 2.000          ; Min Period      ; clk   ; Rise       ; Datapath:datapath|regne:reg_mul1|Q[10]                        ;
; -1.000 ; 1.000        ; 2.000          ; Min Period      ; clk   ; Rise       ; Datapath:datapath|regne:reg_mul1|Q[11]                        ;
; -1.000 ; 1.000        ; 2.000          ; Min Period      ; clk   ; Rise       ; Datapath:datapath|regne:reg_mul1|Q[12]                        ;
; -1.000 ; 1.000        ; 2.000          ; Min Period      ; clk   ; Rise       ; Datapath:datapath|regne:reg_mul1|Q[13]                        ;
; -1.000 ; 1.000        ; 2.000          ; Min Period      ; clk   ; Rise       ; Datapath:datapath|regne:reg_mul1|Q[14]                        ;
; -1.000 ; 1.000        ; 2.000          ; Min Period      ; clk   ; Rise       ; Datapath:datapath|regne:reg_mul1|Q[15]                        ;
; -1.000 ; 1.000        ; 2.000          ; Min Period      ; clk   ; Rise       ; Datapath:datapath|regne:reg_mul1|Q[2]                         ;
; -1.000 ; 1.000        ; 2.000          ; Min Period      ; clk   ; Rise       ; Datapath:datapath|regne:reg_mul1|Q[3]                         ;
; -1.000 ; 1.000        ; 2.000          ; Min Period      ; clk   ; Rise       ; Datapath:datapath|regne:reg_mul1|Q[4]                         ;
; -1.000 ; 1.000        ; 2.000          ; Min Period      ; clk   ; Rise       ; Datapath:datapath|regne:reg_mul1|Q[5]                         ;
; -1.000 ; 1.000        ; 2.000          ; Min Period      ; clk   ; Rise       ; Datapath:datapath|regne:reg_mul1|Q[6]                         ;
; -1.000 ; 1.000        ; 2.000          ; Min Period      ; clk   ; Rise       ; Datapath:datapath|regne:reg_mul1|Q[7]                         ;
; -1.000 ; 1.000        ; 2.000          ; Min Period      ; clk   ; Rise       ; Datapath:datapath|regne:reg_mul1|Q[8]                         ;
; -1.000 ; 1.000        ; 2.000          ; Min Period      ; clk   ; Rise       ; Datapath:datapath|regne:reg_mul1|Q[9]                         ;
; -1.000 ; 1.000        ; 2.000          ; Min Period      ; clk   ; Rise       ; Datapath:datapath|regne:x_reg|Q[0]                            ;
; -1.000 ; 1.000        ; 2.000          ; Min Period      ; clk   ; Rise       ; Datapath:datapath|regne:x_reg|Q[1]                            ;
; -1.000 ; 1.000        ; 2.000          ; Min Period      ; clk   ; Rise       ; Datapath:datapath|regne:x_reg|Q[2]                            ;
; -1.000 ; 1.000        ; 2.000          ; Min Period      ; clk   ; Rise       ; Datapath:datapath|regne:x_reg|Q[3]                            ;
; -1.000 ; 1.000        ; 2.000          ; Min Period      ; clk   ; Rise       ; Datapath:datapath|regne:x_reg|Q[4]                            ;
; -1.000 ; 1.000        ; 2.000          ; Min Period      ; clk   ; Rise       ; Datapath:datapath|regne:x_reg|Q[5]                            ;
; -1.000 ; 1.000        ; 2.000          ; Min Period      ; clk   ; Rise       ; Datapath:datapath|regne:x_reg|Q[6]                            ;
; -1.000 ; 1.000        ; 2.000          ; Min Period      ; clk   ; Rise       ; Datapath:datapath|regne:x_reg|Q[7]                            ;
; -1.000 ; 1.000        ; 2.000          ; Min Period      ; clk   ; Rise       ; Datapath:datapath|regne:y_reg|Q[10]                           ;
; -1.000 ; 1.000        ; 2.000          ; Min Period      ; clk   ; Rise       ; Datapath:datapath|regne:y_reg|Q[11]                           ;
; -1.000 ; 1.000        ; 2.000          ; Min Period      ; clk   ; Rise       ; Datapath:datapath|regne:y_reg|Q[12]                           ;
; -1.000 ; 1.000        ; 2.000          ; Min Period      ; clk   ; Rise       ; Datapath:datapath|regne:y_reg|Q[13]                           ;
; -1.000 ; 1.000        ; 2.000          ; Min Period      ; clk   ; Rise       ; Datapath:datapath|regne:y_reg|Q[14]                           ;
; -1.000 ; 1.000        ; 2.000          ; Min Period      ; clk   ; Rise       ; Datapath:datapath|regne:y_reg|Q[15]                           ;
; -1.000 ; 1.000        ; 2.000          ; Min Period      ; clk   ; Rise       ; Datapath:datapath|regne:y_reg|Q[2]                            ;
; -1.000 ; 1.000        ; 2.000          ; Min Period      ; clk   ; Rise       ; Datapath:datapath|regne:y_reg|Q[3]                            ;
; -1.000 ; 1.000        ; 2.000          ; Min Period      ; clk   ; Rise       ; Datapath:datapath|regne:y_reg|Q[4]                            ;
; -1.000 ; 1.000        ; 2.000          ; Min Period      ; clk   ; Rise       ; Datapath:datapath|regne:y_reg|Q[5]                            ;
; -1.000 ; 1.000        ; 2.000          ; Min Period      ; clk   ; Rise       ; Datapath:datapath|regne:y_reg|Q[6]                            ;
; -1.000 ; 1.000        ; 2.000          ; Min Period      ; clk   ; Rise       ; Datapath:datapath|regne:y_reg|Q[7]                            ;
; -1.000 ; 1.000        ; 2.000          ; Min Period      ; clk   ; Rise       ; Datapath:datapath|regne:y_reg|Q[8]                            ;
; -1.000 ; 1.000        ; 2.000          ; Min Period      ; clk   ; Rise       ; Datapath:datapath|regne:y_reg|Q[9]                            ;
; 0.185  ; 0.369        ; 0.184          ; Low Pulse Width ; clk   ; Rise       ; Controller:control|y.IDLE                                     ;
; 0.185  ; 0.369        ; 0.184          ; Low Pulse Width ; clk   ; Rise       ; Controller:control|y.REPORT                                   ;
; 0.185  ; 0.369        ; 0.184          ; Low Pulse Width ; clk   ; Rise       ; Datapath:datapath|Multiplier:multiplier|regne:RegP|Q[0]       ;
; 0.185  ; 0.369        ; 0.184          ; Low Pulse Width ; clk   ; Rise       ; Datapath:datapath|Multiplier:multiplier|regne:RegP|Q[10]      ;
; 0.185  ; 0.369        ; 0.184          ; Low Pulse Width ; clk   ; Rise       ; Datapath:datapath|Multiplier:multiplier|regne:RegP|Q[11]      ;
; 0.185  ; 0.369        ; 0.184          ; Low Pulse Width ; clk   ; Rise       ; Datapath:datapath|Multiplier:multiplier|regne:RegP|Q[12]      ;
; 0.185  ; 0.369        ; 0.184          ; Low Pulse Width ; clk   ; Rise       ; Datapath:datapath|Multiplier:multiplier|regne:RegP|Q[13]      ;
; 0.185  ; 0.369        ; 0.184          ; Low Pulse Width ; clk   ; Rise       ; Datapath:datapath|Multiplier:multiplier|regne:RegP|Q[1]       ;
; 0.185  ; 0.369        ; 0.184          ; Low Pulse Width ; clk   ; Rise       ; Datapath:datapath|Multiplier:multiplier|regne:RegP|Q[2]       ;
; 0.185  ; 0.369        ; 0.184          ; Low Pulse Width ; clk   ; Rise       ; Datapath:datapath|Multiplier:multiplier|regne:RegP|Q[3]       ;
; 0.185  ; 0.369        ; 0.184          ; Low Pulse Width ; clk   ; Rise       ; Datapath:datapath|Multiplier:multiplier|regne:RegP|Q[4]       ;
; 0.185  ; 0.369        ; 0.184          ; Low Pulse Width ; clk   ; Rise       ; Datapath:datapath|Multiplier:multiplier|regne:RegP|Q[5]       ;
+--------+--------------+----------------+-----------------+-------+------------+---------------------------------------------------------------+


+------------------------------------------------------------------------------------------------------------------------------------------+
; Slow 1200mV 85C Model Minimum Pulse Width: 'Controller:control|y.REPORT'                                                                 ;
+-------+--------------+----------------+------------------+-----------------------------+------------+------------------------------------+
; Slack ; Actual Width ; Required Width ; Type             ; Clock                       ; Clock Edge ; Target                             ;
+-------+--------------+----------------+------------------+-----------------------------+------------+------------------------------------+
; 0.345 ; 0.345        ; 0.000          ; Low Pulse Width  ; Controller:control|y.REPORT ; Rise       ; control|Y.SAVE_Y_267|dataa         ;
; 0.350 ; 0.350        ; 0.000          ; Low Pulse Width  ; Controller:control|y.REPORT ; Rise       ; Controller:control|Y.SAVE_Y_267    ;
; 0.352 ; 0.352        ; 0.000          ; High Pulse Width ; Controller:control|y.REPORT ; Fall       ; Controller:control|ack             ;
; 0.352 ; 0.352        ; 0.000          ; Low Pulse Width  ; Controller:control|y.REPORT ; Rise       ; control|Y.IDLE_315|datac           ;
; 0.353 ; 0.353        ; 0.000          ; Low Pulse Width  ; Controller:control|y.REPORT ; Rise       ; control|Y.LOAD_307|datac           ;
; 0.353 ; 0.353        ; 0.000          ; Low Pulse Width  ; Controller:control|y.REPORT ; Rise       ; control|ack|datac                  ;
; 0.354 ; 0.354        ; 0.000          ; Low Pulse Width  ; Controller:control|y.REPORT ; Rise       ; control|Y.MUL2_275|datac           ;
; 0.354 ; 0.354        ; 0.000          ; Low Pulse Width  ; Controller:control|y.REPORT ; Rise       ; control|Y.SAVE_MUL1_291|datac      ;
; 0.356 ; 0.356        ; 0.000          ; Low Pulse Width  ; Controller:control|y.REPORT ; Rise       ; Controller:control|Y.SUB_283       ;
; 0.357 ; 0.357        ; 0.000          ; Low Pulse Width  ; Controller:control|y.REPORT ; Rise       ; control|Y.MUL1_299|datac           ;
; 0.358 ; 0.358        ; 0.000          ; Low Pulse Width  ; Controller:control|y.REPORT ; Rise       ; Controller:control|Y.IDLE_315      ;
; 0.359 ; 0.359        ; 0.000          ; Low Pulse Width  ; Controller:control|y.REPORT ; Rise       ; Controller:control|Y.LOAD_307      ;
; 0.360 ; 0.360        ; 0.000          ; Low Pulse Width  ; Controller:control|y.REPORT ; Rise       ; Controller:control|Y.MUL2_275      ;
; 0.360 ; 0.360        ; 0.000          ; Low Pulse Width  ; Controller:control|y.REPORT ; Rise       ; Controller:control|Y.SAVE_MUL1_291 ;
; 0.361 ; 0.361        ; 0.000          ; Low Pulse Width  ; Controller:control|y.REPORT ; Rise       ; control|Y.REPORT_259|datab         ;
; 0.365 ; 0.365        ; 0.000          ; Low Pulse Width  ; Controller:control|y.REPORT ; Rise       ; control|Y.SUB_283|datad            ;
; 0.367 ; 0.367        ; 0.000          ; Low Pulse Width  ; Controller:control|y.REPORT ; Rise       ; Controller:control|Y.MUL1_299      ;
; 0.372 ; 0.372        ; 0.000          ; Low Pulse Width  ; Controller:control|y.REPORT ; Rise       ; Controller:control|Y.REPORT_259    ;
; 0.383 ; 0.383        ; 0.000          ; Low Pulse Width  ; Controller:control|y.REPORT ; Rise       ; control|y.REPORT~clkctrl|inclk[0]  ;
; 0.383 ; 0.383        ; 0.000          ; Low Pulse Width  ; Controller:control|y.REPORT ; Rise       ; control|y.REPORT~clkctrl|outclk    ;
; 0.387 ; 0.387        ; 0.000          ; Low Pulse Width  ; Controller:control|y.REPORT ; Rise       ; control|Selector4~6|combout        ;
; 0.412 ; 0.412        ; 0.000          ; Low Pulse Width  ; Controller:control|y.REPORT ; Rise       ; control|Selector4~6|datab          ;
; 0.417 ; 0.417        ; 0.000          ; High Pulse Width ; Controller:control|y.REPORT ; Fall       ; control|Selector8~1|combout        ;
; 0.422 ; 0.422        ; 0.000          ; Low Pulse Width  ; Controller:control|y.REPORT ; Rise       ; Controller:control|LA              ;
; 0.424 ; 0.424        ; 0.000          ; High Pulse Width ; Controller:control|y.REPORT ; Fall       ; control|LA|datac                   ;
; 0.426 ; 0.426        ; 0.000          ; Low Pulse Width  ; Controller:control|y.REPORT ; Rise       ; control|Selector8~1|datad          ;
; 0.500 ; 0.500        ; 0.000          ; High Pulse Width ; Controller:control|y.REPORT ; Rise       ; control|y.REPORT|q                 ;
; 0.500 ; 0.500        ; 0.000          ; Low Pulse Width  ; Controller:control|y.REPORT ; Rise       ; control|y.REPORT|q                 ;
; 0.571 ; 0.571        ; 0.000          ; High Pulse Width ; Controller:control|y.REPORT ; Rise       ; control|Selector8~1|datad          ;
; 0.573 ; 0.573        ; 0.000          ; Low Pulse Width  ; Controller:control|y.REPORT ; Fall       ; control|LA|datac                   ;
; 0.575 ; 0.575        ; 0.000          ; High Pulse Width ; Controller:control|y.REPORT ; Rise       ; Controller:control|LA              ;
; 0.578 ; 0.578        ; 0.000          ; High Pulse Width ; Controller:control|y.REPORT ; Rise       ; control|Selector4~6|combout        ;
; 0.580 ; 0.580        ; 0.000          ; Low Pulse Width  ; Controller:control|y.REPORT ; Fall       ; control|Selector8~1|combout        ;
; 0.584 ; 0.584        ; 0.000          ; High Pulse Width ; Controller:control|y.REPORT ; Rise       ; control|Selector4~6|datab          ;
; 0.610 ; 0.610        ; 0.000          ; High Pulse Width ; Controller:control|y.REPORT ; Rise       ; control|ack|datac                  ;
; 0.611 ; 0.611        ; 0.000          ; Low Pulse Width  ; Controller:control|y.REPORT ; Fall       ; Controller:control|ack             ;
; 0.612 ; 0.612        ; 0.000          ; High Pulse Width ; Controller:control|y.REPORT ; Rise       ; control|y.REPORT~clkctrl|inclk[0]  ;
; 0.612 ; 0.612        ; 0.000          ; High Pulse Width ; Controller:control|y.REPORT ; Rise       ; control|y.REPORT~clkctrl|outclk    ;
; 0.627 ; 0.627        ; 0.000          ; High Pulse Width ; Controller:control|y.REPORT ; Rise       ; Controller:control|Y.MUL1_299      ;
; 0.628 ; 0.628        ; 0.000          ; High Pulse Width ; Controller:control|y.REPORT ; Rise       ; Controller:control|Y.REPORT_259    ;
; 0.630 ; 0.630        ; 0.000          ; High Pulse Width ; Controller:control|y.REPORT ; Rise       ; control|Y.SUB_283|datad            ;
; 0.634 ; 0.634        ; 0.000          ; High Pulse Width ; Controller:control|y.REPORT ; Rise       ; Controller:control|Y.MUL2_275      ;
; 0.634 ; 0.634        ; 0.000          ; High Pulse Width ; Controller:control|y.REPORT ; Rise       ; Controller:control|Y.SAVE_MUL1_291 ;
; 0.634 ; 0.634        ; 0.000          ; High Pulse Width ; Controller:control|y.REPORT ; Rise       ; control|Y.REPORT_259|datab         ;
; 0.636 ; 0.636        ; 0.000          ; High Pulse Width ; Controller:control|y.REPORT ; Rise       ; Controller:control|Y.IDLE_315      ;
; 0.636 ; 0.636        ; 0.000          ; High Pulse Width ; Controller:control|y.REPORT ; Rise       ; Controller:control|Y.LOAD_307      ;
; 0.637 ; 0.637        ; 0.000          ; High Pulse Width ; Controller:control|y.REPORT ; Rise       ; Controller:control|Y.SAVE_Y_267    ;
; 0.637 ; 0.637        ; 0.000          ; High Pulse Width ; Controller:control|y.REPORT ; Rise       ; control|Y.MUL1_299|datac           ;
; 0.639 ; 0.639        ; 0.000          ; High Pulse Width ; Controller:control|y.REPORT ; Rise       ; Controller:control|Y.SUB_283       ;
; 0.640 ; 0.640        ; 0.000          ; High Pulse Width ; Controller:control|y.REPORT ; Rise       ; control|Y.MUL2_275|datac           ;
; 0.640 ; 0.640        ; 0.000          ; High Pulse Width ; Controller:control|y.REPORT ; Rise       ; control|Y.SAVE_MUL1_291|datac      ;
; 0.642 ; 0.642        ; 0.000          ; High Pulse Width ; Controller:control|y.REPORT ; Rise       ; control|Y.IDLE_315|datac           ;
; 0.642 ; 0.642        ; 0.000          ; High Pulse Width ; Controller:control|y.REPORT ; Rise       ; control|Y.LOAD_307|datac           ;
; 0.649 ; 0.649        ; 0.000          ; High Pulse Width ; Controller:control|y.REPORT ; Rise       ; control|Y.SAVE_Y_267|dataa         ;
+-------+--------------+----------------+------------------+-----------------------------+------------+------------------------------------+


+-------------------------------------------------------------------------------------------------------------------------------------+
; Slow 1200mV 85C Model Minimum Pulse Width: 'Controller:control|y.IDLE'                                                              ;
+-------+--------------+----------------+------------------+---------------------------+------------+---------------------------------+
; Slack ; Actual Width ; Required Width ; Type             ; Clock                     ; Clock Edge ; Target                          ;
+-------+--------------+----------------+------------------+---------------------------+------------+---------------------------------+
; 0.359 ; 0.359        ; 0.000          ; Low Pulse Width  ; Controller:control|y.IDLE ; Rise       ; Controller:control|rst2         ;
; 0.364 ; 0.364        ; 0.000          ; Low Pulse Width  ; Controller:control|y.IDLE ; Rise       ; Controller:control|sel2         ;
; 0.364 ; 0.364        ; 0.000          ; Low Pulse Width  ; Controller:control|y.IDLE ; Rise       ; control|mul_rst|datac           ;
; 0.368 ; 0.368        ; 0.000          ; Low Pulse Width  ; Controller:control|y.IDLE ; Rise       ; control|rst2|datad              ;
; 0.370 ; 0.370        ; 0.000          ; Low Pulse Width  ; Controller:control|y.IDLE ; Rise       ; Controller:control|mul_rst      ;
; 0.373 ; 0.373        ; 0.000          ; Low Pulse Width  ; Controller:control|y.IDLE ; Rise       ; control|sel2|datad              ;
; 0.380 ; 0.380        ; 0.000          ; Low Pulse Width  ; Controller:control|y.IDLE ; Rise       ; control|y.IDLE~clkctrl|inclk[0] ;
; 0.380 ; 0.380        ; 0.000          ; Low Pulse Width  ; Controller:control|y.IDLE ; Rise       ; control|y.IDLE~clkctrl|outclk   ;
; 0.381 ; 0.381        ; 0.000          ; Low Pulse Width  ; Controller:control|y.IDLE ; Rise       ; Controller:control|s            ;
; 0.392 ; 0.392        ; 0.000          ; Low Pulse Width  ; Controller:control|y.IDLE ; Rise       ; control|Selector10~0|dataa      ;
; 0.393 ; 0.393        ; 0.000          ; Low Pulse Width  ; Controller:control|y.IDLE ; Rise       ; Controller:control|en4          ;
; 0.394 ; 0.394        ; 0.000          ; Low Pulse Width  ; Controller:control|y.IDLE ; Rise       ; control|Selector6~0|dataa       ;
; 0.395 ; 0.395        ; 0.000          ; Low Pulse Width  ; Controller:control|y.IDLE ; Rise       ; Controller:control|LB           ;
; 0.395 ; 0.395        ; 0.000          ; High Pulse Width ; Controller:control|y.IDLE ; Fall       ; control|Selector6~0|combout     ;
; 0.396 ; 0.396        ; 0.000          ; Low Pulse Width  ; Controller:control|y.IDLE ; Rise       ; control|Selector7~1|datac       ;
; 0.397 ; 0.397        ; 0.000          ; Low Pulse Width  ; Controller:control|y.IDLE ; Rise       ; control|Selector12~0|datac      ;
; 0.399 ; 0.399        ; 0.000          ; Low Pulse Width  ; Controller:control|y.IDLE ; Rise       ; control|Selector12~0|combout    ;
; 0.401 ; 0.401        ; 0.000          ; High Pulse Width ; Controller:control|y.IDLE ; Fall       ; control|Selector16~1|combout    ;
; 0.401 ; 0.401        ; 0.000          ; High Pulse Width ; Controller:control|y.IDLE ; Fall       ; control|s|datad                 ;
; 0.402 ; 0.402        ; 0.000          ; High Pulse Width ; Controller:control|y.IDLE ; Fall       ; control|Selector7~1|combout     ;
; 0.403 ; 0.403        ; 0.000          ; High Pulse Width ; Controller:control|y.IDLE ; Fall       ; control|Selector10~0|combout    ;
; 0.405 ; 0.405        ; 0.000          ; Low Pulse Width  ; Controller:control|y.IDLE ; Rise       ; control|Selector16~0|datad      ;
; 0.407 ; 0.407        ; 0.000          ; Low Pulse Width  ; Controller:control|y.IDLE ; Rise       ; Controller:control|en2          ;
; 0.410 ; 0.410        ; 0.000          ; Low Pulse Width  ; Controller:control|y.IDLE ; Rise       ; control|Selector16~1|datad      ;
; 0.412 ; 0.412        ; 0.000          ; Low Pulse Width  ; Controller:control|y.IDLE ; Rise       ; Controller:control|en3          ;
; 0.412 ; 0.412        ; 0.000          ; Low Pulse Width  ; Controller:control|y.IDLE ; Rise       ; Controller:control|sel1         ;
; 0.412 ; 0.412        ; 0.000          ; High Pulse Width ; Controller:control|y.IDLE ; Fall       ; control|Selector28~0|combout    ;
; 0.412 ; 0.412        ; 0.000          ; High Pulse Width ; Controller:control|y.IDLE ; Fall       ; control|Selector32~1|combout    ;
; 0.413 ; 0.413        ; 0.000          ; High Pulse Width ; Controller:control|y.IDLE ; Fall       ; control|Selector4~6|combout     ;
; 0.413 ; 0.413        ; 0.000          ; High Pulse Width ; Controller:control|y.IDLE ; Fall       ; control|en4|datad               ;
; 0.415 ; 0.415        ; 0.000          ; High Pulse Width ; Controller:control|y.IDLE ; Fall       ; control|LB|datad                ;
; 0.421 ; 0.421        ; 0.000          ; Low Pulse Width  ; Controller:control|y.IDLE ; Rise       ; control|Selector28~0|datad      ;
; 0.421 ; 0.421        ; 0.000          ; Low Pulse Width  ; Controller:control|y.IDLE ; Rise       ; control|Selector32~1|datad      ;
; 0.421 ; 0.421        ; 0.000          ; Low Pulse Width  ; Controller:control|y.IDLE ; Rise       ; control|Selector4~5|datad       ;
; 0.422 ; 0.422        ; 0.000          ; Low Pulse Width  ; Controller:control|y.IDLE ; Rise       ; control|Selector4~6|datad       ;
; 0.425 ; 0.425        ; 0.000          ; Low Pulse Width  ; Controller:control|y.IDLE ; Rise       ; control|Selector16~0|combout    ;
; 0.427 ; 0.427        ; 0.000          ; High Pulse Width ; Controller:control|y.IDLE ; Fall       ; control|en2|datad               ;
; 0.430 ; 0.430        ; 0.000          ; Low Pulse Width  ; Controller:control|y.IDLE ; Rise       ; control|LA|datac                ;
; 0.432 ; 0.432        ; 0.000          ; High Pulse Width ; Controller:control|y.IDLE ; Fall       ; Controller:control|LA           ;
; 0.432 ; 0.432        ; 0.000          ; High Pulse Width ; Controller:control|y.IDLE ; Fall       ; control|sel1|datad              ;
; 0.433 ; 0.433        ; 0.000          ; High Pulse Width ; Controller:control|y.IDLE ; Fall       ; control|en3|datab               ;
; 0.436 ; 0.436        ; 0.000          ; High Pulse Width ; Controller:control|y.IDLE ; Fall       ; control|Selector8~1|datab       ;
; 0.437 ; 0.437        ; 0.000          ; Low Pulse Width  ; Controller:control|y.IDLE ; Rise       ; control|Selector8~1|combout     ;
; 0.439 ; 0.439        ; 0.000          ; High Pulse Width ; Controller:control|y.IDLE ; Fall       ; control|Selector14~0|combout    ;
; 0.441 ; 0.441        ; 0.000          ; Low Pulse Width  ; Controller:control|y.IDLE ; Rise       ; control|Selector4~5|combout     ;
; 0.447 ; 0.447        ; 0.000          ; High Pulse Width ; Controller:control|y.IDLE ; Fall       ; control|ack|datac               ;
; 0.448 ; 0.448        ; 0.000          ; Low Pulse Width  ; Controller:control|y.IDLE ; Rise       ; Controller:control|ack          ;
; 0.448 ; 0.448        ; 0.000          ; Low Pulse Width  ; Controller:control|y.IDLE ; Rise       ; control|Selector14~0|datad      ;
; 0.500 ; 0.500        ; 0.000          ; High Pulse Width ; Controller:control|y.IDLE ; Rise       ; control|y.IDLE|q                ;
; 0.500 ; 0.500        ; 0.000          ; Low Pulse Width  ; Controller:control|y.IDLE ; Rise       ; control|y.IDLE|q                ;
; 0.549 ; 0.549        ; 0.000          ; High Pulse Width ; Controller:control|y.IDLE ; Rise       ; control|Selector14~0|datad      ;
; 0.552 ; 0.552        ; 0.000          ; High Pulse Width ; Controller:control|y.IDLE ; Rise       ; Controller:control|ack          ;
; 0.553 ; 0.553        ; 0.000          ; Low Pulse Width  ; Controller:control|y.IDLE ; Fall       ; control|ack|datac               ;
; 0.556 ; 0.556        ; 0.000          ; High Pulse Width ; Controller:control|y.IDLE ; Rise       ; control|Selector4~5|combout     ;
; 0.558 ; 0.558        ; 0.000          ; Low Pulse Width  ; Controller:control|y.IDLE ; Fall       ; control|Selector14~0|combout    ;
; 0.561 ; 0.561        ; 0.000          ; High Pulse Width ; Controller:control|y.IDLE ; Rise       ; control|Selector8~1|combout     ;
; 0.562 ; 0.562        ; 0.000          ; Low Pulse Width  ; Controller:control|y.IDLE ; Fall       ; control|Selector8~1|datab       ;
; 0.564 ; 0.564        ; 0.000          ; Low Pulse Width  ; Controller:control|y.IDLE ; Fall       ; control|sel1|datad              ;
; 0.565 ; 0.565        ; 0.000          ; Low Pulse Width  ; Controller:control|y.IDLE ; Fall       ; control|en3|datab               ;
; 0.566 ; 0.566        ; 0.000          ; Low Pulse Width  ; Controller:control|y.IDLE ; Fall       ; Controller:control|LA           ;
; 0.568 ; 0.568        ; 0.000          ; High Pulse Width ; Controller:control|y.IDLE ; Rise       ; control|LA|datac                ;
; 0.568 ; 0.568        ; 0.000          ; Low Pulse Width  ; Controller:control|y.IDLE ; Fall       ; control|en2|datad               ;
; 0.570 ; 0.570        ; 0.000          ; High Pulse Width ; Controller:control|y.IDLE ; Rise       ; control|Selector16~0|combout    ;
; 0.576 ; 0.576        ; 0.000          ; High Pulse Width ; Controller:control|y.IDLE ; Rise       ; control|Selector28~0|datad      ;
; 0.576 ; 0.576        ; 0.000          ; High Pulse Width ; Controller:control|y.IDLE ; Rise       ; control|Selector32~1|datad      ;
; 0.576 ; 0.576        ; 0.000          ; High Pulse Width ; Controller:control|y.IDLE ; Rise       ; control|Selector4~5|datad       ;
; 0.576 ; 0.576        ; 0.000          ; High Pulse Width ; Controller:control|y.IDLE ; Rise       ; control|Selector4~6|datad       ;
; 0.579 ; 0.579        ; 0.000          ; Low Pulse Width  ; Controller:control|y.IDLE ; Fall       ; control|LB|datad                ;
; 0.582 ; 0.582        ; 0.000          ; Low Pulse Width  ; Controller:control|y.IDLE ; Fall       ; control|en4|datad               ;
; 0.584 ; 0.584        ; 0.000          ; High Pulse Width ; Controller:control|y.IDLE ; Rise       ; Controller:control|sel1         ;
; 0.584 ; 0.584        ; 0.000          ; High Pulse Width ; Controller:control|y.IDLE ; Rise       ; control|Selector16~1|datad      ;
; 0.585 ; 0.585        ; 0.000          ; Low Pulse Width  ; Controller:control|y.IDLE ; Fall       ; control|Selector28~0|combout    ;
; 0.585 ; 0.585        ; 0.000          ; Low Pulse Width  ; Controller:control|y.IDLE ; Fall       ; control|Selector32~1|combout    ;
; 0.585 ; 0.585        ; 0.000          ; Low Pulse Width  ; Controller:control|y.IDLE ; Fall       ; control|Selector4~6|combout     ;
; 0.587 ; 0.587        ; 0.000          ; High Pulse Width ; Controller:control|y.IDLE ; Rise       ; Controller:control|en3          ;
; 0.588 ; 0.588        ; 0.000          ; High Pulse Width ; Controller:control|y.IDLE ; Rise       ; Controller:control|en2          ;
; 0.590 ; 0.590        ; 0.000          ; High Pulse Width ; Controller:control|y.IDLE ; Rise       ; control|Selector16~0|datad      ;
; 0.591 ; 0.591        ; 0.000          ; Low Pulse Width  ; Controller:control|y.IDLE ; Fall       ; control|Selector7~1|combout     ;
; 0.592 ; 0.592        ; 0.000          ; Low Pulse Width  ; Controller:control|y.IDLE ; Fall       ; control|Selector10~0|combout    ;
; 0.593 ; 0.593        ; 0.000          ; Low Pulse Width  ; Controller:control|y.IDLE ; Fall       ; control|Selector16~1|combout    ;
; 0.595 ; 0.595        ; 0.000          ; Low Pulse Width  ; Controller:control|y.IDLE ; Fall       ; control|s|datad                 ;
; 0.596 ; 0.596        ; 0.000          ; High Pulse Width ; Controller:control|y.IDLE ; Rise       ; control|Selector12~0|combout    ;
; 0.597 ; 0.597        ; 0.000          ; High Pulse Width ; Controller:control|y.IDLE ; Rise       ; control|Selector7~1|datac       ;
; 0.598 ; 0.598        ; 0.000          ; High Pulse Width ; Controller:control|y.IDLE ; Rise       ; control|Selector12~0|datac      ;
; 0.599 ; 0.599        ; 0.000          ; High Pulse Width ; Controller:control|y.IDLE ; Rise       ; Controller:control|LB           ;
; 0.600 ; 0.600        ; 0.000          ; High Pulse Width ; Controller:control|y.IDLE ; Rise       ; control|Selector6~0|dataa       ;
; 0.601 ; 0.601        ; 0.000          ; Low Pulse Width  ; Controller:control|y.IDLE ; Fall       ; control|Selector6~0|combout     ;
; 0.602 ; 0.602        ; 0.000          ; High Pulse Width ; Controller:control|y.IDLE ; Rise       ; Controller:control|en4          ;
; 0.602 ; 0.602        ; 0.000          ; High Pulse Width ; Controller:control|y.IDLE ; Rise       ; control|Selector10~0|dataa      ;
; 0.615 ; 0.615        ; 0.000          ; High Pulse Width ; Controller:control|y.IDLE ; Rise       ; Controller:control|s            ;
; 0.615 ; 0.615        ; 0.000          ; High Pulse Width ; Controller:control|y.IDLE ; Rise       ; control|y.IDLE~clkctrl|inclk[0] ;
; 0.615 ; 0.615        ; 0.000          ; High Pulse Width ; Controller:control|y.IDLE ; Rise       ; control|y.IDLE~clkctrl|outclk   ;
; 0.621 ; 0.621        ; 0.000          ; High Pulse Width ; Controller:control|y.IDLE ; Rise       ; control|sel2|datad              ;
; 0.624 ; 0.624        ; 0.000          ; High Pulse Width ; Controller:control|y.IDLE ; Rise       ; Controller:control|mul_rst      ;
; 0.627 ; 0.627        ; 0.000          ; High Pulse Width ; Controller:control|y.IDLE ; Rise       ; control|rst2|datad              ;
; 0.630 ; 0.630        ; 0.000          ; High Pulse Width ; Controller:control|y.IDLE ; Rise       ; Controller:control|sel2         ;
; 0.630 ; 0.630        ; 0.000          ; High Pulse Width ; Controller:control|y.IDLE ; Rise       ; control|mul_rst|datac           ;
; 0.636 ; 0.636        ; 0.000          ; High Pulse Width ; Controller:control|y.IDLE ; Rise       ; Controller:control|rst2         ;
+-------+--------------+----------------+------------------+---------------------------+------------+---------------------------------+


+-----------------------------------------------------------------------------------------------------+
; Setup Times                                                                                         ;
+------------+-----------------------------+-------+-------+------------+-----------------------------+
; Data Port  ; Clock Port                  ; Rise  ; Fall  ; Clock Edge ; Clock Reference             ;
+------------+-----------------------------+-------+-------+------------+-----------------------------+
; req        ; Controller:control|y.IDLE   ; 3.416 ; 3.508 ; Rise       ; Controller:control|y.IDLE   ;
; n_iter[*]  ; Controller:control|y.REPORT ; 3.004 ; 3.430 ; Rise       ; Controller:control|y.REPORT ;
;  n_iter[0] ; Controller:control|y.REPORT ; 1.279 ; 1.358 ; Rise       ; Controller:control|y.REPORT ;
;  n_iter[1] ; Controller:control|y.REPORT ; 2.714 ; 3.114 ; Rise       ; Controller:control|y.REPORT ;
;  n_iter[2] ; Controller:control|y.REPORT ; 2.885 ; 3.333 ; Rise       ; Controller:control|y.REPORT ;
;  n_iter[3] ; Controller:control|y.REPORT ; 3.004 ; 3.430 ; Rise       ; Controller:control|y.REPORT ;
; req        ; Controller:control|y.REPORT ; 0.786 ; 0.896 ; Rise       ; Controller:control|y.REPORT ;
; req        ; Controller:control|y.REPORT ; 2.689 ; 2.754 ; Fall       ; Controller:control|y.REPORT ;
; x_in[*]    ; clk                         ; 1.819 ; 2.319 ; Rise       ; clk                         ;
;  x_in[0]   ; clk                         ; 1.463 ; 1.902 ; Rise       ; clk                         ;
;  x_in[1]   ; clk                         ; 1.760 ; 2.179 ; Rise       ; clk                         ;
;  x_in[2]   ; clk                         ; 1.599 ; 2.075 ; Rise       ; clk                         ;
;  x_in[3]   ; clk                         ; 1.534 ; 2.024 ; Rise       ; clk                         ;
;  x_in[4]   ; clk                         ; 1.429 ; 1.866 ; Rise       ; clk                         ;
;  x_in[5]   ; clk                         ; 1.472 ; 1.919 ; Rise       ; clk                         ;
;  x_in[6]   ; clk                         ; 1.819 ; 2.319 ; Rise       ; clk                         ;
;  x_in[7]   ; clk                         ; 1.430 ; 1.886 ; Rise       ; clk                         ;
+------------+-----------------------------+-------+-------+------------+-----------------------------+


+-------------------------------------------------------------------------------------------------------+
; Hold Times                                                                                            ;
+------------+-----------------------------+--------+--------+------------+-----------------------------+
; Data Port  ; Clock Port                  ; Rise   ; Fall   ; Clock Edge ; Clock Reference             ;
+------------+-----------------------------+--------+--------+------------+-----------------------------+
; req        ; Controller:control|y.IDLE   ; -0.529 ; -0.648 ; Rise       ; Controller:control|y.IDLE   ;
; n_iter[*]  ; Controller:control|y.REPORT ; 0.278  ; 0.114  ; Rise       ; Controller:control|y.REPORT ;
;  n_iter[0] ; Controller:control|y.REPORT ; 0.278  ; 0.114  ; Rise       ; Controller:control|y.REPORT ;
;  n_iter[1] ; Controller:control|y.REPORT ; -1.087 ; -1.545 ; Rise       ; Controller:control|y.REPORT ;
;  n_iter[2] ; Controller:control|y.REPORT ; -1.193 ; -1.730 ; Rise       ; Controller:control|y.REPORT ;
;  n_iter[3] ; Controller:control|y.REPORT ; -1.313 ; -1.817 ; Rise       ; Controller:control|y.REPORT ;
; req        ; Controller:control|y.REPORT ; 0.418  ; 0.320  ; Rise       ; Controller:control|y.REPORT ;
; req        ; Controller:control|y.REPORT ; -1.597 ; -1.664 ; Fall       ; Controller:control|y.REPORT ;
; x_in[*]    ; clk                         ; -1.052 ; -1.469 ; Rise       ; clk                         ;
;  x_in[0]   ; clk                         ; -1.085 ; -1.504 ; Rise       ; clk                         ;
;  x_in[1]   ; clk                         ; -1.372 ; -1.769 ; Rise       ; clk                         ;
;  x_in[2]   ; clk                         ; -1.214 ; -1.668 ; Rise       ; clk                         ;
;  x_in[3]   ; clk                         ; -1.149 ; -1.619 ; Rise       ; clk                         ;
;  x_in[4]   ; clk                         ; -1.052 ; -1.469 ; Rise       ; clk                         ;
;  x_in[5]   ; clk                         ; -1.094 ; -1.520 ; Rise       ; clk                         ;
;  x_in[6]   ; clk                         ; -1.424 ; -1.904 ; Rise       ; clk                         ;
;  x_in[7]   ; clk                         ; -1.053 ; -1.488 ; Rise       ; clk                         ;
+------------+-----------------------------+--------+--------+------------+-----------------------------+


+-----------------------------------------------------------------------------------------------------+
; Clock to Output Times                                                                               ;
+------------+-----------------------------+-------+-------+------------+-----------------------------+
; Data Port  ; Clock Port                  ; Rise  ; Fall  ; Clock Edge ; Clock Reference             ;
+------------+-----------------------------+-------+-------+------------+-----------------------------+
; ack        ; Controller:control|y.IDLE   ; 4.553 ; 4.486 ; Rise       ; Controller:control|y.IDLE   ;
; ack        ; Controller:control|y.REPORT ; 4.888 ; 4.821 ; Fall       ; Controller:control|y.REPORT ;
; x_inv[*]   ; clk                         ; 8.026 ; 8.136 ; Rise       ; clk                         ;
;  x_inv[2]  ; clk                         ; 6.457 ; 6.392 ; Rise       ; clk                         ;
;  x_inv[3]  ; clk                         ; 6.614 ; 6.570 ; Rise       ; clk                         ;
;  x_inv[4]  ; clk                         ; 6.542 ; 6.497 ; Rise       ; clk                         ;
;  x_inv[5]  ; clk                         ; 6.709 ; 6.652 ; Rise       ; clk                         ;
;  x_inv[6]  ; clk                         ; 8.006 ; 8.101 ; Rise       ; clk                         ;
;  x_inv[7]  ; clk                         ; 6.735 ; 6.710 ; Rise       ; clk                         ;
;  x_inv[8]  ; clk                         ; 6.570 ; 6.532 ; Rise       ; clk                         ;
;  x_inv[9]  ; clk                         ; 6.612 ; 6.577 ; Rise       ; clk                         ;
;  x_inv[10] ; clk                         ; 7.860 ; 7.944 ; Rise       ; clk                         ;
;  x_inv[11] ; clk                         ; 6.552 ; 6.542 ; Rise       ; clk                         ;
;  x_inv[12] ; clk                         ; 6.288 ; 6.282 ; Rise       ; clk                         ;
;  x_inv[13] ; clk                         ; 6.693 ; 6.646 ; Rise       ; clk                         ;
;  x_inv[14] ; clk                         ; 8.026 ; 8.136 ; Rise       ; clk                         ;
;  x_inv[15] ; clk                         ; 6.721 ; 6.718 ; Rise       ; clk                         ;
+------------+-----------------------------+-------+-------+------------+-----------------------------+


+-----------------------------------------------------------------------------------------------------+
; Minimum Clock to Output Times                                                                       ;
+------------+-----------------------------+-------+-------+------------+-----------------------------+
; Data Port  ; Clock Port                  ; Rise  ; Fall  ; Clock Edge ; Clock Reference             ;
+------------+-----------------------------+-------+-------+------------+-----------------------------+
; ack        ; Controller:control|y.IDLE   ; 4.402 ; 4.335 ; Rise       ; Controller:control|y.IDLE   ;
; ack        ; Controller:control|y.REPORT ; 4.644 ; 4.577 ; Fall       ; Controller:control|y.REPORT ;
; x_inv[*]   ; clk                         ; 6.085 ; 6.077 ; Rise       ; clk                         ;
;  x_inv[2]  ; clk                         ; 6.247 ; 6.183 ; Rise       ; clk                         ;
;  x_inv[3]  ; clk                         ; 6.400 ; 6.355 ; Rise       ; clk                         ;
;  x_inv[4]  ; clk                         ; 6.330 ; 6.284 ; Rise       ; clk                         ;
;  x_inv[5]  ; clk                         ; 6.492 ; 6.434 ; Rise       ; clk                         ;
;  x_inv[6]  ; clk                         ; 7.786 ; 7.879 ; Rise       ; clk                         ;
;  x_inv[7]  ; clk                         ; 6.517 ; 6.490 ; Rise       ; clk                         ;
;  x_inv[8]  ; clk                         ; 6.358 ; 6.319 ; Rise       ; clk                         ;
;  x_inv[9]  ; clk                         ; 6.398 ; 6.362 ; Rise       ; clk                         ;
;  x_inv[10] ; clk                         ; 7.646 ; 7.729 ; Rise       ; clk                         ;
;  x_inv[11] ; clk                         ; 6.340 ; 6.328 ; Rise       ; clk                         ;
;  x_inv[12] ; clk                         ; 6.085 ; 6.077 ; Rise       ; clk                         ;
;  x_inv[13] ; clk                         ; 6.475 ; 6.427 ; Rise       ; clk                         ;
;  x_inv[14] ; clk                         ; 7.804 ; 7.913 ; Rise       ; clk                         ;
;  x_inv[15] ; clk                         ; 6.508 ; 6.504 ; Rise       ; clk                         ;
+------------+-----------------------------+-------+-------+------------+-----------------------------+


----------------------------------------------
; Slow 1200mV 85C Model Metastability Report ;
----------------------------------------------
No synchronizer chains to report.


+----------------------------------------------------------------------------------------------------------------------------+
; Slow 1200mV 0C Model Fmax Summary                                                                                          ;
+------------+-----------------+-----------------------------+---------------------------------------------------------------+
; Fmax       ; Restricted Fmax ; Clock Name                  ; Note                                                          ;
+------------+-----------------+-----------------------------+---------------------------------------------------------------+
; 318.88 MHz ; 318.88 MHz      ; Controller:control|y.IDLE   ;                                                               ;
; 383.88 MHz ; 250.0 MHz       ; clk                         ; limit due to minimum period restriction (max I/O toggle rate) ;
; 1039.5 MHz ; 1039.5 MHz      ; Controller:control|y.REPORT ;                                                               ;
+------------+-----------------+-----------------------------+---------------------------------------------------------------+
This panel reports FMAX for every clock in the design, regardless of the user-specified clock periods.  FMAX is only computed for paths where the source and destination registers or ports are driven by the same clock.  Paths of different clocks, including generated clocks, are ignored.  For paths between a clock and its inversion, FMAX is computed as if the rising and falling edges are scaled along with FMAX, such that the duty cycle (in terms of a percentage) is maintained. Altera recommends that you always use clock constraints and other slack reports for sign-off analysis.


+------------------------------------------------------+
; Slow 1200mV 0C Model Setup Summary                   ;
+-----------------------------+--------+---------------+
; Clock                       ; Slack  ; End Point TNS ;
+-----------------------------+--------+---------------+
; Controller:control|y.IDLE   ; -3.712 ; -22.246       ;
; Controller:control|y.REPORT ; -3.196 ; -13.889       ;
; clk                         ; -1.605 ; -66.900       ;
+-----------------------------+--------+---------------+


+------------------------------------------------------+
; Slow 1200mV 0C Model Hold Summary                    ;
+-----------------------------+--------+---------------+
; Clock                       ; Slack  ; End Point TNS ;
+-----------------------------+--------+---------------+
; Controller:control|y.REPORT ; -2.292 ; -5.050        ;
; Controller:control|y.IDLE   ; -0.764 ; -1.506        ;
; clk                         ; -0.303 ; -4.531        ;
+-----------------------------+--------+---------------+


+---------------------------------------+
; Slow 1200mV 0C Model Recovery Summary ;
+-------+--------+----------------------+
; Clock ; Slack  ; End Point TNS        ;
+-------+--------+----------------------+
; clk   ; -1.059 ; -17.398              ;
+-------+--------+----------------------+


+--------------------------------------+
; Slow 1200mV 0C Model Removal Summary ;
+-------+-------+----------------------+
; Clock ; Slack ; End Point TNS        ;
+-------+-------+----------------------+
; clk   ; 1.206 ; 0.000                ;
+-------+-------+----------------------+


+------------------------------------------------------+
; Slow 1200mV 0C Model Minimum Pulse Width Summary     ;
+-----------------------------+--------+---------------+
; Clock                       ; Slack  ; End Point TNS ;
+-----------------------------+--------+---------------+
; clk                         ; -3.000 ; -90.000       ;
; Controller:control|y.REPORT ; 0.378  ; 0.000         ;
; Controller:control|y.IDLE   ; 0.397  ; 0.000         ;
+-----------------------------+--------+---------------+


+-------------------------------------------------------------------------------------------------------------------------------------------------------------------+
; Slow 1200mV 0C Model Setup: 'Controller:control|y.IDLE'                                                                                                           ;
+--------+-----------------------------+-------------------------+-----------------------------+---------------------------+--------------+------------+------------+
; Slack  ; From Node                   ; To Node                 ; Launch Clock                ; Latch Clock               ; Relationship ; Clock Skew ; Data Delay ;
+--------+-----------------------------+-------------------------+-----------------------------+---------------------------+--------------+------------+------------+
; -3.712 ; Controller:control|y.MUL2   ; Controller:control|en3  ; clk                         ; Controller:control|y.IDLE ; 1.000        ; -1.659     ; 1.386      ;
; -2.904 ; Controller:control|y.SAVE_Y ; Controller:control|ack  ; clk                         ; Controller:control|y.IDLE ; 1.000        ; -1.990     ; 1.106      ;
; -2.533 ; Controller:control|y.SUB    ; Controller:control|LA   ; clk                         ; Controller:control|y.IDLE ; 0.500        ; -0.961     ; 1.253      ;
; -2.430 ; Controller:control|y.SAVE_Y ; Controller:control|LA   ; clk                         ; Controller:control|y.IDLE ; 0.500        ; -0.963     ; 1.148      ;
; -2.405 ; Controller:control|y.SUB    ; Controller:control|LB   ; clk                         ; Controller:control|y.IDLE ; 1.000        ; -0.933     ; 1.768      ;
; -2.277 ; Controller:control|y.MUL1   ; Controller:control|s    ; clk                         ; Controller:control|y.IDLE ; 1.000        ; -0.854     ; 1.831      ;
; -2.276 ; Controller:control|y.LOAD   ; Controller:control|LB   ; clk                         ; Controller:control|y.IDLE ; 1.000        ; -0.935     ; 1.637      ;
; -2.198 ; Controller:control|y.MUL1   ; Controller:control|en4  ; clk                         ; Controller:control|y.IDLE ; 1.000        ; -1.278     ; 1.210      ;
; -2.193 ; Controller:control|y.LOAD   ; Controller:control|sel1 ; clk                         ; Controller:control|y.IDLE ; 1.000        ; -1.282     ; 1.213      ;
; -2.160 ; Controller:control|y.SAVE_Y ; Controller:control|LB   ; clk                         ; Controller:control|y.IDLE ; 1.000        ; -0.935     ; 1.521      ;
; -2.075 ; Controller:control|y.SAVE_Y ; Controller:control|en2  ; clk                         ; Controller:control|y.IDLE ; 1.000        ; -1.424     ; 1.077      ;
; -1.949 ; Controller:control|y.SUB    ; Controller:control|sel2 ; clk                         ; Controller:control|y.IDLE ; 1.000        ; -1.277     ; 1.098      ;
; -1.907 ; Controller:control|y.MUL2   ; Controller:control|s    ; clk                         ; Controller:control|y.IDLE ; 1.000        ; -0.883     ; 1.432      ;
; -1.068 ; Controller:control|y.IDLE   ; Controller:control|en3  ; Controller:control|y.IDLE   ; Controller:control|y.IDLE ; 0.500        ; 1.061      ; 1.152      ;
; -0.540 ; Controller:control|y.IDLE   ; Controller:control|en3  ; Controller:control|y.IDLE   ; Controller:control|y.IDLE ; 1.000        ; 1.061      ; 1.124      ;
; -0.224 ; Controller:control|y.REPORT ; Controller:control|ack  ; Controller:control|y.REPORT ; Controller:control|y.IDLE ; 0.500        ; 0.732      ; 0.838      ;
; -0.036 ; Controller:control|y.IDLE   ; Controller:control|LB   ; Controller:control|y.IDLE   ; Controller:control|y.IDLE ; 0.500        ; 1.787      ; 1.809      ;
; 0.311  ; Controller:control|y.REPORT ; Controller:control|ack  ; Controller:control|y.REPORT ; Controller:control|y.IDLE ; 1.000        ; 0.732      ; 0.803      ;
; 0.383  ; Controller:control|y.IDLE   ; Controller:control|LA   ; Controller:control|y.IDLE   ; Controller:control|y.IDLE ; 0.500        ; 1.759      ; 1.247      ;
; 0.495  ; Controller:control|y.IDLE   ; Controller:control|LB   ; Controller:control|y.IDLE   ; Controller:control|y.IDLE ; 1.000        ; 1.787      ; 1.778      ;
; 0.836  ; Controller:control|y.IDLE   ; Controller:control|LA   ; Controller:control|y.IDLE   ; Controller:control|y.IDLE ; 1.000        ; 1.759      ; 1.294      ;
+--------+-----------------------------+-------------------------+-----------------------------+---------------------------+--------------+------------+------------+


+----------------------------------------------------------------------------------------------------------------------------------------------------------------------------------------------------+
; Slow 1200mV 0C Model Setup: 'Controller:control|y.REPORT'                                                                                                                                          ;
+--------+-------------------------------------------------+------------------------------------+-----------------------------+-----------------------------+--------------+------------+------------+
; Slack  ; From Node                                       ; To Node                            ; Launch Clock                ; Latch Clock                 ; Relationship ; Clock Skew ; Data Delay ;
+--------+-------------------------------------------------+------------------------------------+-----------------------------+-----------------------------+--------------+------------+------------+
; -3.196 ; Controller:control|y.SAVE_Y                     ; Controller:control|ack             ; clk                         ; Controller:control|y.REPORT ; 0.500        ; -1.782     ; 1.106      ;
; -2.780 ; Controller:control|y.SUB                        ; Controller:control|LA              ; clk                         ; Controller:control|y.REPORT ; 1.000        ; -1.708     ; 1.253      ;
; -2.677 ; Controller:control|y.SAVE_Y                     ; Controller:control|LA              ; clk                         ; Controller:control|y.REPORT ; 1.000        ; -1.710     ; 1.148      ;
; -1.612 ; Controller:control|y.MUL1                       ; Controller:control|Y.SAVE_MUL1_291 ; clk                         ; Controller:control|y.REPORT ; 1.000        ; 0.243      ; 1.276      ;
; -1.574 ; Datapath:datapath|Multiplier:multiplier|y.S3    ; Controller:control|Y.SAVE_MUL1_291 ; clk                         ; Controller:control|y.REPORT ; 1.000        ; 0.394      ; 1.389      ;
; -1.510 ; Datapath:datapath|Multiplier:multiplier|y.S3    ; Controller:control|Y.MUL2_275      ; clk                         ; Controller:control|y.REPORT ; 1.000        ; 0.395      ; 1.801      ;
; -1.469 ; Controller:control|y.SAVE_MUL1                  ; Controller:control|Y.SUB_283       ; clk                         ; Controller:control|y.REPORT ; 1.000        ; 0.117      ; 1.271      ;
; -1.400 ; Controller:control|y.SUB                        ; Controller:control|Y.MUL2_275      ; clk                         ; Controller:control|y.REPORT ; 1.000        ; 0.215      ; 1.511      ;
; -1.374 ; Controller:control|y.MUL2                       ; Controller:control|Y.MUL2_275      ; clk                         ; Controller:control|y.REPORT ; 1.000        ; 0.215      ; 1.485      ;
; -1.322 ; Datapath:datapath|Counter_4bit:counter|count[3] ; Controller:control|Y.MUL1_299      ; clk                         ; Controller:control|y.REPORT ; 1.000        ; 0.342      ; 1.776      ;
; -1.313 ; Datapath:datapath|Counter_4bit:counter|count[2] ; Controller:control|Y.MUL1_299      ; clk                         ; Controller:control|y.REPORT ; 1.000        ; 0.342      ; 1.767      ;
; -1.244 ; Controller:control|y.SAVE_Y                     ; Controller:control|Y.MUL1_299      ; clk                         ; Controller:control|y.REPORT ; 1.000        ; 0.206      ; 1.562      ;
; -1.142 ; Datapath:datapath|Counter_4bit:counter|count[3] ; Controller:control|Y.REPORT_259    ; clk                         ; Controller:control|y.REPORT ; 1.000        ; 0.488      ; 1.722      ;
; -1.133 ; Datapath:datapath|Counter_4bit:counter|count[2] ; Controller:control|Y.REPORT_259    ; clk                         ; Controller:control|y.REPORT ; 1.000        ; 0.488      ; 1.713      ;
; -1.126 ; Datapath:datapath|Counter_4bit:counter|count[0] ; Controller:control|Y.MUL1_299      ; clk                         ; Controller:control|y.REPORT ; 1.000        ; 0.342      ; 1.580      ;
; -1.053 ; Controller:control|y.LOAD                       ; Controller:control|Y.MUL1_299      ; clk                         ; Controller:control|y.REPORT ; 1.000        ; 0.206      ; 1.371      ;
; -1.041 ; Controller:control|y.MUL1                       ; Controller:control|Y.MUL1_299      ; clk                         ; Controller:control|y.REPORT ; 1.000        ; 0.237      ; 1.390      ;
; -0.986 ; Datapath:datapath|Counter_4bit:counter|count[1] ; Controller:control|Y.MUL1_299      ; clk                         ; Controller:control|y.REPORT ; 1.000        ; 0.342      ; 1.440      ;
; -0.971 ; Datapath:datapath|Multiplier:multiplier|y.S3    ; Controller:control|Y.MUL1_299      ; clk                         ; Controller:control|y.REPORT ; 1.000        ; 0.388      ; 1.471      ;
; -0.943 ; Datapath:datapath|Counter_4bit:counter|count[0] ; Controller:control|Y.REPORT_259    ; clk                         ; Controller:control|y.REPORT ; 1.000        ; 0.488      ; 1.523      ;
; -0.858 ; Controller:control|y.MUL2                       ; Controller:control|Y.SAVE_Y_267    ; clk                         ; Controller:control|y.REPORT ; 1.000        ; 0.388      ; 1.470      ;
; -0.858 ; Datapath:datapath|Multiplier:multiplier|y.S3    ; Controller:control|Y.SAVE_Y_267    ; clk                         ; Controller:control|y.REPORT ; 1.000        ; 0.568      ; 1.650      ;
; -0.817 ; Datapath:datapath|Counter_4bit:counter|count[1] ; Controller:control|Y.REPORT_259    ; clk                         ; Controller:control|y.REPORT ; 1.000        ; 0.488      ; 1.397      ;
; -0.670 ; Controller:control|y.SAVE_Y                     ; Controller:control|Y.REPORT_259    ; clk                         ; Controller:control|y.REPORT ; 1.000        ; 0.352      ; 1.114      ;
; -0.411 ; Controller:control|y.IDLE                       ; Controller:control|LA              ; Controller:control|y.IDLE   ; Controller:control|y.REPORT ; 0.500        ; 1.012      ; 1.294      ;
; 0.019  ; Controller:control|y.REPORT                     ; Controller:control|ack             ; Controller:control|y.REPORT ; Controller:control|y.REPORT ; 0.500        ; 0.940      ; 0.803      ;
; 0.136  ; Controller:control|y.IDLE                       ; Controller:control|LA              ; Controller:control|y.IDLE   ; Controller:control|y.REPORT ; 1.000        ; 1.012      ; 1.247      ;
; 0.484  ; Controller:control|y.REPORT                     ; Controller:control|ack             ; Controller:control|y.REPORT ; Controller:control|y.REPORT ; 1.000        ; 0.940      ; 0.838      ;
; 1.659  ; Controller:control|y.IDLE                       ; Controller:control|Y.LOAD_307      ; Controller:control|y.IDLE   ; Controller:control|y.REPORT ; 0.500        ; 2.959      ; 1.137      ;
; 1.924  ; Controller:control|y.IDLE                       ; Controller:control|Y.IDLE_315      ; Controller:control|y.IDLE   ; Controller:control|y.REPORT ; 0.500        ; 2.959      ; 1.167      ;
; 2.191  ; Controller:control|y.IDLE                       ; Controller:control|Y.LOAD_307      ; Controller:control|y.IDLE   ; Controller:control|y.REPORT ; 1.000        ; 2.959      ; 1.105      ;
; 2.506  ; Controller:control|y.IDLE                       ; Controller:control|Y.IDLE_315      ; Controller:control|y.IDLE   ; Controller:control|y.REPORT ; 1.000        ; 2.959      ; 1.085      ;
+--------+-------------------------------------------------+------------------------------------+-----------------------------+-----------------------------+--------------+------------+------------+


+------------------------------------------------------------------------------------------------------------------------------------------------------------------------------------------------------------+
; Slow 1200mV 0C Model Setup: 'clk'                                                                                                                                                                          ;
+--------+--------------------------------------------------------------+--------------------------------------------------------------+--------------+-------------+--------------+------------+------------+
; Slack  ; From Node                                                    ; To Node                                                      ; Launch Clock ; Latch Clock ; Relationship ; Clock Skew ; Data Delay ;
+--------+--------------------------------------------------------------+--------------------------------------------------------------+--------------+-------------+--------------+------------+------------+
; -1.605 ; Datapath:datapath|regne:reg_mul1|Q[2]                        ; Datapath:datapath|Multiplier:multiplier|shiftrne:ShiftB|Q[7] ; clk          ; clk         ; 1.000        ; -0.055     ; 2.545      ;
; -1.470 ; Datapath:datapath|regne:reg_mul1|Q[2]                        ; Datapath:datapath|Multiplier:multiplier|shiftrne:ShiftB|Q[5] ; clk          ; clk         ; 1.000        ; -0.055     ; 2.410      ;
; -1.469 ; Datapath:datapath|regne:reg_mul1|Q[3]                        ; Datapath:datapath|Multiplier:multiplier|shiftrne:ShiftB|Q[7] ; clk          ; clk         ; 1.000        ; -0.055     ; 2.409      ;
; -1.460 ; Datapath:datapath|regne:reg_mul1|Q[2]                        ; Datapath:datapath|Multiplier:multiplier|shiftrne:ShiftB|Q[6] ; clk          ; clk         ; 1.000        ; -0.055     ; 2.400      ;
; -1.415 ; Datapath:datapath|regne:reg_mul1|Q[4]                        ; Datapath:datapath|Multiplier:multiplier|shiftrne:ShiftB|Q[7] ; clk          ; clk         ; 1.000        ; -0.055     ; 2.355      ;
; -1.388 ; Datapath:datapath|regne:reg_mul1|Q[2]                        ; Datapath:datapath|Multiplier:multiplier|shiftrne:ShiftB|Q[3] ; clk          ; clk         ; 1.000        ; -0.055     ; 2.328      ;
; -1.370 ; Datapath:datapath|regne:reg_mul1|Q[5]                        ; Datapath:datapath|Multiplier:multiplier|shiftrne:ShiftB|Q[7] ; clk          ; clk         ; 1.000        ; -0.055     ; 2.310      ;
; -1.361 ; Datapath:datapath|regne:reg_mul1|Q[2]                        ; Datapath:datapath|Multiplier:multiplier|shiftrne:ShiftB|Q[4] ; clk          ; clk         ; 1.000        ; -0.055     ; 2.301      ;
; -1.334 ; Datapath:datapath|regne:reg_mul1|Q[3]                        ; Datapath:datapath|Multiplier:multiplier|shiftrne:ShiftB|Q[5] ; clk          ; clk         ; 1.000        ; -0.055     ; 2.274      ;
; -1.329 ; Datapath:datapath|regne:reg_mul1|Q[2]                        ; Datapath:datapath|Multiplier:multiplier|shiftrne:ShiftB|Q[0] ; clk          ; clk         ; 1.000        ; -0.055     ; 2.269      ;
; -1.324 ; Datapath:datapath|regne:reg_mul1|Q[3]                        ; Datapath:datapath|Multiplier:multiplier|shiftrne:ShiftB|Q[6] ; clk          ; clk         ; 1.000        ; -0.055     ; 2.264      ;
; -1.316 ; Datapath:datapath|regne:reg_mul1|Q[6]                        ; Datapath:datapath|Multiplier:multiplier|shiftrne:ShiftB|Q[7] ; clk          ; clk         ; 1.000        ; -0.055     ; 2.256      ;
; -1.280 ; Datapath:datapath|regne:reg_mul1|Q[4]                        ; Datapath:datapath|Multiplier:multiplier|shiftrne:ShiftB|Q[5] ; clk          ; clk         ; 1.000        ; -0.055     ; 2.220      ;
; -1.268 ; Datapath:datapath|regne:reg_mul1|Q[7]                        ; Datapath:datapath|Multiplier:multiplier|shiftrne:ShiftB|Q[7] ; clk          ; clk         ; 1.000        ; -0.055     ; 2.208      ;
; -1.263 ; Datapath:datapath|Multiplier:multiplier|shiftlne:ShiftA|Q[1] ; Datapath:datapath|Multiplier:multiplier|regne:RegP|Q[12]     ; clk          ; clk         ; 1.000        ; -0.053     ; 2.205      ;
; -1.259 ; Datapath:datapath|regne:reg_mul1|Q[2]                        ; Datapath:datapath|Multiplier:multiplier|shiftrne:ShiftB|Q[2] ; clk          ; clk         ; 1.000        ; -0.055     ; 2.199      ;
; -1.252 ; Datapath:datapath|regne:reg_mul1|Q[3]                        ; Datapath:datapath|Multiplier:multiplier|shiftrne:ShiftB|Q[3] ; clk          ; clk         ; 1.000        ; -0.055     ; 2.192      ;
; -1.245 ; Datapath:datapath|Multiplier:multiplier|shiftlne:ShiftA|Q[1] ; Datapath:datapath|Multiplier:multiplier|regne:RegP|Q[13]     ; clk          ; clk         ; 1.000        ; -0.053     ; 2.187      ;
; -1.235 ; Datapath:datapath|regne:reg_mul1|Q[5]                        ; Datapath:datapath|Multiplier:multiplier|shiftrne:ShiftB|Q[5] ; clk          ; clk         ; 1.000        ; -0.055     ; 2.175      ;
; -1.225 ; Datapath:datapath|regne:reg_mul1|Q[5]                        ; Datapath:datapath|Multiplier:multiplier|shiftrne:ShiftB|Q[6] ; clk          ; clk         ; 1.000        ; -0.055     ; 2.165      ;
; -1.225 ; Datapath:datapath|regne:reg_mul1|Q[3]                        ; Datapath:datapath|Multiplier:multiplier|shiftrne:ShiftB|Q[4] ; clk          ; clk         ; 1.000        ; -0.055     ; 2.165      ;
; -1.219 ; Datapath:datapath|regne:reg_mul1|Q[8]                        ; Datapath:datapath|Multiplier:multiplier|shiftrne:ShiftB|Q[7] ; clk          ; clk         ; 1.000        ; -0.055     ; 2.159      ;
; -1.198 ; Datapath:datapath|regne:reg_mul1|Q[4]                        ; Datapath:datapath|Multiplier:multiplier|shiftrne:ShiftB|Q[3] ; clk          ; clk         ; 1.000        ; -0.055     ; 2.138      ;
; -1.197 ; Datapath:datapath|Multiplier:multiplier|regne:RegP|Q[5]      ; Datapath:datapath|regne:y_reg|Q[7]                           ; clk          ; clk         ; 1.000        ; -0.066     ; 2.126      ;
; -1.193 ; Datapath:datapath|regne:reg_mul1|Q[3]                        ; Datapath:datapath|Multiplier:multiplier|shiftrne:ShiftB|Q[0] ; clk          ; clk         ; 1.000        ; -0.055     ; 2.133      ;
; -1.185 ; Datapath:datapath|Multiplier:multiplier|regne:RegP|Q[6]      ; Datapath:datapath|regne:y_reg|Q[8]                           ; clk          ; clk         ; 1.000        ; -0.066     ; 2.114      ;
; -1.181 ; Datapath:datapath|regne:reg_mul1|Q[6]                        ; Datapath:datapath|Multiplier:multiplier|shiftrne:ShiftB|Q[5] ; clk          ; clk         ; 1.000        ; -0.055     ; 2.121      ;
; -1.179 ; Datapath:datapath|Multiplier:multiplier|regne:RegP|Q[0]      ; Datapath:datapath|regne:y_reg|Q[2]                           ; clk          ; clk         ; 1.000        ; -0.066     ; 2.108      ;
; -1.178 ; Datapath:datapath|Multiplier:multiplier|regne:RegP|Q[12]     ; Datapath:datapath|regne:y_reg|Q[14]                          ; clk          ; clk         ; 1.000        ; -0.066     ; 2.107      ;
; -1.178 ; Datapath:datapath|Multiplier:multiplier|regne:RegP|Q[3]      ; Datapath:datapath|regne:y_reg|Q[5]                           ; clk          ; clk         ; 1.000        ; -0.066     ; 2.107      ;
; -1.172 ; Datapath:datapath|regne:reg_mul1|Q[9]                        ; Datapath:datapath|Multiplier:multiplier|shiftrne:ShiftB|Q[7] ; clk          ; clk         ; 1.000        ; -0.055     ; 2.112      ;
; -1.168 ; Datapath:datapath|Multiplier:multiplier|shiftlne:ShiftA|Q[2] ; Datapath:datapath|Multiplier:multiplier|regne:RegP|Q[13]     ; clk          ; clk         ; 1.000        ; -0.053     ; 2.110      ;
; -1.163 ; Datapath:datapath|Multiplier:multiplier|shiftlne:ShiftA|Q[1] ; Datapath:datapath|Multiplier:multiplier|regne:RegP|Q[10]     ; clk          ; clk         ; 1.000        ; -0.053     ; 2.105      ;
; -1.158 ; Datapath:datapath|regne:reg_mul1|Q[4]                        ; Datapath:datapath|Multiplier:multiplier|shiftrne:ShiftB|Q[6] ; clk          ; clk         ; 1.000        ; -0.055     ; 2.098      ;
; -1.155 ; Datapath:datapath|Multiplier:multiplier|regne:RegP|Q[10]     ; Datapath:datapath|regne:y_reg|Q[12]                          ; clk          ; clk         ; 1.000        ; -0.066     ; 2.084      ;
; -1.153 ; Datapath:datapath|regne:reg_mul1|Q[5]                        ; Datapath:datapath|Multiplier:multiplier|shiftrne:ShiftB|Q[3] ; clk          ; clk         ; 1.000        ; -0.055     ; 2.093      ;
; -1.146 ; Datapath:datapath|Multiplier:multiplier|regne:RegP|Q[8]      ; Datapath:datapath|regne:y_reg|Q[10]                          ; clk          ; clk         ; 1.000        ; -0.066     ; 2.075      ;
; -1.145 ; Datapath:datapath|Multiplier:multiplier|shiftlne:ShiftA|Q[1] ; Datapath:datapath|Multiplier:multiplier|regne:RegP|Q[11]     ; clk          ; clk         ; 1.000        ; -0.053     ; 2.087      ;
; -1.144 ; Datapath:datapath|Multiplier:multiplier|shiftlne:ShiftA|Q[3] ; Datapath:datapath|Multiplier:multiplier|regne:RegP|Q[12]     ; clk          ; clk         ; 1.000        ; -0.053     ; 2.086      ;
; -1.141 ; Datapath:datapath|Multiplier:multiplier|regne:RegP|Q[2]      ; Datapath:datapath|regne:y_reg|Q[4]                           ; clk          ; clk         ; 1.000        ; -0.066     ; 2.070      ;
; -1.139 ; Datapath:datapath|Multiplier:multiplier|regne:RegP|Q[1]      ; Datapath:datapath|regne:y_reg|Q[3]                           ; clk          ; clk         ; 1.000        ; -0.066     ; 2.068      ;
; -1.133 ; Datapath:datapath|regne:reg_mul1|Q[7]                        ; Datapath:datapath|Multiplier:multiplier|shiftrne:ShiftB|Q[5] ; clk          ; clk         ; 1.000        ; -0.055     ; 2.073      ;
; -1.132 ; Datapath:datapath|Multiplier:multiplier|shiftlne:ShiftA|Q[4] ; Datapath:datapath|Multiplier:multiplier|regne:RegP|Q[13]     ; clk          ; clk         ; 1.000        ; -0.053     ; 2.074      ;
; -1.126 ; Datapath:datapath|regne:reg_mul1|Q[5]                        ; Datapath:datapath|Multiplier:multiplier|shiftrne:ShiftB|Q[4] ; clk          ; clk         ; 1.000        ; -0.055     ; 2.066      ;
; -1.126 ; Datapath:datapath|Multiplier:multiplier|shiftlne:ShiftA|Q[3] ; Datapath:datapath|Multiplier:multiplier|regne:RegP|Q[13]     ; clk          ; clk         ; 1.000        ; -0.053     ; 2.068      ;
; -1.123 ; Datapath:datapath|Multiplier:multiplier|regne:RegP|Q[11]     ; Datapath:datapath|regne:y_reg|Q[13]                          ; clk          ; clk         ; 1.000        ; -0.066     ; 2.052      ;
; -1.123 ; Datapath:datapath|regne:reg_mul1|Q[7]                        ; Datapath:datapath|Multiplier:multiplier|shiftrne:ShiftB|Q[6] ; clk          ; clk         ; 1.000        ; -0.055     ; 2.063      ;
; -1.123 ; Datapath:datapath|regne:reg_mul1|Q[3]                        ; Datapath:datapath|Multiplier:multiplier|shiftrne:ShiftB|Q[2] ; clk          ; clk         ; 1.000        ; -0.055     ; 2.063      ;
; -1.119 ; Datapath:datapath|regne:reg_mul1|Q[10]                       ; Datapath:datapath|Multiplier:multiplier|shiftrne:ShiftB|Q[7] ; clk          ; clk         ; 1.000        ; -0.055     ; 2.059      ;
; -1.099 ; Datapath:datapath|regne:reg_mul1|Q[6]                        ; Datapath:datapath|Multiplier:multiplier|shiftrne:ShiftB|Q[3] ; clk          ; clk         ; 1.000        ; -0.055     ; 2.039      ;
; -1.094 ; Datapath:datapath|regne:reg_mul1|Q[2]                        ; Datapath:datapath|Multiplier:multiplier|shiftrne:ShiftB|Q[1] ; clk          ; clk         ; 1.000        ; -0.055     ; 2.034      ;
; -1.094 ; Datapath:datapath|regne:reg_mul1|Q[5]                        ; Datapath:datapath|Multiplier:multiplier|shiftrne:ShiftB|Q[0] ; clk          ; clk         ; 1.000        ; -0.055     ; 2.034      ;
; -1.084 ; Datapath:datapath|regne:reg_mul1|Q[8]                        ; Datapath:datapath|Multiplier:multiplier|shiftrne:ShiftB|Q[5] ; clk          ; clk         ; 1.000        ; -0.055     ; 2.024      ;
; -1.072 ; Datapath:datapath|regne:reg_mul1|Q[11]                       ; Datapath:datapath|Multiplier:multiplier|shiftrne:ShiftB|Q[7] ; clk          ; clk         ; 1.000        ; -0.055     ; 2.012      ;
; -1.072 ; Datapath:datapath|Multiplier:multiplier|shiftlne:ShiftA|Q[2] ; Datapath:datapath|Multiplier:multiplier|regne:RegP|Q[12]     ; clk          ; clk         ; 1.000        ; -0.053     ; 2.014      ;
; -1.068 ; Datapath:datapath|Multiplier:multiplier|shiftlne:ShiftA|Q[2] ; Datapath:datapath|Multiplier:multiplier|regne:RegP|Q[11]     ; clk          ; clk         ; 1.000        ; -0.053     ; 2.010      ;
; -1.063 ; Datapath:datapath|Multiplier:multiplier|shiftlne:ShiftA|Q[1] ; Datapath:datapath|Multiplier:multiplier|regne:RegP|Q[8]      ; clk          ; clk         ; 1.000        ; -0.053     ; 2.005      ;
; -1.061 ; Datapath:datapath|regne:reg_mul1|Q[6]                        ; Datapath:datapath|Multiplier:multiplier|shiftrne:ShiftB|Q[6] ; clk          ; clk         ; 1.000        ; -0.055     ; 2.001      ;
; -1.059 ; Datapath:datapath|regne:reg_mul1|Q[4]                        ; Datapath:datapath|Multiplier:multiplier|shiftrne:ShiftB|Q[4] ; clk          ; clk         ; 1.000        ; -0.055     ; 1.999      ;
; -1.051 ; Datapath:datapath|regne:reg_mul1|Q[7]                        ; Datapath:datapath|Multiplier:multiplier|shiftrne:ShiftB|Q[3] ; clk          ; clk         ; 1.000        ; -0.055     ; 1.991      ;
; -1.050 ; Datapath:datapath|Multiplier:multiplier|shiftlne:ShiftA|Q[5] ; Datapath:datapath|Multiplier:multiplier|regne:RegP|Q[12]     ; clk          ; clk         ; 1.000        ; -0.053     ; 1.992      ;
; -1.050 ; Datapath:datapath|Multiplier:multiplier|regne:RegP|Q[0]      ; Datapath:datapath|Multiplier:multiplier|regne:RegP|Q[13]     ; clk          ; clk         ; 1.000        ; -0.056     ; 1.989      ;
; -1.045 ; Datapath:datapath|Multiplier:multiplier|shiftlne:ShiftA|Q[1] ; Datapath:datapath|Multiplier:multiplier|regne:RegP|Q[9]      ; clk          ; clk         ; 1.000        ; -0.053     ; 1.987      ;
; -1.044 ; Datapath:datapath|Multiplier:multiplier|shiftlne:ShiftA|Q[3] ; Datapath:datapath|Multiplier:multiplier|regne:RegP|Q[10]     ; clk          ; clk         ; 1.000        ; -0.053     ; 1.986      ;
; -1.043 ; Datapath:datapath|Multiplier:multiplier|shiftlne:ShiftA|Q[0] ; Datapath:datapath|Multiplier:multiplier|regne:RegP|Q[13]     ; clk          ; clk         ; 1.000        ; -0.053     ; 1.985      ;
; -1.037 ; Datapath:datapath|regne:reg_mul1|Q[9]                        ; Datapath:datapath|Multiplier:multiplier|shiftrne:ShiftB|Q[5] ; clk          ; clk         ; 1.000        ; -0.055     ; 1.977      ;
; -1.032 ; Datapath:datapath|Multiplier:multiplier|shiftlne:ShiftA|Q[5] ; Datapath:datapath|Multiplier:multiplier|regne:RegP|Q[13]     ; clk          ; clk         ; 1.000        ; -0.053     ; 1.974      ;
; -1.032 ; Datapath:datapath|Multiplier:multiplier|shiftlne:ShiftA|Q[4] ; Datapath:datapath|Multiplier:multiplier|regne:RegP|Q[11]     ; clk          ; clk         ; 1.000        ; -0.053     ; 1.974      ;
; -1.027 ; Datapath:datapath|regne:reg_mul1|Q[9]                        ; Datapath:datapath|Multiplier:multiplier|shiftrne:ShiftB|Q[6] ; clk          ; clk         ; 1.000        ; -0.055     ; 1.967      ;
; -1.027 ; Datapath:datapath|regne:reg_mul1|Q[4]                        ; Datapath:datapath|Multiplier:multiplier|shiftrne:ShiftB|Q[0] ; clk          ; clk         ; 1.000        ; -0.055     ; 1.967      ;
; -1.026 ; Datapath:datapath|Multiplier:multiplier|shiftlne:ShiftA|Q[3] ; Datapath:datapath|Multiplier:multiplier|regne:RegP|Q[11]     ; clk          ; clk         ; 1.000        ; -0.053     ; 1.968      ;
; -1.024 ; Datapath:datapath|regne:reg_mul1|Q[7]                        ; Datapath:datapath|Multiplier:multiplier|shiftrne:ShiftB|Q[4] ; clk          ; clk         ; 1.000        ; -0.055     ; 1.964      ;
; -1.024 ; Datapath:datapath|regne:reg_mul1|Q[5]                        ; Datapath:datapath|Multiplier:multiplier|shiftrne:ShiftB|Q[2] ; clk          ; clk         ; 1.000        ; -0.055     ; 1.964      ;
; -1.022 ; Datapath:datapath|Multiplier:multiplier|shiftlne:ShiftA|Q[4] ; Datapath:datapath|Multiplier:multiplier|regne:RegP|Q[12]     ; clk          ; clk         ; 1.000        ; -0.053     ; 1.964      ;
; -1.015 ; Datapath:datapath|regne:reg_mul1|Q[12]                       ; Datapath:datapath|Multiplier:multiplier|shiftrne:ShiftB|Q[7] ; clk          ; clk         ; 1.000        ; -0.055     ; 1.955      ;
; -1.009 ; Datapath:datapath|Multiplier:multiplier|shiftlne:ShiftA|Q[6] ; Datapath:datapath|Multiplier:multiplier|regne:RegP|Q[13]     ; clk          ; clk         ; 1.000        ; -0.053     ; 1.951      ;
; -1.002 ; Datapath:datapath|regne:reg_mul1|Q[8]                        ; Datapath:datapath|Multiplier:multiplier|shiftrne:ShiftB|Q[3] ; clk          ; clk         ; 1.000        ; -0.055     ; 1.942      ;
; -0.992 ; Datapath:datapath|regne:reg_mul1|Q[7]                        ; Datapath:datapath|Multiplier:multiplier|shiftrne:ShiftB|Q[0] ; clk          ; clk         ; 1.000        ; -0.055     ; 1.932      ;
; -0.984 ; Datapath:datapath|regne:reg_mul1|Q[10]                       ; Datapath:datapath|Multiplier:multiplier|shiftrne:ShiftB|Q[5] ; clk          ; clk         ; 1.000        ; -0.055     ; 1.924      ;
; -0.977 ; Datapath:datapath|Multiplier:multiplier|regne:RegP|Q[7]      ; Datapath:datapath|regne:y_reg|Q[9]                           ; clk          ; clk         ; 1.000        ; -0.066     ; 1.906      ;
; -0.972 ; Datapath:datapath|Multiplier:multiplier|shiftlne:ShiftA|Q[2] ; Datapath:datapath|Multiplier:multiplier|regne:RegP|Q[10]     ; clk          ; clk         ; 1.000        ; -0.053     ; 1.914      ;
; -0.970 ; Datapath:datapath|regne:reg_mul1|Q[13]                       ; Datapath:datapath|Multiplier:multiplier|shiftrne:ShiftB|Q[7] ; clk          ; clk         ; 1.000        ; -0.055     ; 1.910      ;
; -0.968 ; Datapath:datapath|Multiplier:multiplier|shiftlne:ShiftA|Q[2] ; Datapath:datapath|Multiplier:multiplier|regne:RegP|Q[9]      ; clk          ; clk         ; 1.000        ; -0.053     ; 1.910      ;
; -0.966 ; Datapath:datapath|Multiplier:multiplier|regne:RegP|Q[0]      ; Datapath:datapath|Multiplier:multiplier|regne:RegP|Q[12]     ; clk          ; clk         ; 1.000        ; -0.056     ; 1.905      ;
; -0.963 ; Datapath:datapath|Multiplier:multiplier|shiftlne:ShiftA|Q[1] ; Datapath:datapath|Multiplier:multiplier|regne:RegP|Q[6]      ; clk          ; clk         ; 1.000        ; -0.053     ; 1.905      ;
; -0.962 ; Datapath:datapath|regne:reg_mul1|Q[6]                        ; Datapath:datapath|Multiplier:multiplier|shiftrne:ShiftB|Q[4] ; clk          ; clk         ; 1.000        ; -0.055     ; 1.902      ;
; -0.961 ; Datapath:datapath|Multiplier:multiplier|shiftlne:ShiftA|Q[7] ; Datapath:datapath|Multiplier:multiplier|regne:RegP|Q[12]     ; clk          ; clk         ; 1.000        ; -0.053     ; 1.903      ;
; -0.958 ; Datapath:datapath|regne:reg_mul1|Q[3]                        ; Datapath:datapath|Multiplier:multiplier|shiftrne:ShiftB|Q[1] ; clk          ; clk         ; 1.000        ; -0.055     ; 1.898      ;
; -0.957 ; Datapath:datapath|regne:reg_mul1|Q[4]                        ; Datapath:datapath|Multiplier:multiplier|shiftrne:ShiftB|Q[2] ; clk          ; clk         ; 1.000        ; -0.055     ; 1.897      ;
; -0.956 ; Datapath:datapath|regne:reg_mul1|Q[8]                        ; Datapath:datapath|Multiplier:multiplier|shiftrne:ShiftB|Q[6] ; clk          ; clk         ; 1.000        ; -0.055     ; 1.896      ;
; -0.955 ; Datapath:datapath|regne:reg_mul1|Q[9]                        ; Datapath:datapath|Multiplier:multiplier|shiftrne:ShiftB|Q[3] ; clk          ; clk         ; 1.000        ; -0.055     ; 1.895      ;
; -0.952 ; Datapath:datapath|Multiplier:multiplier|regne:RegP|Q[9]      ; Datapath:datapath|regne:y_reg|Q[11]                          ; clk          ; clk         ; 1.000        ; -0.066     ; 1.881      ;
; -0.951 ; Datapath:datapath|Multiplier:multiplier|shiftlne:ShiftA|Q[0] ; Datapath:datapath|Multiplier:multiplier|regne:RegP|Q[12]     ; clk          ; clk         ; 1.000        ; -0.053     ; 1.893      ;
; -0.950 ; Datapath:datapath|Multiplier:multiplier|shiftlne:ShiftA|Q[5] ; Datapath:datapath|Multiplier:multiplier|regne:RegP|Q[10]     ; clk          ; clk         ; 1.000        ; -0.053     ; 1.892      ;
; -0.950 ; Datapath:datapath|Multiplier:multiplier|regne:RegP|Q[0]      ; Datapath:datapath|Multiplier:multiplier|regne:RegP|Q[11]     ; clk          ; clk         ; 1.000        ; -0.056     ; 1.889      ;
; -0.945 ; Datapath:datapath|Multiplier:multiplier|shiftlne:ShiftA|Q[1] ; Datapath:datapath|Multiplier:multiplier|regne:RegP|Q[7]      ; clk          ; clk         ; 1.000        ; -0.053     ; 1.887      ;
; -0.944 ; Datapath:datapath|Multiplier:multiplier|shiftlne:ShiftA|Q[3] ; Datapath:datapath|Multiplier:multiplier|regne:RegP|Q[8]      ; clk          ; clk         ; 1.000        ; -0.053     ; 1.886      ;
; -0.943 ; Datapath:datapath|Multiplier:multiplier|shiftlne:ShiftA|Q[7] ; Datapath:datapath|Multiplier:multiplier|regne:RegP|Q[13]     ; clk          ; clk         ; 1.000        ; -0.053     ; 1.885      ;
; -0.943 ; Datapath:datapath|Multiplier:multiplier|shiftlne:ShiftA|Q[0] ; Datapath:datapath|Multiplier:multiplier|regne:RegP|Q[11]     ; clk          ; clk         ; 1.000        ; -0.053     ; 1.885      ;
; -0.937 ; Datapath:datapath|regne:reg_mul1|Q[11]                       ; Datapath:datapath|Multiplier:multiplier|shiftrne:ShiftB|Q[5] ; clk          ; clk         ; 1.000        ; -0.055     ; 1.877      ;
+--------+--------------------------------------------------------------+--------------------------------------------------------------+--------------+-------------+--------------+------------+------------+


+----------------------------------------------------------------------------------------------------------------------------------------------------------------------------------------------------+
; Slow 1200mV 0C Model Hold: 'Controller:control|y.REPORT'                                                                                                                                           ;
+--------+-------------------------------------------------+------------------------------------+-----------------------------+-----------------------------+--------------+------------+------------+
; Slack  ; From Node                                       ; To Node                            ; Launch Clock                ; Latch Clock                 ; Relationship ; Clock Skew ; Data Delay ;
+--------+-------------------------------------------------+------------------------------------+-----------------------------+-----------------------------+--------------+------------+------------+
; -2.292 ; Controller:control|y.IDLE                       ; Controller:control|Y.IDLE_315      ; Controller:control|y.IDLE   ; Controller:control|y.REPORT ; 0.000        ; 3.083      ; 0.991      ;
; -2.286 ; Controller:control|y.IDLE                       ; Controller:control|Y.LOAD_307      ; Controller:control|y.IDLE   ; Controller:control|y.REPORT ; 0.000        ; 3.083      ; 0.997      ;
; -1.744 ; Controller:control|y.IDLE                       ; Controller:control|Y.LOAD_307      ; Controller:control|y.IDLE   ; Controller:control|y.REPORT ; -0.500       ; 3.083      ; 1.039      ;
; -1.715 ; Controller:control|y.IDLE                       ; Controller:control|Y.IDLE_315      ; Controller:control|y.IDLE   ; Controller:control|y.REPORT ; -0.500       ; 3.083      ; 1.068      ;
; -0.419 ; Controller:control|y.REPORT                     ; Controller:control|ack             ; Controller:control|y.REPORT ; Controller:control|y.REPORT ; 0.000        ; 1.053      ; 0.814      ;
; -0.053 ; Controller:control|y.IDLE                       ; Controller:control|LA              ; Controller:control|y.IDLE   ; Controller:control|y.REPORT ; 0.000        ; 1.056      ; 1.203      ;
; 0.025  ; Controller:control|y.REPORT                     ; Controller:control|ack             ; Controller:control|y.REPORT ; Controller:control|y.REPORT ; -0.500       ; 1.053      ; 0.778      ;
; 0.328  ; Controller:control|y.SAVE_Y                     ; Controller:control|Y.REPORT_259    ; clk                         ; Controller:control|y.REPORT ; 0.000        ; 0.617      ; 0.975      ;
; 0.492  ; Controller:control|y.IDLE                       ; Controller:control|LA              ; Controller:control|y.IDLE   ; Controller:control|y.REPORT ; -0.500       ; 1.056      ; 1.248      ;
; 0.507  ; Datapath:datapath|Counter_4bit:counter|count[1] ; Controller:control|Y.REPORT_259    ; clk                         ; Controller:control|y.REPORT ; 0.000        ; 0.748      ; 1.285      ;
; 0.592  ; Controller:control|y.MUL2                       ; Controller:control|Y.SAVE_Y_267    ; clk                         ; Controller:control|y.REPORT ; 0.000        ; 0.622      ; 1.244      ;
; 0.601  ; Datapath:datapath|Counter_4bit:counter|count[0] ; Controller:control|Y.REPORT_259    ; clk                         ; Controller:control|y.REPORT ; 0.000        ; 0.748      ; 1.379      ;
; 0.689  ; Datapath:datapath|Multiplier:multiplier|y.S3    ; Controller:control|Y.SAVE_MUL1_291 ; clk                         ; Controller:control|y.REPORT ; 0.000        ; 0.610      ; 1.329      ;
; 0.693  ; Datapath:datapath|Multiplier:multiplier|y.S3    ; Controller:control|Y.SAVE_Y_267    ; clk                         ; Controller:control|y.REPORT ; 0.000        ; 0.795      ; 1.518      ;
; 0.713  ; Controller:control|y.MUL1                       ; Controller:control|Y.SAVE_MUL1_291 ; clk                         ; Controller:control|y.REPORT ; 0.000        ; 0.465      ; 1.208      ;
; 0.729  ; Datapath:datapath|Counter_4bit:counter|count[1] ; Controller:control|Y.MUL1_299      ; clk                         ; Controller:control|y.REPORT ; 0.000        ; 0.560      ; 1.319      ;
; 0.758  ; Datapath:datapath|Counter_4bit:counter|count[3] ; Controller:control|Y.REPORT_259    ; clk                         ; Controller:control|y.REPORT ; 0.000        ; 0.748      ; 1.536      ;
; 0.772  ; Datapath:datapath|Multiplier:multiplier|y.S3    ; Controller:control|Y.MUL1_299      ; clk                         ; Controller:control|y.REPORT ; 0.000        ; 0.604      ; 1.406      ;
; 0.801  ; Datapath:datapath|Counter_4bit:counter|count[2] ; Controller:control|Y.REPORT_259    ; clk                         ; Controller:control|y.REPORT ; 0.000        ; 0.748      ; 1.579      ;
; 0.819  ; Controller:control|y.MUL2                       ; Controller:control|Y.MUL2_275      ; clk                         ; Controller:control|y.REPORT ; 0.000        ; 0.438      ; 1.287      ;
; 0.820  ; Controller:control|y.SAVE_MUL1                  ; Controller:control|Y.SUB_283       ; clk                         ; Controller:control|y.REPORT ; 0.000        ; 0.336      ; 1.186      ;
; 0.824  ; Controller:control|y.LOAD                       ; Controller:control|Y.MUL1_299      ; clk                         ; Controller:control|y.REPORT ; 0.000        ; 0.429      ; 1.283      ;
; 0.825  ; Datapath:datapath|Counter_4bit:counter|count[0] ; Controller:control|Y.MUL1_299      ; clk                         ; Controller:control|y.REPORT ; 0.000        ; 0.560      ; 1.415      ;
; 0.844  ; Controller:control|y.MUL1                       ; Controller:control|Y.MUL1_299      ; clk                         ; Controller:control|y.REPORT ; 0.000        ; 0.459      ; 1.333      ;
; 0.920  ; Controller:control|y.SUB                        ; Controller:control|Y.MUL2_275      ; clk                         ; Controller:control|y.REPORT ; 0.000        ; 0.438      ; 1.388      ;
; 1.000  ; Datapath:datapath|Counter_4bit:counter|count[3] ; Controller:control|Y.MUL1_299      ; clk                         ; Controller:control|y.REPORT ; 0.000        ; 0.560      ; 1.590      ;
; 1.006  ; Datapath:datapath|Multiplier:multiplier|y.S3    ; Controller:control|Y.MUL2_275      ; clk                         ; Controller:control|y.REPORT ; 0.000        ; 0.611      ; 1.647      ;
; 1.034  ; Controller:control|y.SAVE_Y                     ; Controller:control|Y.MUL1_299      ; clk                         ; Controller:control|y.REPORT ; 0.000        ; 0.429      ; 1.493      ;
; 1.043  ; Datapath:datapath|Counter_4bit:counter|count[2] ; Controller:control|Y.MUL1_299      ; clk                         ; Controller:control|y.REPORT ; 0.000        ; 0.560      ; 1.633      ;
; 2.610  ; Controller:control|y.SAVE_Y                     ; Controller:control|LA              ; clk                         ; Controller:control|y.REPORT ; 0.000        ; -1.566     ; 1.074      ;
; 2.673  ; Controller:control|y.SUB                        ; Controller:control|LA              ; clk                         ; Controller:control|y.REPORT ; 0.000        ; -1.564     ; 1.139      ;
; 2.978  ; Controller:control|y.SAVE_Y                     ; Controller:control|ack             ; clk                         ; Controller:control|y.REPORT ; -0.500       ; -1.569     ; 0.939      ;
+--------+-------------------------------------------------+------------------------------------+-----------------------------+-----------------------------+--------------+------------+------------+


+-------------------------------------------------------------------------------------------------------------------------------------------------------------------+
; Slow 1200mV 0C Model Hold: 'Controller:control|y.IDLE'                                                                                                            ;
+--------+-----------------------------+-------------------------+-----------------------------+---------------------------+--------------+------------+------------+
; Slack  ; From Node                   ; To Node                 ; Launch Clock                ; Latch Clock               ; Relationship ; Clock Skew ; Data Delay ;
+--------+-----------------------------+-------------------------+-----------------------------+---------------------------+--------------+------------+------------+
; -0.764 ; Controller:control|y.IDLE   ; Controller:control|LA   ; Controller:control|y.IDLE   ; Controller:control|y.IDLE ; 0.000        ; 1.832      ; 1.248      ;
; -0.353 ; Controller:control|y.IDLE   ; Controller:control|LB   ; Controller:control|y.IDLE   ; Controller:control|y.IDLE ; 0.000        ; 1.863      ; 1.690      ;
; -0.329 ; Controller:control|y.IDLE   ; Controller:control|LA   ; Controller:control|y.IDLE   ; Controller:control|y.IDLE ; -0.500       ; 1.832      ; 1.203      ;
; -0.204 ; Controller:control|y.IDLE   ; Controller:control|en3  ; Controller:control|y.IDLE   ; Controller:control|y.IDLE ; 0.000        ; 1.110      ; 1.086      ;
; -0.185 ; Controller:control|y.REPORT ; Controller:control|ack  ; Controller:control|y.REPORT ; Controller:control|y.IDLE ; 0.000        ; 0.763      ; 0.778      ;
; 0.167  ; Controller:control|y.IDLE   ; Controller:control|LB   ; Controller:control|y.IDLE   ; Controller:control|y.IDLE ; -0.500       ; 1.863      ; 1.730      ;
; 0.303  ; Controller:control|y.IDLE   ; Controller:control|en3  ; Controller:control|y.IDLE   ; Controller:control|y.IDLE ; -0.500       ; 1.110      ; 1.113      ;
; 0.351  ; Controller:control|y.REPORT ; Controller:control|ack  ; Controller:control|y.REPORT ; Controller:control|y.IDLE ; -0.500       ; 0.763      ; 0.814      ;
; 1.954  ; Controller:control|y.MUL2   ; Controller:control|s    ; clk                         ; Controller:control|y.IDLE ; 0.000        ; -0.655     ; 1.329      ;
; 2.080  ; Controller:control|y.SUB    ; Controller:control|sel2 ; clk                         ; Controller:control|y.IDLE ; 0.000        ; -1.114     ; 0.996      ;
; 2.173  ; Controller:control|y.SAVE_Y ; Controller:control|LB   ; clk                         ; Controller:control|y.IDLE ; 0.000        ; -0.759     ; 1.444      ;
; 2.194  ; Controller:control|y.MUL1   ; Controller:control|en4  ; clk                         ; Controller:control|y.IDLE ; 0.000        ; -1.067     ; 1.157      ;
; 2.236  ; Controller:control|y.LOAD   ; Controller:control|sel1 ; clk                         ; Controller:control|y.IDLE ; 0.000        ; -1.123     ; 1.143      ;
; 2.251  ; Controller:control|y.SAVE_Y ; Controller:control|en2  ; clk                         ; Controller:control|y.IDLE ; 0.000        ; -1.268     ; 1.013      ;
; 2.264  ; Controller:control|y.LOAD   ; Controller:control|LB   ; clk                         ; Controller:control|y.IDLE ; 0.000        ; -0.759     ; 1.535      ;
; 2.332  ; Controller:control|y.MUL1   ; Controller:control|s    ; clk                         ; Controller:control|y.IDLE ; 0.000        ; -0.627     ; 1.735      ;
; 2.334  ; Controller:control|y.SAVE_Y ; Controller:control|LA   ; clk                         ; Controller:control|y.IDLE ; -0.500       ; -0.790     ; 1.074      ;
; 2.362  ; Controller:control|y.SUB    ; Controller:control|LB   ; clk                         ; Controller:control|y.IDLE ; 0.000        ; -0.757     ; 1.635      ;
; 2.397  ; Controller:control|y.SUB    ; Controller:control|LA   ; clk                         ; Controller:control|y.IDLE ; -0.500       ; -0.788     ; 1.139      ;
; 2.715  ; Controller:control|y.MUL2   ; Controller:control|en3  ; clk                         ; Controller:control|y.IDLE ; 0.000        ; -1.510     ; 1.235      ;
; 2.768  ; Controller:control|y.SAVE_Y ; Controller:control|ack  ; clk                         ; Controller:control|y.IDLE ; 0.000        ; -1.859     ; 0.939      ;
+--------+-----------------------------+-------------------------+-----------------------------+---------------------------+--------------+------------+------------+


+----------------------------------------------------------------------------------------------------------------------------------------------------------------------------------------------------------------------------+
; Slow 1200mV 0C Model Hold: 'clk'                                                                                                                                                                                           ;
+--------+--------------------------------------------------------------+---------------------------------------------------------------+-----------------------------+-------------+--------------+------------+------------+
; Slack  ; From Node                                                    ; To Node                                                       ; Launch Clock                ; Latch Clock ; Relationship ; Clock Skew ; Data Delay ;
+--------+--------------------------------------------------------------+---------------------------------------------------------------+-----------------------------+-------------+--------------+------------+------------+
; -0.303 ; Controller:control|LA                                        ; Datapath:datapath|Multiplier:multiplier|shiftlne:ShiftA|Q[0]  ; Controller:control|y.REPORT ; clk         ; 0.000        ; 1.155      ; 1.026      ;
; -0.226 ; Controller:control|en3                                       ; Datapath:datapath|regne:y_reg|Q[11]                           ; Controller:control|y.IDLE   ; clk         ; 0.000        ; 1.099      ; 1.047      ;
; -0.176 ; Controller:control|LA                                        ; Datapath:datapath|Multiplier:multiplier|shiftlne:ShiftA|Q[4]  ; Controller:control|y.REPORT ; clk         ; 0.000        ; 1.155      ; 1.153      ;
; -0.161 ; Controller:control|LA                                        ; Datapath:datapath|Multiplier:multiplier|shiftlne:ShiftA|Q[9]  ; Controller:control|y.REPORT ; clk         ; 0.000        ; 1.155      ; 1.168      ;
; -0.160 ; Controller:control|LA                                        ; Datapath:datapath|Multiplier:multiplier|shiftlne:ShiftA|Q[2]  ; Controller:control|y.REPORT ; clk         ; 0.000        ; 1.155      ; 1.169      ;
; -0.155 ; Controller:control|LA                                        ; Datapath:datapath|Multiplier:multiplier|shiftlne:ShiftA|Q[7]  ; Controller:control|y.REPORT ; clk         ; 0.000        ; 1.155      ; 1.174      ;
; -0.154 ; Controller:control|LA                                        ; Datapath:datapath|Multiplier:multiplier|shiftlne:ShiftA|Q[11] ; Controller:control|y.REPORT ; clk         ; 0.000        ; 1.155      ; 1.175      ;
; -0.154 ; Controller:control|LA                                        ; Datapath:datapath|Multiplier:multiplier|shiftlne:ShiftA|Q[3]  ; Controller:control|y.REPORT ; clk         ; 0.000        ; 1.155      ; 1.175      ;
; -0.154 ; Controller:control|en3                                       ; Datapath:datapath|regne:y_reg|Q[15]                           ; Controller:control|y.IDLE   ; clk         ; 0.000        ; 1.099      ; 1.119      ;
; -0.154 ; Controller:control|en3                                       ; Datapath:datapath|regne:y_reg|Q[14]                           ; Controller:control|y.IDLE   ; clk         ; 0.000        ; 1.099      ; 1.119      ;
; -0.154 ; Controller:control|en3                                       ; Datapath:datapath|regne:y_reg|Q[10]                           ; Controller:control|y.IDLE   ; clk         ; 0.000        ; 1.099      ; 1.119      ;
; -0.154 ; Controller:control|en3                                       ; Datapath:datapath|regne:y_reg|Q[12]                           ; Controller:control|y.IDLE   ; clk         ; 0.000        ; 1.099      ; 1.119      ;
; -0.154 ; Controller:control|en3                                       ; Datapath:datapath|regne:y_reg|Q[13]                           ; Controller:control|y.IDLE   ; clk         ; 0.000        ; 1.099      ; 1.119      ;
; -0.154 ; Controller:control|en3                                       ; Datapath:datapath|regne:y_reg|Q[9]                            ; Controller:control|y.IDLE   ; clk         ; 0.000        ; 1.099      ; 1.119      ;
; -0.154 ; Controller:control|en3                                       ; Datapath:datapath|regne:y_reg|Q[8]                            ; Controller:control|y.IDLE   ; clk         ; 0.000        ; 1.099      ; 1.119      ;
; -0.154 ; Controller:control|en3                                       ; Datapath:datapath|regne:y_reg|Q[2]                            ; Controller:control|y.IDLE   ; clk         ; 0.000        ; 1.099      ; 1.119      ;
; -0.154 ; Controller:control|en3                                       ; Datapath:datapath|regne:y_reg|Q[3]                            ; Controller:control|y.IDLE   ; clk         ; 0.000        ; 1.099      ; 1.119      ;
; -0.154 ; Controller:control|en3                                       ; Datapath:datapath|regne:y_reg|Q[4]                            ; Controller:control|y.IDLE   ; clk         ; 0.000        ; 1.099      ; 1.119      ;
; -0.154 ; Controller:control|en3                                       ; Datapath:datapath|regne:y_reg|Q[5]                            ; Controller:control|y.IDLE   ; clk         ; 0.000        ; 1.099      ; 1.119      ;
; -0.154 ; Controller:control|en3                                       ; Datapath:datapath|regne:y_reg|Q[6]                            ; Controller:control|y.IDLE   ; clk         ; 0.000        ; 1.099      ; 1.119      ;
; -0.154 ; Controller:control|en3                                       ; Datapath:datapath|regne:y_reg|Q[7]                            ; Controller:control|y.IDLE   ; clk         ; 0.000        ; 1.099      ; 1.119      ;
; -0.153 ; Controller:control|LA                                        ; Datapath:datapath|Multiplier:multiplier|shiftlne:ShiftA|Q[12] ; Controller:control|y.REPORT ; clk         ; 0.000        ; 1.155      ; 1.176      ;
; -0.151 ; Controller:control|LA                                        ; Datapath:datapath|Multiplier:multiplier|shiftlne:ShiftA|Q[5]  ; Controller:control|y.REPORT ; clk         ; 0.000        ; 1.155      ; 1.178      ;
; -0.150 ; Controller:control|LA                                        ; Datapath:datapath|Multiplier:multiplier|shiftlne:ShiftA|Q[8]  ; Controller:control|y.REPORT ; clk         ; 0.000        ; 1.155      ; 1.179      ;
; -0.150 ; Controller:control|LA                                        ; Datapath:datapath|Multiplier:multiplier|shiftlne:ShiftA|Q[1]  ; Controller:control|y.REPORT ; clk         ; 0.000        ; 1.155      ; 1.179      ;
; -0.149 ; Controller:control|LA                                        ; Datapath:datapath|Multiplier:multiplier|shiftlne:ShiftA|Q[6]  ; Controller:control|y.REPORT ; clk         ; 0.000        ; 1.155      ; 1.180      ;
; -0.147 ; Controller:control|LA                                        ; Datapath:datapath|Multiplier:multiplier|shiftlne:ShiftA|Q[13] ; Controller:control|y.REPORT ; clk         ; 0.000        ; 1.155      ; 1.182      ;
; -0.136 ; Controller:control|LA                                        ; Datapath:datapath|Multiplier:multiplier|shiftlne:ShiftA|Q[10] ; Controller:control|y.REPORT ; clk         ; 0.000        ; 1.155      ; 1.193      ;
; -0.004 ; Controller:control|Y.SUB_283                                 ; Controller:control|y.SUB                                      ; Controller:control|y.REPORT ; clk         ; 0.000        ; -0.117     ; 0.053      ;
; 0.093  ; Controller:control|Y.SAVE_MUL1_291                           ; Controller:control|y.SAVE_MUL1                                ; Controller:control|y.REPORT ; clk         ; 0.000        ; -0.214     ; 0.053      ;
; 0.093  ; Controller:control|s                                         ; Datapath:datapath|Multiplier:multiplier|y.S3                  ; Controller:control|y.IDLE   ; clk         ; 0.000        ; 0.703      ; 0.970      ;
; 0.094  ; Controller:control|Y.MUL2_275                                ; Controller:control|y.MUL2                                     ; Controller:control|y.REPORT ; clk         ; 0.000        ; -0.215     ; 0.053      ;
; 0.099  ; Controller:control|en2                                       ; Datapath:datapath|Counter_4bit:counter|count[0]               ; Controller:control|y.IDLE   ; clk         ; 0.000        ; 1.288      ; 1.561      ;
; 0.099  ; Controller:control|en2                                       ; Datapath:datapath|Counter_4bit:counter|count[2]               ; Controller:control|y.IDLE   ; clk         ; 0.000        ; 1.288      ; 1.561      ;
; 0.099  ; Controller:control|en2                                       ; Datapath:datapath|Counter_4bit:counter|count[3]               ; Controller:control|y.IDLE   ; clk         ; 0.000        ; 1.288      ; 1.561      ;
; 0.099  ; Controller:control|en2                                       ; Datapath:datapath|Counter_4bit:counter|count[1]               ; Controller:control|y.IDLE   ; clk         ; 0.000        ; 1.288      ; 1.561      ;
; 0.116  ; Controller:control|Y.LOAD_307                                ; Controller:control|y.LOAD                                     ; Controller:control|y.REPORT ; clk         ; 0.000        ; -0.237     ; 0.053      ;
; 0.116  ; Controller:control|Y.MUL1_299                                ; Controller:control|y.MUL1                                     ; Controller:control|y.REPORT ; clk         ; 0.000        ; -0.237     ; 0.053      ;
; 0.154  ; Controller:control|sel1                                      ; Datapath:datapath|regne:y_reg|Q[11]                           ; Controller:control|y.IDLE   ; clk         ; 0.000        ; 0.720      ; 1.048      ;
; 0.204  ; Controller:control|sel1                                      ; Datapath:datapath|regne:y_reg|Q[6]                            ; Controller:control|y.IDLE   ; clk         ; 0.000        ; 0.720      ; 1.098      ;
; 0.220  ; Controller:control|sel1                                      ; Datapath:datapath|regne:y_reg|Q[9]                            ; Controller:control|y.IDLE   ; clk         ; 0.000        ; 0.720      ; 1.114      ;
; 0.253  ; Controller:control|LB                                        ; Datapath:datapath|Multiplier:multiplier|shiftrne:ShiftB|Q[7]  ; Controller:control|y.IDLE   ; clk         ; 0.000        ; 0.383      ; 0.810      ;
; 0.261  ; Controller:control|LB                                        ; Datapath:datapath|Multiplier:multiplier|shiftrne:ShiftB|Q[6]  ; Controller:control|y.IDLE   ; clk         ; 0.000        ; 0.382      ; 0.817      ;
; 0.261  ; Controller:control|LB                                        ; Datapath:datapath|Multiplier:multiplier|shiftrne:ShiftB|Q[5]  ; Controller:control|y.IDLE   ; clk         ; 0.000        ; 0.382      ; 0.817      ;
; 0.261  ; Controller:control|LB                                        ; Datapath:datapath|Multiplier:multiplier|shiftrne:ShiftB|Q[4]  ; Controller:control|y.IDLE   ; clk         ; 0.000        ; 0.382      ; 0.817      ;
; 0.261  ; Controller:control|LB                                        ; Datapath:datapath|Multiplier:multiplier|shiftrne:ShiftB|Q[3]  ; Controller:control|y.IDLE   ; clk         ; 0.000        ; 0.382      ; 0.817      ;
; 0.261  ; Controller:control|LB                                        ; Datapath:datapath|Multiplier:multiplier|shiftrne:ShiftB|Q[2]  ; Controller:control|y.IDLE   ; clk         ; 0.000        ; 0.382      ; 0.817      ;
; 0.261  ; Controller:control|LB                                        ; Datapath:datapath|Multiplier:multiplier|shiftrne:ShiftB|Q[1]  ; Controller:control|y.IDLE   ; clk         ; 0.000        ; 0.382      ; 0.817      ;
; 0.261  ; Controller:control|LB                                        ; Datapath:datapath|Multiplier:multiplier|shiftrne:ShiftB|Q[0]  ; Controller:control|y.IDLE   ; clk         ; 0.000        ; 0.382      ; 0.817      ;
; 0.265  ; Controller:control|Y.SAVE_Y_267                              ; Controller:control|y.SAVE_Y                                   ; Controller:control|y.REPORT ; clk         ; 0.000        ; -0.386     ; 0.053      ;
; 0.271  ; Datapath:datapath|Multiplier:multiplier|y.S2                 ; Datapath:datapath|Multiplier:multiplier|y.S3                  ; clk                         ; clk         ; 0.000        ; 0.449      ; 0.864      ;
; 0.310  ; Datapath:datapath|Multiplier:multiplier|y.S2                 ; Datapath:datapath|Multiplier:multiplier|y.S2                  ; clk                         ; clk         ; 0.000        ; 0.057      ; 0.511      ;
; 0.311  ; Datapath:datapath|Multiplier:multiplier|shiftlne:ShiftA|Q[0] ; Datapath:datapath|Multiplier:multiplier|shiftlne:ShiftA|Q[0]  ; clk                         ; clk         ; 0.000        ; 0.056      ; 0.511      ;
; 0.316  ; Controller:control|s                                         ; Datapath:datapath|Multiplier:multiplier|y.S2                  ; Controller:control|y.IDLE   ; clk         ; 0.000        ; 0.333      ; 0.823      ;
; 0.318  ; Controller:control|sel2                                      ; Datapath:datapath|Multiplier:multiplier|shiftrne:ShiftB|Q[7]  ; Controller:control|y.IDLE   ; clk         ; 0.000        ; 0.727      ; 1.219      ;
; 0.333  ; Datapath:datapath|Counter_4bit:counter|count[2]              ; Datapath:datapath|Counter_4bit:counter|count[2]               ; clk                         ; clk         ; 0.000        ; 0.034      ; 0.511      ;
; 0.333  ; Datapath:datapath|Multiplier:multiplier|y.S3                 ; Datapath:datapath|Multiplier:multiplier|y.S3                  ; clk                         ; clk         ; 0.000        ; 0.034      ; 0.511      ;
; 0.333  ; Datapath:datapath|Counter_4bit:counter|count[1]              ; Datapath:datapath|Counter_4bit:counter|count[1]               ; clk                         ; clk         ; 0.000        ; 0.034      ; 0.511      ;
; 0.341  ; Datapath:datapath|Counter_4bit:counter|count[0]              ; Datapath:datapath|Counter_4bit:counter|count[0]               ; clk                         ; clk         ; 0.000        ; 0.034      ; 0.519      ;
; 0.350  ; Controller:control|s                                         ; Datapath:datapath|Multiplier:multiplier|y.S1                  ; Controller:control|y.IDLE   ; clk         ; 0.000        ; 0.333      ; 0.857      ;
; 0.357  ; Datapath:datapath|Counter_4bit:counter|count[1]              ; Datapath:datapath|Counter_4bit:counter|count[2]               ; clk                         ; clk         ; 0.000        ; 0.040      ; 0.541      ;
; 0.359  ; Controller:control|sel2                                      ; Datapath:datapath|Multiplier:multiplier|shiftrne:ShiftB|Q[4]  ; Controller:control|y.IDLE   ; clk         ; 0.000        ; 0.726      ; 1.259      ;
; 0.369  ; Controller:control|sel1                                      ; Datapath:datapath|regne:y_reg|Q[13]                           ; Controller:control|y.IDLE   ; clk         ; 0.000        ; 0.720      ; 1.263      ;
; 0.374  ; Controller:control|sel1                                      ; Datapath:datapath|regne:y_reg|Q[3]                            ; Controller:control|y.IDLE   ; clk         ; 0.000        ; 0.720      ; 1.268      ;
; 0.378  ; Datapath:datapath|Multiplier:multiplier|y.S2                 ; Datapath:datapath|Multiplier:multiplier|y.S1                  ; clk                         ; clk         ; 0.000        ; 0.057      ; 0.579      ;
; 0.379  ; Controller:control|sel1                                      ; Datapath:datapath|regne:y_reg|Q[12]                           ; Controller:control|y.IDLE   ; clk         ; 0.000        ; 0.720      ; 1.273      ;
; 0.382  ; Controller:control|sel1                                      ; Datapath:datapath|regne:y_reg|Q[4]                            ; Controller:control|y.IDLE   ; clk         ; 0.000        ; 0.720      ; 1.276      ;
; 0.384  ; Controller:control|sel1                                      ; Datapath:datapath|regne:y_reg|Q[15]                           ; Controller:control|y.IDLE   ; clk         ; 0.000        ; 0.720      ; 1.278      ;
; 0.384  ; Controller:control|sel1                                      ; Datapath:datapath|regne:y_reg|Q[2]                            ; Controller:control|y.IDLE   ; clk         ; 0.000        ; 0.720      ; 1.278      ;
; 0.385  ; Controller:control|sel1                                      ; Datapath:datapath|regne:y_reg|Q[8]                            ; Controller:control|y.IDLE   ; clk         ; 0.000        ; 0.720      ; 1.279      ;
; 0.389  ; Controller:control|sel1                                      ; Datapath:datapath|regne:y_reg|Q[5]                            ; Controller:control|y.IDLE   ; clk         ; 0.000        ; 0.720      ; 1.283      ;
; 0.392  ; Controller:control|sel1                                      ; Datapath:datapath|regne:y_reg|Q[10]                           ; Controller:control|y.IDLE   ; clk         ; 0.000        ; 0.720      ; 1.286      ;
; 0.397  ; Controller:control|sel2                                      ; Datapath:datapath|Multiplier:multiplier|shiftrne:ShiftB|Q[6]  ; Controller:control|y.IDLE   ; clk         ; 0.000        ; 0.726      ; 1.297      ;
; 0.397  ; Controller:control|sel2                                      ; Datapath:datapath|Multiplier:multiplier|shiftrne:ShiftB|Q[2]  ; Controller:control|y.IDLE   ; clk         ; 0.000        ; 0.726      ; 1.297      ;
; 0.397  ; Controller:control|sel2                                      ; Datapath:datapath|Multiplier:multiplier|shiftrne:ShiftB|Q[1]  ; Controller:control|y.IDLE   ; clk         ; 0.000        ; 0.726      ; 1.297      ;
; 0.398  ; Controller:control|sel2                                      ; Datapath:datapath|Multiplier:multiplier|shiftrne:ShiftB|Q[3]  ; Controller:control|y.IDLE   ; clk         ; 0.000        ; 0.726      ; 1.298      ;
; 0.402  ; Controller:control|sel2                                      ; Datapath:datapath|Multiplier:multiplier|shiftrne:ShiftB|Q[5]  ; Controller:control|y.IDLE   ; clk         ; 0.000        ; 0.726      ; 1.302      ;
; 0.403  ; Controller:control|sel2                                      ; Datapath:datapath|Multiplier:multiplier|shiftrne:ShiftB|Q[0]  ; Controller:control|y.IDLE   ; clk         ; 0.000        ; 0.726      ; 1.303      ;
; 0.411  ; Controller:control|sel1                                      ; Datapath:datapath|regne:y_reg|Q[14]                           ; Controller:control|y.IDLE   ; clk         ; 0.000        ; 0.720      ; 1.305      ;
; 0.412  ; Controller:control|sel1                                      ; Datapath:datapath|regne:y_reg|Q[7]                            ; Controller:control|y.IDLE   ; clk         ; 0.000        ; 0.720      ; 1.306      ;
; 0.430  ; Controller:control|en4                                       ; Datapath:datapath|regne:reg_mul1|Q[3]                         ; Controller:control|y.IDLE   ; clk         ; 0.000        ; 0.755      ; 1.359      ;
; 0.430  ; Controller:control|en4                                       ; Datapath:datapath|regne:reg_mul1|Q[2]                         ; Controller:control|y.IDLE   ; clk         ; 0.000        ; 0.755      ; 1.359      ;
; 0.430  ; Controller:control|en4                                       ; Datapath:datapath|regne:reg_mul1|Q[4]                         ; Controller:control|y.IDLE   ; clk         ; 0.000        ; 0.755      ; 1.359      ;
; 0.430  ; Controller:control|en4                                       ; Datapath:datapath|regne:reg_mul1|Q[5]                         ; Controller:control|y.IDLE   ; clk         ; 0.000        ; 0.755      ; 1.359      ;
; 0.430  ; Controller:control|en4                                       ; Datapath:datapath|regne:reg_mul1|Q[6]                         ; Controller:control|y.IDLE   ; clk         ; 0.000        ; 0.755      ; 1.359      ;
; 0.430  ; Controller:control|en4                                       ; Datapath:datapath|regne:reg_mul1|Q[7]                         ; Controller:control|y.IDLE   ; clk         ; 0.000        ; 0.755      ; 1.359      ;
; 0.430  ; Controller:control|en4                                       ; Datapath:datapath|regne:reg_mul1|Q[8]                         ; Controller:control|y.IDLE   ; clk         ; 0.000        ; 0.755      ; 1.359      ;
; 0.430  ; Controller:control|en4                                       ; Datapath:datapath|regne:reg_mul1|Q[9]                         ; Controller:control|y.IDLE   ; clk         ; 0.000        ; 0.755      ; 1.359      ;
; 0.430  ; Controller:control|en4                                       ; Datapath:datapath|regne:reg_mul1|Q[10]                        ; Controller:control|y.IDLE   ; clk         ; 0.000        ; 0.755      ; 1.359      ;
; 0.430  ; Controller:control|en4                                       ; Datapath:datapath|regne:reg_mul1|Q[11]                        ; Controller:control|y.IDLE   ; clk         ; 0.000        ; 0.755      ; 1.359      ;
; 0.430  ; Controller:control|en4                                       ; Datapath:datapath|regne:reg_mul1|Q[12]                        ; Controller:control|y.IDLE   ; clk         ; 0.000        ; 0.755      ; 1.359      ;
; 0.430  ; Controller:control|en4                                       ; Datapath:datapath|regne:reg_mul1|Q[13]                        ; Controller:control|y.IDLE   ; clk         ; 0.000        ; 0.755      ; 1.359      ;
; 0.430  ; Controller:control|en4                                       ; Datapath:datapath|regne:reg_mul1|Q[14]                        ; Controller:control|y.IDLE   ; clk         ; 0.000        ; 0.755      ; 1.359      ;
; 0.430  ; Controller:control|en4                                       ; Datapath:datapath|regne:reg_mul1|Q[15]                        ; Controller:control|y.IDLE   ; clk         ; 0.000        ; 0.755      ; 1.359      ;
; 0.433  ; Controller:control|rst2                                      ; Datapath:datapath|Counter_4bit:counter|count[0]               ; Controller:control|y.IDLE   ; clk         ; 0.000        ; -0.261     ; 0.346      ;
; 0.436  ; Controller:control|rst2                                      ; Datapath:datapath|Counter_4bit:counter|count[1]               ; Controller:control|y.IDLE   ; clk         ; 0.000        ; -0.261     ; 0.349      ;
; 0.452  ; Datapath:datapath|Multiplier:multiplier|shiftlne:ShiftA|Q[9] ; Datapath:datapath|Multiplier:multiplier|shiftlne:ShiftA|Q[10] ; clk                         ; clk         ; 0.000        ; 0.056      ; 0.652      ;
; 0.470  ; Datapath:datapath|Multiplier:multiplier|shiftrne:ShiftB|Q[3] ; Datapath:datapath|Multiplier:multiplier|shiftrne:ShiftB|Q[2]  ; clk                         ; clk         ; 0.000        ; 0.056      ; 0.670      ;
; 0.472  ; Datapath:datapath|Multiplier:multiplier|shiftrne:ShiftB|Q[6] ; Datapath:datapath|Multiplier:multiplier|shiftrne:ShiftB|Q[5]  ; clk                         ; clk         ; 0.000        ; 0.056      ; 0.672      ;
; 0.474  ; Datapath:datapath|Multiplier:multiplier|shiftrne:ShiftB|Q[1] ; Datapath:datapath|Multiplier:multiplier|shiftrne:ShiftB|Q[0]  ; clk                         ; clk         ; 0.000        ; 0.056      ; 0.674      ;
+--------+--------------------------------------------------------------+---------------------------------------------------------------+-----------------------------+-------------+--------------+------------+------------+


+-----------------------------------------------------------------------------------------------------------------------------------------------------------------------------------+
; Slow 1200mV 0C Model Recovery: 'clk'                                                                                                                                              ;
+--------+----------------------------+----------------------------------------------------------+---------------------------+-------------+--------------+------------+------------+
; Slack  ; From Node                  ; To Node                                                  ; Launch Clock              ; Latch Clock ; Relationship ; Clock Skew ; Data Delay ;
+--------+----------------------------+----------------------------------------------------------+---------------------------+-------------+--------------+------------+------------+
; -1.059 ; Controller:control|mul_rst ; Datapath:datapath|Multiplier:multiplier|regne:RegP|Q[13] ; Controller:control|y.IDLE ; clk         ; 1.000        ; -1.001     ; 1.043      ;
; -1.059 ; Controller:control|mul_rst ; Datapath:datapath|Multiplier:multiplier|regne:RegP|Q[8]  ; Controller:control|y.IDLE ; clk         ; 1.000        ; -1.001     ; 1.043      ;
; -1.059 ; Controller:control|mul_rst ; Datapath:datapath|Multiplier:multiplier|regne:RegP|Q[9]  ; Controller:control|y.IDLE ; clk         ; 1.000        ; -1.001     ; 1.043      ;
; -1.059 ; Controller:control|mul_rst ; Datapath:datapath|Multiplier:multiplier|regne:RegP|Q[10] ; Controller:control|y.IDLE ; clk         ; 1.000        ; -1.001     ; 1.043      ;
; -1.059 ; Controller:control|mul_rst ; Datapath:datapath|Multiplier:multiplier|regne:RegP|Q[11] ; Controller:control|y.IDLE ; clk         ; 1.000        ; -1.001     ; 1.043      ;
; -1.059 ; Controller:control|mul_rst ; Datapath:datapath|Multiplier:multiplier|regne:RegP|Q[12] ; Controller:control|y.IDLE ; clk         ; 1.000        ; -1.001     ; 1.043      ;
; -1.059 ; Controller:control|mul_rst ; Datapath:datapath|Multiplier:multiplier|regne:RegP|Q[7]  ; Controller:control|y.IDLE ; clk         ; 1.000        ; -1.001     ; 1.043      ;
; -1.059 ; Controller:control|mul_rst ; Datapath:datapath|Multiplier:multiplier|regne:RegP|Q[2]  ; Controller:control|y.IDLE ; clk         ; 1.000        ; -1.001     ; 1.043      ;
; -1.059 ; Controller:control|mul_rst ; Datapath:datapath|Multiplier:multiplier|regne:RegP|Q[3]  ; Controller:control|y.IDLE ; clk         ; 1.000        ; -1.001     ; 1.043      ;
; -1.059 ; Controller:control|mul_rst ; Datapath:datapath|Multiplier:multiplier|regne:RegP|Q[4]  ; Controller:control|y.IDLE ; clk         ; 1.000        ; -1.001     ; 1.043      ;
; -1.059 ; Controller:control|mul_rst ; Datapath:datapath|Multiplier:multiplier|regne:RegP|Q[5]  ; Controller:control|y.IDLE ; clk         ; 1.000        ; -1.001     ; 1.043      ;
; -1.059 ; Controller:control|mul_rst ; Datapath:datapath|Multiplier:multiplier|regne:RegP|Q[6]  ; Controller:control|y.IDLE ; clk         ; 1.000        ; -1.001     ; 1.043      ;
; -1.059 ; Controller:control|mul_rst ; Datapath:datapath|Multiplier:multiplier|regne:RegP|Q[1]  ; Controller:control|y.IDLE ; clk         ; 1.000        ; -1.001     ; 1.043      ;
; -1.059 ; Controller:control|mul_rst ; Datapath:datapath|Multiplier:multiplier|regne:RegP|Q[0]  ; Controller:control|y.IDLE ; clk         ; 1.000        ; -1.001     ; 1.043      ;
; -0.933 ; Controller:control|mul_rst ; Datapath:datapath|Multiplier:multiplier|y.S1             ; Controller:control|y.IDLE ; clk         ; 1.000        ; -1.002     ; 0.916      ;
; -0.933 ; Controller:control|mul_rst ; Datapath:datapath|Multiplier:multiplier|y.S2             ; Controller:control|y.IDLE ; clk         ; 1.000        ; -1.002     ; 0.916      ;
; -0.706 ; Controller:control|mul_rst ; Datapath:datapath|Multiplier:multiplier|y.S3             ; Controller:control|y.IDLE ; clk         ; 1.000        ; -0.646     ; 1.045      ;
+--------+----------------------------+----------------------------------------------------------+---------------------------+-------------+--------------+------------+------------+


+----------------------------------------------------------------------------------------------------------------------------------------------------------------------------------+
; Slow 1200mV 0C Model Removal: 'clk'                                                                                                                                              ;
+-------+----------------------------+----------------------------------------------------------+---------------------------+-------------+--------------+------------+------------+
; Slack ; From Node                  ; To Node                                                  ; Launch Clock              ; Latch Clock ; Relationship ; Clock Skew ; Data Delay ;
+-------+----------------------------+----------------------------------------------------------+---------------------------+-------------+--------------+------------+------------+
; 1.206 ; Controller:control|mul_rst ; Datapath:datapath|Multiplier:multiplier|y.S3             ; Controller:control|y.IDLE ; clk         ; 0.000        ; -0.428     ; 0.952      ;
; 1.458 ; Controller:control|mul_rst ; Datapath:datapath|Multiplier:multiplier|y.S1             ; Controller:control|y.IDLE ; clk         ; 0.000        ; -0.798     ; 0.834      ;
; 1.458 ; Controller:control|mul_rst ; Datapath:datapath|Multiplier:multiplier|y.S2             ; Controller:control|y.IDLE ; clk         ; 0.000        ; -0.798     ; 0.834      ;
; 1.571 ; Controller:control|mul_rst ; Datapath:datapath|Multiplier:multiplier|regne:RegP|Q[13] ; Controller:control|y.IDLE ; clk         ; 0.000        ; -0.798     ; 0.947      ;
; 1.571 ; Controller:control|mul_rst ; Datapath:datapath|Multiplier:multiplier|regne:RegP|Q[8]  ; Controller:control|y.IDLE ; clk         ; 0.000        ; -0.798     ; 0.947      ;
; 1.571 ; Controller:control|mul_rst ; Datapath:datapath|Multiplier:multiplier|regne:RegP|Q[9]  ; Controller:control|y.IDLE ; clk         ; 0.000        ; -0.798     ; 0.947      ;
; 1.571 ; Controller:control|mul_rst ; Datapath:datapath|Multiplier:multiplier|regne:RegP|Q[10] ; Controller:control|y.IDLE ; clk         ; 0.000        ; -0.798     ; 0.947      ;
; 1.571 ; Controller:control|mul_rst ; Datapath:datapath|Multiplier:multiplier|regne:RegP|Q[11] ; Controller:control|y.IDLE ; clk         ; 0.000        ; -0.798     ; 0.947      ;
; 1.571 ; Controller:control|mul_rst ; Datapath:datapath|Multiplier:multiplier|regne:RegP|Q[12] ; Controller:control|y.IDLE ; clk         ; 0.000        ; -0.798     ; 0.947      ;
; 1.571 ; Controller:control|mul_rst ; Datapath:datapath|Multiplier:multiplier|regne:RegP|Q[7]  ; Controller:control|y.IDLE ; clk         ; 0.000        ; -0.798     ; 0.947      ;
; 1.571 ; Controller:control|mul_rst ; Datapath:datapath|Multiplier:multiplier|regne:RegP|Q[2]  ; Controller:control|y.IDLE ; clk         ; 0.000        ; -0.798     ; 0.947      ;
; 1.571 ; Controller:control|mul_rst ; Datapath:datapath|Multiplier:multiplier|regne:RegP|Q[3]  ; Controller:control|y.IDLE ; clk         ; 0.000        ; -0.798     ; 0.947      ;
; 1.571 ; Controller:control|mul_rst ; Datapath:datapath|Multiplier:multiplier|regne:RegP|Q[4]  ; Controller:control|y.IDLE ; clk         ; 0.000        ; -0.798     ; 0.947      ;
; 1.571 ; Controller:control|mul_rst ; Datapath:datapath|Multiplier:multiplier|regne:RegP|Q[5]  ; Controller:control|y.IDLE ; clk         ; 0.000        ; -0.798     ; 0.947      ;
; 1.571 ; Controller:control|mul_rst ; Datapath:datapath|Multiplier:multiplier|regne:RegP|Q[6]  ; Controller:control|y.IDLE ; clk         ; 0.000        ; -0.798     ; 0.947      ;
; 1.571 ; Controller:control|mul_rst ; Datapath:datapath|Multiplier:multiplier|regne:RegP|Q[1]  ; Controller:control|y.IDLE ; clk         ; 0.000        ; -0.798     ; 0.947      ;
; 1.571 ; Controller:control|mul_rst ; Datapath:datapath|Multiplier:multiplier|regne:RegP|Q[0]  ; Controller:control|y.IDLE ; clk         ; 0.000        ; -0.798     ; 0.947      ;
+-------+----------------------------+----------------------------------------------------------+---------------------------+-------------+--------------+------------+------------+


+-----------------------------------------------------------------------------------------------------------------------------------------------+
; Slow 1200mV 0C Model Minimum Pulse Width: 'clk'                                                                                               ;
+--------+--------------+----------------+-----------------+-------+------------+---------------------------------------------------------------+
; Slack  ; Actual Width ; Required Width ; Type            ; Clock ; Clock Edge ; Target                                                        ;
+--------+--------------+----------------+-----------------+-------+------------+---------------------------------------------------------------+
; -3.000 ; 1.000        ; 4.000          ; Port Rate       ; clk   ; Rise       ; clk                                                           ;
; -1.000 ; 1.000        ; 2.000          ; Min Period      ; clk   ; Rise       ; Controller:control|y.IDLE                                     ;
; -1.000 ; 1.000        ; 2.000          ; Min Period      ; clk   ; Rise       ; Controller:control|y.LOAD                                     ;
; -1.000 ; 1.000        ; 2.000          ; Min Period      ; clk   ; Rise       ; Controller:control|y.MUL1                                     ;
; -1.000 ; 1.000        ; 2.000          ; Min Period      ; clk   ; Rise       ; Controller:control|y.MUL2                                     ;
; -1.000 ; 1.000        ; 2.000          ; Min Period      ; clk   ; Rise       ; Controller:control|y.REPORT                                   ;
; -1.000 ; 1.000        ; 2.000          ; Min Period      ; clk   ; Rise       ; Controller:control|y.SAVE_MUL1                                ;
; -1.000 ; 1.000        ; 2.000          ; Min Period      ; clk   ; Rise       ; Controller:control|y.SAVE_Y                                   ;
; -1.000 ; 1.000        ; 2.000          ; Min Period      ; clk   ; Rise       ; Controller:control|y.SUB                                      ;
; -1.000 ; 1.000        ; 2.000          ; Min Period      ; clk   ; Rise       ; Datapath:datapath|Counter_4bit:counter|count[0]               ;
; -1.000 ; 1.000        ; 2.000          ; Min Period      ; clk   ; Rise       ; Datapath:datapath|Counter_4bit:counter|count[1]               ;
; -1.000 ; 1.000        ; 2.000          ; Min Period      ; clk   ; Rise       ; Datapath:datapath|Counter_4bit:counter|count[2]               ;
; -1.000 ; 1.000        ; 2.000          ; Min Period      ; clk   ; Rise       ; Datapath:datapath|Counter_4bit:counter|count[3]               ;
; -1.000 ; 1.000        ; 2.000          ; Min Period      ; clk   ; Rise       ; Datapath:datapath|Multiplier:multiplier|regne:RegP|Q[0]       ;
; -1.000 ; 1.000        ; 2.000          ; Min Period      ; clk   ; Rise       ; Datapath:datapath|Multiplier:multiplier|regne:RegP|Q[10]      ;
; -1.000 ; 1.000        ; 2.000          ; Min Period      ; clk   ; Rise       ; Datapath:datapath|Multiplier:multiplier|regne:RegP|Q[11]      ;
; -1.000 ; 1.000        ; 2.000          ; Min Period      ; clk   ; Rise       ; Datapath:datapath|Multiplier:multiplier|regne:RegP|Q[12]      ;
; -1.000 ; 1.000        ; 2.000          ; Min Period      ; clk   ; Rise       ; Datapath:datapath|Multiplier:multiplier|regne:RegP|Q[13]      ;
; -1.000 ; 1.000        ; 2.000          ; Min Period      ; clk   ; Rise       ; Datapath:datapath|Multiplier:multiplier|regne:RegP|Q[1]       ;
; -1.000 ; 1.000        ; 2.000          ; Min Period      ; clk   ; Rise       ; Datapath:datapath|Multiplier:multiplier|regne:RegP|Q[2]       ;
; -1.000 ; 1.000        ; 2.000          ; Min Period      ; clk   ; Rise       ; Datapath:datapath|Multiplier:multiplier|regne:RegP|Q[3]       ;
; -1.000 ; 1.000        ; 2.000          ; Min Period      ; clk   ; Rise       ; Datapath:datapath|Multiplier:multiplier|regne:RegP|Q[4]       ;
; -1.000 ; 1.000        ; 2.000          ; Min Period      ; clk   ; Rise       ; Datapath:datapath|Multiplier:multiplier|regne:RegP|Q[5]       ;
; -1.000 ; 1.000        ; 2.000          ; Min Period      ; clk   ; Rise       ; Datapath:datapath|Multiplier:multiplier|regne:RegP|Q[6]       ;
; -1.000 ; 1.000        ; 2.000          ; Min Period      ; clk   ; Rise       ; Datapath:datapath|Multiplier:multiplier|regne:RegP|Q[7]       ;
; -1.000 ; 1.000        ; 2.000          ; Min Period      ; clk   ; Rise       ; Datapath:datapath|Multiplier:multiplier|regne:RegP|Q[8]       ;
; -1.000 ; 1.000        ; 2.000          ; Min Period      ; clk   ; Rise       ; Datapath:datapath|Multiplier:multiplier|regne:RegP|Q[9]       ;
; -1.000 ; 1.000        ; 2.000          ; Min Period      ; clk   ; Rise       ; Datapath:datapath|Multiplier:multiplier|shiftlne:ShiftA|Q[0]  ;
; -1.000 ; 1.000        ; 2.000          ; Min Period      ; clk   ; Rise       ; Datapath:datapath|Multiplier:multiplier|shiftlne:ShiftA|Q[10] ;
; -1.000 ; 1.000        ; 2.000          ; Min Period      ; clk   ; Rise       ; Datapath:datapath|Multiplier:multiplier|shiftlne:ShiftA|Q[11] ;
; -1.000 ; 1.000        ; 2.000          ; Min Period      ; clk   ; Rise       ; Datapath:datapath|Multiplier:multiplier|shiftlne:ShiftA|Q[12] ;
; -1.000 ; 1.000        ; 2.000          ; Min Period      ; clk   ; Rise       ; Datapath:datapath|Multiplier:multiplier|shiftlne:ShiftA|Q[13] ;
; -1.000 ; 1.000        ; 2.000          ; Min Period      ; clk   ; Rise       ; Datapath:datapath|Multiplier:multiplier|shiftlne:ShiftA|Q[1]  ;
; -1.000 ; 1.000        ; 2.000          ; Min Period      ; clk   ; Rise       ; Datapath:datapath|Multiplier:multiplier|shiftlne:ShiftA|Q[2]  ;
; -1.000 ; 1.000        ; 2.000          ; Min Period      ; clk   ; Rise       ; Datapath:datapath|Multiplier:multiplier|shiftlne:ShiftA|Q[3]  ;
; -1.000 ; 1.000        ; 2.000          ; Min Period      ; clk   ; Rise       ; Datapath:datapath|Multiplier:multiplier|shiftlne:ShiftA|Q[4]  ;
; -1.000 ; 1.000        ; 2.000          ; Min Period      ; clk   ; Rise       ; Datapath:datapath|Multiplier:multiplier|shiftlne:ShiftA|Q[5]  ;
; -1.000 ; 1.000        ; 2.000          ; Min Period      ; clk   ; Rise       ; Datapath:datapath|Multiplier:multiplier|shiftlne:ShiftA|Q[6]  ;
; -1.000 ; 1.000        ; 2.000          ; Min Period      ; clk   ; Rise       ; Datapath:datapath|Multiplier:multiplier|shiftlne:ShiftA|Q[7]  ;
; -1.000 ; 1.000        ; 2.000          ; Min Period      ; clk   ; Rise       ; Datapath:datapath|Multiplier:multiplier|shiftlne:ShiftA|Q[8]  ;
; -1.000 ; 1.000        ; 2.000          ; Min Period      ; clk   ; Rise       ; Datapath:datapath|Multiplier:multiplier|shiftlne:ShiftA|Q[9]  ;
; -1.000 ; 1.000        ; 2.000          ; Min Period      ; clk   ; Rise       ; Datapath:datapath|Multiplier:multiplier|shiftrne:ShiftB|Q[0]  ;
; -1.000 ; 1.000        ; 2.000          ; Min Period      ; clk   ; Rise       ; Datapath:datapath|Multiplier:multiplier|shiftrne:ShiftB|Q[1]  ;
; -1.000 ; 1.000        ; 2.000          ; Min Period      ; clk   ; Rise       ; Datapath:datapath|Multiplier:multiplier|shiftrne:ShiftB|Q[2]  ;
; -1.000 ; 1.000        ; 2.000          ; Min Period      ; clk   ; Rise       ; Datapath:datapath|Multiplier:multiplier|shiftrne:ShiftB|Q[3]  ;
; -1.000 ; 1.000        ; 2.000          ; Min Period      ; clk   ; Rise       ; Datapath:datapath|Multiplier:multiplier|shiftrne:ShiftB|Q[4]  ;
; -1.000 ; 1.000        ; 2.000          ; Min Period      ; clk   ; Rise       ; Datapath:datapath|Multiplier:multiplier|shiftrne:ShiftB|Q[5]  ;
; -1.000 ; 1.000        ; 2.000          ; Min Period      ; clk   ; Rise       ; Datapath:datapath|Multiplier:multiplier|shiftrne:ShiftB|Q[6]  ;
; -1.000 ; 1.000        ; 2.000          ; Min Period      ; clk   ; Rise       ; Datapath:datapath|Multiplier:multiplier|shiftrne:ShiftB|Q[7]  ;
; -1.000 ; 1.000        ; 2.000          ; Min Period      ; clk   ; Rise       ; Datapath:datapath|Multiplier:multiplier|y.S1                  ;
; -1.000 ; 1.000        ; 2.000          ; Min Period      ; clk   ; Rise       ; Datapath:datapath|Multiplier:multiplier|y.S2                  ;
; -1.000 ; 1.000        ; 2.000          ; Min Period      ; clk   ; Rise       ; Datapath:datapath|Multiplier:multiplier|y.S3                  ;
; -1.000 ; 1.000        ; 2.000          ; Min Period      ; clk   ; Rise       ; Datapath:datapath|regne:reg_mul1|Q[10]                        ;
; -1.000 ; 1.000        ; 2.000          ; Min Period      ; clk   ; Rise       ; Datapath:datapath|regne:reg_mul1|Q[11]                        ;
; -1.000 ; 1.000        ; 2.000          ; Min Period      ; clk   ; Rise       ; Datapath:datapath|regne:reg_mul1|Q[12]                        ;
; -1.000 ; 1.000        ; 2.000          ; Min Period      ; clk   ; Rise       ; Datapath:datapath|regne:reg_mul1|Q[13]                        ;
; -1.000 ; 1.000        ; 2.000          ; Min Period      ; clk   ; Rise       ; Datapath:datapath|regne:reg_mul1|Q[14]                        ;
; -1.000 ; 1.000        ; 2.000          ; Min Period      ; clk   ; Rise       ; Datapath:datapath|regne:reg_mul1|Q[15]                        ;
; -1.000 ; 1.000        ; 2.000          ; Min Period      ; clk   ; Rise       ; Datapath:datapath|regne:reg_mul1|Q[2]                         ;
; -1.000 ; 1.000        ; 2.000          ; Min Period      ; clk   ; Rise       ; Datapath:datapath|regne:reg_mul1|Q[3]                         ;
; -1.000 ; 1.000        ; 2.000          ; Min Period      ; clk   ; Rise       ; Datapath:datapath|regne:reg_mul1|Q[4]                         ;
; -1.000 ; 1.000        ; 2.000          ; Min Period      ; clk   ; Rise       ; Datapath:datapath|regne:reg_mul1|Q[5]                         ;
; -1.000 ; 1.000        ; 2.000          ; Min Period      ; clk   ; Rise       ; Datapath:datapath|regne:reg_mul1|Q[6]                         ;
; -1.000 ; 1.000        ; 2.000          ; Min Period      ; clk   ; Rise       ; Datapath:datapath|regne:reg_mul1|Q[7]                         ;
; -1.000 ; 1.000        ; 2.000          ; Min Period      ; clk   ; Rise       ; Datapath:datapath|regne:reg_mul1|Q[8]                         ;
; -1.000 ; 1.000        ; 2.000          ; Min Period      ; clk   ; Rise       ; Datapath:datapath|regne:reg_mul1|Q[9]                         ;
; -1.000 ; 1.000        ; 2.000          ; Min Period      ; clk   ; Rise       ; Datapath:datapath|regne:x_reg|Q[0]                            ;
; -1.000 ; 1.000        ; 2.000          ; Min Period      ; clk   ; Rise       ; Datapath:datapath|regne:x_reg|Q[1]                            ;
; -1.000 ; 1.000        ; 2.000          ; Min Period      ; clk   ; Rise       ; Datapath:datapath|regne:x_reg|Q[2]                            ;
; -1.000 ; 1.000        ; 2.000          ; Min Period      ; clk   ; Rise       ; Datapath:datapath|regne:x_reg|Q[3]                            ;
; -1.000 ; 1.000        ; 2.000          ; Min Period      ; clk   ; Rise       ; Datapath:datapath|regne:x_reg|Q[4]                            ;
; -1.000 ; 1.000        ; 2.000          ; Min Period      ; clk   ; Rise       ; Datapath:datapath|regne:x_reg|Q[5]                            ;
; -1.000 ; 1.000        ; 2.000          ; Min Period      ; clk   ; Rise       ; Datapath:datapath|regne:x_reg|Q[6]                            ;
; -1.000 ; 1.000        ; 2.000          ; Min Period      ; clk   ; Rise       ; Datapath:datapath|regne:x_reg|Q[7]                            ;
; -1.000 ; 1.000        ; 2.000          ; Min Period      ; clk   ; Rise       ; Datapath:datapath|regne:y_reg|Q[10]                           ;
; -1.000 ; 1.000        ; 2.000          ; Min Period      ; clk   ; Rise       ; Datapath:datapath|regne:y_reg|Q[11]                           ;
; -1.000 ; 1.000        ; 2.000          ; Min Period      ; clk   ; Rise       ; Datapath:datapath|regne:y_reg|Q[12]                           ;
; -1.000 ; 1.000        ; 2.000          ; Min Period      ; clk   ; Rise       ; Datapath:datapath|regne:y_reg|Q[13]                           ;
; -1.000 ; 1.000        ; 2.000          ; Min Period      ; clk   ; Rise       ; Datapath:datapath|regne:y_reg|Q[14]                           ;
; -1.000 ; 1.000        ; 2.000          ; Min Period      ; clk   ; Rise       ; Datapath:datapath|regne:y_reg|Q[15]                           ;
; -1.000 ; 1.000        ; 2.000          ; Min Period      ; clk   ; Rise       ; Datapath:datapath|regne:y_reg|Q[2]                            ;
; -1.000 ; 1.000        ; 2.000          ; Min Period      ; clk   ; Rise       ; Datapath:datapath|regne:y_reg|Q[3]                            ;
; -1.000 ; 1.000        ; 2.000          ; Min Period      ; clk   ; Rise       ; Datapath:datapath|regne:y_reg|Q[4]                            ;
; -1.000 ; 1.000        ; 2.000          ; Min Period      ; clk   ; Rise       ; Datapath:datapath|regne:y_reg|Q[5]                            ;
; -1.000 ; 1.000        ; 2.000          ; Min Period      ; clk   ; Rise       ; Datapath:datapath|regne:y_reg|Q[6]                            ;
; -1.000 ; 1.000        ; 2.000          ; Min Period      ; clk   ; Rise       ; Datapath:datapath|regne:y_reg|Q[7]                            ;
; -1.000 ; 1.000        ; 2.000          ; Min Period      ; clk   ; Rise       ; Datapath:datapath|regne:y_reg|Q[8]                            ;
; -1.000 ; 1.000        ; 2.000          ; Min Period      ; clk   ; Rise       ; Datapath:datapath|regne:y_reg|Q[9]                            ;
; 0.205  ; 0.389        ; 0.184          ; Low Pulse Width ; clk   ; Rise       ; Datapath:datapath|Multiplier:multiplier|regne:RegP|Q[0]       ;
; 0.205  ; 0.389        ; 0.184          ; Low Pulse Width ; clk   ; Rise       ; Datapath:datapath|Multiplier:multiplier|regne:RegP|Q[10]      ;
; 0.205  ; 0.389        ; 0.184          ; Low Pulse Width ; clk   ; Rise       ; Datapath:datapath|Multiplier:multiplier|regne:RegP|Q[11]      ;
; 0.205  ; 0.389        ; 0.184          ; Low Pulse Width ; clk   ; Rise       ; Datapath:datapath|Multiplier:multiplier|regne:RegP|Q[12]      ;
; 0.205  ; 0.389        ; 0.184          ; Low Pulse Width ; clk   ; Rise       ; Datapath:datapath|Multiplier:multiplier|regne:RegP|Q[13]      ;
; 0.205  ; 0.389        ; 0.184          ; Low Pulse Width ; clk   ; Rise       ; Datapath:datapath|Multiplier:multiplier|regne:RegP|Q[1]       ;
; 0.205  ; 0.389        ; 0.184          ; Low Pulse Width ; clk   ; Rise       ; Datapath:datapath|Multiplier:multiplier|regne:RegP|Q[2]       ;
; 0.205  ; 0.389        ; 0.184          ; Low Pulse Width ; clk   ; Rise       ; Datapath:datapath|Multiplier:multiplier|regne:RegP|Q[3]       ;
; 0.205  ; 0.389        ; 0.184          ; Low Pulse Width ; clk   ; Rise       ; Datapath:datapath|Multiplier:multiplier|regne:RegP|Q[4]       ;
; 0.205  ; 0.389        ; 0.184          ; Low Pulse Width ; clk   ; Rise       ; Datapath:datapath|Multiplier:multiplier|regne:RegP|Q[5]       ;
; 0.205  ; 0.389        ; 0.184          ; Low Pulse Width ; clk   ; Rise       ; Datapath:datapath|Multiplier:multiplier|regne:RegP|Q[6]       ;
; 0.205  ; 0.389        ; 0.184          ; Low Pulse Width ; clk   ; Rise       ; Datapath:datapath|Multiplier:multiplier|regne:RegP|Q[7]       ;
+--------+--------------+----------------+-----------------+-------+------------+---------------------------------------------------------------+


+------------------------------------------------------------------------------------------------------------------------------------------+
; Slow 1200mV 0C Model Minimum Pulse Width: 'Controller:control|y.REPORT'                                                                  ;
+-------+--------------+----------------+------------------+-----------------------------+------------+------------------------------------+
; Slack ; Actual Width ; Required Width ; Type             ; Clock                       ; Clock Edge ; Target                             ;
+-------+--------------+----------------+------------------+-----------------------------+------------+------------------------------------+
; 0.378 ; 0.378        ; 0.000          ; Low Pulse Width  ; Controller:control|y.REPORT ; Rise       ; control|ack|datac                  ;
; 0.380 ; 0.380        ; 0.000          ; High Pulse Width ; Controller:control|y.REPORT ; Fall       ; Controller:control|ack             ;
; 0.404 ; 0.404        ; 0.000          ; Low Pulse Width  ; Controller:control|y.REPORT ; Rise       ; Controller:control|LA              ;
; 0.409 ; 0.409        ; 0.000          ; High Pulse Width ; Controller:control|y.REPORT ; Fall       ; control|LA|datac                   ;
; 0.409 ; 0.409        ; 0.000          ; Low Pulse Width  ; Controller:control|y.REPORT ; Rise       ; control|Selector4~6|combout        ;
; 0.427 ; 0.427        ; 0.000          ; Low Pulse Width  ; Controller:control|y.REPORT ; Rise       ; control|Selector4~6|datab          ;
; 0.427 ; 0.427        ; 0.000          ; High Pulse Width ; Controller:control|y.REPORT ; Fall       ; control|Selector8~1|combout        ;
; 0.436 ; 0.436        ; 0.000          ; Low Pulse Width  ; Controller:control|y.REPORT ; Rise       ; control|Y.SAVE_Y_267|dataa         ;
; 0.437 ; 0.437        ; 0.000          ; Low Pulse Width  ; Controller:control|y.REPORT ; Rise       ; control|Selector8~1|datad          ;
; 0.439 ; 0.439        ; 0.000          ; Low Pulse Width  ; Controller:control|y.REPORT ; Rise       ; Controller:control|Y.SAVE_Y_267    ;
; 0.440 ; 0.440        ; 0.000          ; Low Pulse Width  ; Controller:control|y.REPORT ; Rise       ; control|Y.IDLE_315|datac           ;
; 0.440 ; 0.440        ; 0.000          ; Low Pulse Width  ; Controller:control|y.REPORT ; Rise       ; control|Y.LOAD_307|datac           ;
; 0.441 ; 0.441        ; 0.000          ; Low Pulse Width  ; Controller:control|y.REPORT ; Rise       ; Controller:control|Y.IDLE_315      ;
; 0.441 ; 0.441        ; 0.000          ; Low Pulse Width  ; Controller:control|y.REPORT ; Rise       ; Controller:control|Y.LOAD_307      ;
; 0.443 ; 0.443        ; 0.000          ; Low Pulse Width  ; Controller:control|y.REPORT ; Rise       ; control|Y.MUL2_275|datac           ;
; 0.443 ; 0.443        ; 0.000          ; Low Pulse Width  ; Controller:control|y.REPORT ; Rise       ; control|Y.SAVE_MUL1_291|datac      ;
; 0.444 ; 0.444        ; 0.000          ; Low Pulse Width  ; Controller:control|y.REPORT ; Rise       ; Controller:control|Y.MUL2_275      ;
; 0.444 ; 0.444        ; 0.000          ; Low Pulse Width  ; Controller:control|y.REPORT ; Rise       ; Controller:control|Y.SAVE_MUL1_291 ;
; 0.444 ; 0.444        ; 0.000          ; Low Pulse Width  ; Controller:control|y.REPORT ; Rise       ; Controller:control|Y.SUB_283       ;
; 0.445 ; 0.445        ; 0.000          ; Low Pulse Width  ; Controller:control|y.REPORT ; Rise       ; control|Y.MUL1_299|datac           ;
; 0.450 ; 0.450        ; 0.000          ; Low Pulse Width  ; Controller:control|y.REPORT ; Rise       ; Controller:control|Y.MUL1_299      ;
; 0.450 ; 0.450        ; 0.000          ; Low Pulse Width  ; Controller:control|y.REPORT ; Rise       ; control|y.REPORT~clkctrl|inclk[0]  ;
; 0.450 ; 0.450        ; 0.000          ; Low Pulse Width  ; Controller:control|y.REPORT ; Rise       ; control|y.REPORT~clkctrl|outclk    ;
; 0.454 ; 0.454        ; 0.000          ; Low Pulse Width  ; Controller:control|y.REPORT ; Rise       ; control|Y.SUB_283|datad            ;
; 0.455 ; 0.455        ; 0.000          ; Low Pulse Width  ; Controller:control|y.REPORT ; Rise       ; control|Y.REPORT_259|datab         ;
; 0.464 ; 0.464        ; 0.000          ; Low Pulse Width  ; Controller:control|y.REPORT ; Rise       ; Controller:control|Y.REPORT_259    ;
; 0.500 ; 0.500        ; 0.000          ; High Pulse Width ; Controller:control|y.REPORT ; Rise       ; control|y.REPORT|q                 ;
; 0.500 ; 0.500        ; 0.000          ; Low Pulse Width  ; Controller:control|y.REPORT ; Rise       ; control|y.REPORT|q                 ;
; 0.533 ; 0.533        ; 0.000          ; High Pulse Width ; Controller:control|y.REPORT ; Rise       ; Controller:control|Y.REPORT_259    ;
; 0.543 ; 0.543        ; 0.000          ; High Pulse Width ; Controller:control|y.REPORT ; Rise       ; control|Y.REPORT_259|datab         ;
; 0.544 ; 0.544        ; 0.000          ; High Pulse Width ; Controller:control|y.REPORT ; Rise       ; control|Y.SUB_283|datad            ;
; 0.548 ; 0.548        ; 0.000          ; High Pulse Width ; Controller:control|y.REPORT ; Rise       ; control|y.REPORT~clkctrl|inclk[0]  ;
; 0.548 ; 0.548        ; 0.000          ; High Pulse Width ; Controller:control|y.REPORT ; Rise       ; control|y.REPORT~clkctrl|outclk    ;
; 0.550 ; 0.550        ; 0.000          ; High Pulse Width ; Controller:control|y.REPORT ; Rise       ; Controller:control|Y.MUL1_299      ;
; 0.552 ; 0.552        ; 0.000          ; High Pulse Width ; Controller:control|y.REPORT ; Rise       ; Controller:control|Y.SAVE_Y_267    ;
; 0.553 ; 0.553        ; 0.000          ; High Pulse Width ; Controller:control|y.REPORT ; Rise       ; control|Y.MUL1_299|datac           ;
; 0.554 ; 0.554        ; 0.000          ; High Pulse Width ; Controller:control|y.REPORT ; Rise       ; Controller:control|Y.SUB_283       ;
; 0.555 ; 0.555        ; 0.000          ; High Pulse Width ; Controller:control|y.REPORT ; Rise       ; Controller:control|Y.MUL2_275      ;
; 0.555 ; 0.555        ; 0.000          ; High Pulse Width ; Controller:control|y.REPORT ; Rise       ; Controller:control|Y.SAVE_MUL1_291 ;
; 0.555 ; 0.555        ; 0.000          ; High Pulse Width ; Controller:control|y.REPORT ; Rise       ; control|Y.MUL2_275|datac           ;
; 0.555 ; 0.555        ; 0.000          ; High Pulse Width ; Controller:control|y.REPORT ; Rise       ; control|Y.SAVE_MUL1_291|datac      ;
; 0.557 ; 0.557        ; 0.000          ; High Pulse Width ; Controller:control|y.REPORT ; Rise       ; Controller:control|Y.IDLE_315      ;
; 0.557 ; 0.557        ; 0.000          ; High Pulse Width ; Controller:control|y.REPORT ; Rise       ; Controller:control|Y.LOAD_307      ;
; 0.557 ; 0.557        ; 0.000          ; High Pulse Width ; Controller:control|y.REPORT ; Rise       ; control|Y.IDLE_315|datac           ;
; 0.557 ; 0.557        ; 0.000          ; High Pulse Width ; Controller:control|y.REPORT ; Rise       ; control|Y.LOAD_307|datac           ;
; 0.560 ; 0.560        ; 0.000          ; High Pulse Width ; Controller:control|y.REPORT ; Rise       ; control|Selector4~6|combout        ;
; 0.561 ; 0.561        ; 0.000          ; High Pulse Width ; Controller:control|y.REPORT ; Rise       ; control|Selector8~1|datad          ;
; 0.561 ; 0.561        ; 0.000          ; High Pulse Width ; Controller:control|y.REPORT ; Rise       ; control|Y.SAVE_Y_267|dataa         ;
; 0.570 ; 0.570        ; 0.000          ; High Pulse Width ; Controller:control|y.REPORT ; Rise       ; control|Selector4~6|datab          ;
; 0.571 ; 0.571        ; 0.000          ; Low Pulse Width  ; Controller:control|y.REPORT ; Fall       ; control|Selector8~1|combout        ;
; 0.588 ; 0.588        ; 0.000          ; Low Pulse Width  ; Controller:control|y.REPORT ; Fall       ; Controller:control|ack             ;
; 0.588 ; 0.588        ; 0.000          ; Low Pulse Width  ; Controller:control|y.REPORT ; Fall       ; control|LA|datac                   ;
; 0.590 ; 0.590        ; 0.000          ; High Pulse Width ; Controller:control|y.REPORT ; Rise       ; control|ack|datac                  ;
; 0.593 ; 0.593        ; 0.000          ; High Pulse Width ; Controller:control|y.REPORT ; Rise       ; Controller:control|LA              ;
+-------+--------------+----------------+------------------+-----------------------------+------------+------------------------------------+


+-------------------------------------------------------------------------------------------------------------------------------------+
; Slow 1200mV 0C Model Minimum Pulse Width: 'Controller:control|y.IDLE'                                                               ;
+-------+--------------+----------------+------------------+---------------------------+------------+---------------------------------+
; Slack ; Actual Width ; Required Width ; Type             ; Clock                     ; Clock Edge ; Target                          ;
+-------+--------------+----------------+------------------+---------------------------+------------+---------------------------------+
; 0.397 ; 0.397        ; 0.000          ; Low Pulse Width  ; Controller:control|y.IDLE ; Rise       ; Controller:control|en4          ;
; 0.397 ; 0.397        ; 0.000          ; Low Pulse Width  ; Controller:control|y.IDLE ; Rise       ; Controller:control|s            ;
; 0.402 ; 0.402        ; 0.000          ; Low Pulse Width  ; Controller:control|y.IDLE ; Rise       ; Controller:control|en3          ;
; 0.411 ; 0.411        ; 0.000          ; Low Pulse Width  ; Controller:control|y.IDLE ; Rise       ; Controller:control|sel1         ;
; 0.417 ; 0.417        ; 0.000          ; Low Pulse Width  ; Controller:control|y.IDLE ; Rise       ; Controller:control|sel2         ;
; 0.418 ; 0.418        ; 0.000          ; Low Pulse Width  ; Controller:control|y.IDLE ; Rise       ; Controller:control|LB           ;
; 0.418 ; 0.418        ; 0.000          ; Low Pulse Width  ; Controller:control|y.IDLE ; Rise       ; control|Selector10~0|dataa      ;
; 0.419 ; 0.419        ; 0.000          ; High Pulse Width ; Controller:control|y.IDLE ; Fall       ; control|en4|datad               ;
; 0.419 ; 0.419        ; 0.000          ; High Pulse Width ; Controller:control|y.IDLE ; Fall       ; control|s|datad                 ;
; 0.424 ; 0.424        ; 0.000          ; High Pulse Width ; Controller:control|y.IDLE ; Fall       ; control|Selector32~1|combout    ;
; 0.425 ; 0.425        ; 0.000          ; High Pulse Width ; Controller:control|y.IDLE ; Fall       ; control|Selector28~0|combout    ;
; 0.425 ; 0.425        ; 0.000          ; High Pulse Width ; Controller:control|y.IDLE ; Fall       ; control|Selector4~6|combout     ;
; 0.426 ; 0.426        ; 0.000          ; High Pulse Width ; Controller:control|y.IDLE ; Fall       ; control|Selector10~0|combout    ;
; 0.427 ; 0.427        ; 0.000          ; High Pulse Width ; Controller:control|y.IDLE ; Fall       ; control|en3|datab               ;
; 0.427 ; 0.427        ; 0.000          ; Low Pulse Width  ; Controller:control|y.IDLE ; Rise       ; control|sel2|datad              ;
; 0.428 ; 0.428        ; 0.000          ; Low Pulse Width  ; Controller:control|y.IDLE ; Rise       ; control|Selector16~0|datad      ;
; 0.430 ; 0.430        ; 0.000          ; Low Pulse Width  ; Controller:control|y.IDLE ; Rise       ; control|Selector8~1|combout     ;
; 0.431 ; 0.431        ; 0.000          ; High Pulse Width ; Controller:control|y.IDLE ; Fall       ; control|Selector8~1|datab       ;
; 0.434 ; 0.434        ; 0.000          ; Low Pulse Width  ; Controller:control|y.IDLE ; Rise       ; Controller:control|en2          ;
; 0.434 ; 0.434        ; 0.000          ; Low Pulse Width  ; Controller:control|y.IDLE ; Rise       ; control|Selector32~1|datad      ;
; 0.435 ; 0.435        ; 0.000          ; Low Pulse Width  ; Controller:control|y.IDLE ; Rise       ; control|Selector28~0|datad      ;
; 0.435 ; 0.435        ; 0.000          ; Low Pulse Width  ; Controller:control|y.IDLE ; Rise       ; control|Selector4~5|datad       ;
; 0.435 ; 0.435        ; 0.000          ; Low Pulse Width  ; Controller:control|y.IDLE ; Rise       ; control|Selector4~6|datad       ;
; 0.435 ; 0.435        ; 0.000          ; High Pulse Width ; Controller:control|y.IDLE ; Fall       ; control|sel1|datad              ;
; 0.436 ; 0.436        ; 0.000          ; High Pulse Width ; Controller:control|y.IDLE ; Fall       ; control|Selector16~1|combout    ;
; 0.438 ; 0.438        ; 0.000          ; High Pulse Width ; Controller:control|y.IDLE ; Fall       ; control|Selector6~0|combout     ;
; 0.439 ; 0.439        ; 0.000          ; Low Pulse Width  ; Controller:control|y.IDLE ; Rise       ; Controller:control|rst2         ;
; 0.440 ; 0.440        ; 0.000          ; High Pulse Width ; Controller:control|y.IDLE ; Fall       ; control|LB|datad                ;
; 0.441 ; 0.441        ; 0.000          ; Low Pulse Width  ; Controller:control|y.IDLE ; Rise       ; control|y.IDLE~clkctrl|inclk[0] ;
; 0.441 ; 0.441        ; 0.000          ; Low Pulse Width  ; Controller:control|y.IDLE ; Rise       ; control|y.IDLE~clkctrl|outclk   ;
; 0.443 ; 0.443        ; 0.000          ; Low Pulse Width  ; Controller:control|y.IDLE ; Rise       ; control|Selector12~0|datac      ;
; 0.444 ; 0.444        ; 0.000          ; High Pulse Width ; Controller:control|y.IDLE ; Fall       ; control|Selector7~1|combout     ;
; 0.444 ; 0.444        ; 0.000          ; Low Pulse Width  ; Controller:control|y.IDLE ; Rise       ; control|Selector7~1|datac       ;
; 0.445 ; 0.445        ; 0.000          ; Low Pulse Width  ; Controller:control|y.IDLE ; Rise       ; control|Selector6~0|dataa       ;
; 0.446 ; 0.446        ; 0.000          ; Low Pulse Width  ; Controller:control|y.IDLE ; Rise       ; control|Selector16~1|datad      ;
; 0.447 ; 0.447        ; 0.000          ; Low Pulse Width  ; Controller:control|y.IDLE ; Rise       ; control|mul_rst|datac           ;
; 0.448 ; 0.448        ; 0.000          ; Low Pulse Width  ; Controller:control|y.IDLE ; Rise       ; Controller:control|mul_rst      ;
; 0.448 ; 0.448        ; 0.000          ; Low Pulse Width  ; Controller:control|y.IDLE ; Rise       ; control|LA|datac                ;
; 0.448 ; 0.448        ; 0.000          ; Low Pulse Width  ; Controller:control|y.IDLE ; Rise       ; control|Selector12~0|combout    ;
; 0.449 ; 0.449        ; 0.000          ; Low Pulse Width  ; Controller:control|y.IDLE ; Rise       ; control|rst2|datad              ;
; 0.451 ; 0.451        ; 0.000          ; Low Pulse Width  ; Controller:control|y.IDLE ; Rise       ; control|Selector16~0|combout    ;
; 0.453 ; 0.453        ; 0.000          ; High Pulse Width ; Controller:control|y.IDLE ; Fall       ; Controller:control|LA           ;
; 0.454 ; 0.454        ; 0.000          ; Low Pulse Width  ; Controller:control|y.IDLE ; Rise       ; Controller:control|ack          ;
; 0.456 ; 0.456        ; 0.000          ; High Pulse Width ; Controller:control|y.IDLE ; Fall       ; control|ack|datac               ;
; 0.456 ; 0.456        ; 0.000          ; High Pulse Width ; Controller:control|y.IDLE ; Fall       ; control|en2|datad               ;
; 0.459 ; 0.459        ; 0.000          ; Low Pulse Width  ; Controller:control|y.IDLE ; Rise       ; control|Selector4~5|combout     ;
; 0.466 ; 0.466        ; 0.000          ; High Pulse Width ; Controller:control|y.IDLE ; Fall       ; control|Selector14~0|combout    ;
; 0.476 ; 0.476        ; 0.000          ; Low Pulse Width  ; Controller:control|y.IDLE ; Rise       ; control|Selector14~0|datad      ;
; 0.500 ; 0.500        ; 0.000          ; High Pulse Width ; Controller:control|y.IDLE ; Rise       ; control|y.IDLE|q                ;
; 0.500 ; 0.500        ; 0.000          ; Low Pulse Width  ; Controller:control|y.IDLE ; Rise       ; control|y.IDLE|q                ;
; 0.523 ; 0.523        ; 0.000          ; High Pulse Width ; Controller:control|y.IDLE ; Rise       ; control|Selector14~0|datad      ;
; 0.533 ; 0.533        ; 0.000          ; Low Pulse Width  ; Controller:control|y.IDLE ; Fall       ; control|Selector14~0|combout    ;
; 0.541 ; 0.541        ; 0.000          ; High Pulse Width ; Controller:control|y.IDLE ; Rise       ; control|Selector4~5|combout     ;
; 0.541 ; 0.541        ; 0.000          ; Low Pulse Width  ; Controller:control|y.IDLE ; Fall       ; control|en2|datad               ;
; 0.542 ; 0.542        ; 0.000          ; Low Pulse Width  ; Controller:control|y.IDLE ; Fall       ; control|ack|datac               ;
; 0.544 ; 0.544        ; 0.000          ; High Pulse Width ; Controller:control|y.IDLE ; Rise       ; Controller:control|ack          ;
; 0.545 ; 0.545        ; 0.000          ; Low Pulse Width  ; Controller:control|y.IDLE ; Fall       ; Controller:control|LA           ;
; 0.548 ; 0.548        ; 0.000          ; High Pulse Width ; Controller:control|y.IDLE ; Rise       ; control|Selector16~0|combout    ;
; 0.549 ; 0.549        ; 0.000          ; High Pulse Width ; Controller:control|y.IDLE ; Rise       ; control|rst2|datad              ;
; 0.550 ; 0.550        ; 0.000          ; High Pulse Width ; Controller:control|y.IDLE ; Rise       ; control|LA|datac                ;
; 0.551 ; 0.551        ; 0.000          ; High Pulse Width ; Controller:control|y.IDLE ; Rise       ; Controller:control|mul_rst      ;
; 0.551 ; 0.551        ; 0.000          ; High Pulse Width ; Controller:control|y.IDLE ; Rise       ; control|mul_rst|datac           ;
; 0.552 ; 0.552        ; 0.000          ; High Pulse Width ; Controller:control|y.IDLE ; Rise       ; control|Selector12~0|combout    ;
; 0.552 ; 0.552        ; 0.000          ; Low Pulse Width  ; Controller:control|y.IDLE ; Fall       ; control|Selector6~0|combout     ;
; 0.553 ; 0.553        ; 0.000          ; High Pulse Width ; Controller:control|y.IDLE ; Rise       ; control|Selector16~1|datad      ;
; 0.555 ; 0.555        ; 0.000          ; High Pulse Width ; Controller:control|y.IDLE ; Rise       ; control|Selector6~0|dataa       ;
; 0.555 ; 0.555        ; 0.000          ; Low Pulse Width  ; Controller:control|y.IDLE ; Fall       ; control|Selector7~1|combout     ;
; 0.556 ; 0.556        ; 0.000          ; High Pulse Width ; Controller:control|y.IDLE ; Rise       ; control|Selector7~1|datac       ;
; 0.557 ; 0.557        ; 0.000          ; High Pulse Width ; Controller:control|y.IDLE ; Rise       ; control|Selector12~0|datac      ;
; 0.557 ; 0.557        ; 0.000          ; High Pulse Width ; Controller:control|y.IDLE ; Rise       ; control|y.IDLE~clkctrl|inclk[0] ;
; 0.557 ; 0.557        ; 0.000          ; High Pulse Width ; Controller:control|y.IDLE ; Rise       ; control|y.IDLE~clkctrl|outclk   ;
; 0.558 ; 0.558        ; 0.000          ; Low Pulse Width  ; Controller:control|y.IDLE ; Fall       ; control|LB|datad                ;
; 0.559 ; 0.559        ; 0.000          ; High Pulse Width ; Controller:control|y.IDLE ; Rise       ; Controller:control|rst2         ;
; 0.562 ; 0.562        ; 0.000          ; High Pulse Width ; Controller:control|y.IDLE ; Rise       ; control|Selector4~6|datad       ;
; 0.562 ; 0.562        ; 0.000          ; Low Pulse Width  ; Controller:control|y.IDLE ; Fall       ; control|sel1|datad              ;
; 0.563 ; 0.563        ; 0.000          ; Low Pulse Width  ; Controller:control|y.IDLE ; Fall       ; control|Selector16~1|combout    ;
; 0.563 ; 0.563        ; 0.000          ; High Pulse Width ; Controller:control|y.IDLE ; Rise       ; control|Selector28~0|datad      ;
; 0.563 ; 0.563        ; 0.000          ; High Pulse Width ; Controller:control|y.IDLE ; Rise       ; control|Selector32~1|datad      ;
; 0.563 ; 0.563        ; 0.000          ; High Pulse Width ; Controller:control|y.IDLE ; Rise       ; control|Selector4~5|datad       ;
; 0.565 ; 0.565        ; 0.000          ; High Pulse Width ; Controller:control|y.IDLE ; Rise       ; Controller:control|en2          ;
; 0.565 ; 0.565        ; 0.000          ; Low Pulse Width  ; Controller:control|y.IDLE ; Fall       ; control|Selector10~0|combout    ;
; 0.567 ; 0.567        ; 0.000          ; High Pulse Width ; Controller:control|y.IDLE ; Rise       ; control|Selector8~1|combout     ;
; 0.567 ; 0.567        ; 0.000          ; Low Pulse Width  ; Controller:control|y.IDLE ; Fall       ; control|Selector8~1|datab       ;
; 0.570 ; 0.570        ; 0.000          ; Low Pulse Width  ; Controller:control|y.IDLE ; Fall       ; control|en3|datab               ;
; 0.571 ; 0.571        ; 0.000          ; High Pulse Width ; Controller:control|y.IDLE ; Rise       ; control|Selector16~0|datad      ;
; 0.572 ; 0.572        ; 0.000          ; Low Pulse Width  ; Controller:control|y.IDLE ; Fall       ; control|Selector4~6|combout     ;
; 0.572 ; 0.572        ; 0.000          ; High Pulse Width ; Controller:control|y.IDLE ; Rise       ; control|sel2|datad              ;
; 0.572 ; 0.572        ; 0.000          ; Low Pulse Width  ; Controller:control|y.IDLE ; Fall       ; control|s|datad                 ;
; 0.573 ; 0.573        ; 0.000          ; Low Pulse Width  ; Controller:control|y.IDLE ; Fall       ; control|Selector28~0|combout    ;
; 0.573 ; 0.573        ; 0.000          ; Low Pulse Width  ; Controller:control|y.IDLE ; Fall       ; control|Selector32~1|combout    ;
; 0.573 ; 0.573        ; 0.000          ; Low Pulse Width  ; Controller:control|y.IDLE ; Fall       ; control|en4|datad               ;
; 0.581 ; 0.581        ; 0.000          ; High Pulse Width ; Controller:control|y.IDLE ; Rise       ; control|Selector10~0|dataa      ;
; 0.582 ; 0.582        ; 0.000          ; High Pulse Width ; Controller:control|y.IDLE ; Rise       ; Controller:control|LB           ;
; 0.582 ; 0.582        ; 0.000          ; High Pulse Width ; Controller:control|y.IDLE ; Rise       ; Controller:control|sel2         ;
; 0.584 ; 0.584        ; 0.000          ; High Pulse Width ; Controller:control|y.IDLE ; Rise       ; Controller:control|sel1         ;
; 0.596 ; 0.596        ; 0.000          ; High Pulse Width ; Controller:control|y.IDLE ; Rise       ; Controller:control|en3          ;
; 0.596 ; 0.596        ; 0.000          ; High Pulse Width ; Controller:control|y.IDLE ; Rise       ; Controller:control|s            ;
; 0.597 ; 0.597        ; 0.000          ; High Pulse Width ; Controller:control|y.IDLE ; Rise       ; Controller:control|en4          ;
+-------+--------------+----------------+------------------+---------------------------+------------+---------------------------------+


+-----------------------------------------------------------------------------------------------------+
; Setup Times                                                                                         ;
+------------+-----------------------------+-------+-------+------------+-----------------------------+
; Data Port  ; Clock Port                  ; Rise  ; Fall  ; Clock Edge ; Clock Reference             ;
+------------+-----------------------------+-------+-------+------------+-----------------------------+
; req        ; Controller:control|y.IDLE   ; 3.127 ; 3.271 ; Rise       ; Controller:control|y.IDLE   ;
; n_iter[*]  ; Controller:control|y.REPORT ; 2.633 ; 2.967 ; Rise       ; Controller:control|y.REPORT ;
;  n_iter[0] ; Controller:control|y.REPORT ; 1.190 ; 1.289 ; Rise       ; Controller:control|y.REPORT ;
;  n_iter[1] ; Controller:control|y.REPORT ; 2.368 ; 2.663 ; Rise       ; Controller:control|y.REPORT ;
;  n_iter[2] ; Controller:control|y.REPORT ; 2.510 ; 2.857 ; Rise       ; Controller:control|y.REPORT ;
;  n_iter[3] ; Controller:control|y.REPORT ; 2.633 ; 2.967 ; Rise       ; Controller:control|y.REPORT ;
; req        ; Controller:control|y.REPORT ; 0.731 ; 0.869 ; Rise       ; Controller:control|y.REPORT ;
; req        ; Controller:control|y.REPORT ; 2.451 ; 2.552 ; Fall       ; Controller:control|y.REPORT ;
; x_in[*]    ; clk                         ; 1.572 ; 1.949 ; Rise       ; clk                         ;
;  x_in[0]   ; clk                         ; 1.236 ; 1.595 ; Rise       ; clk                         ;
;  x_in[1]   ; clk                         ; 1.510 ; 1.827 ; Rise       ; clk                         ;
;  x_in[2]   ; clk                         ; 1.360 ; 1.733 ; Rise       ; clk                         ;
;  x_in[3]   ; clk                         ; 1.303 ; 1.691 ; Rise       ; clk                         ;
;  x_in[4]   ; clk                         ; 1.204 ; 1.544 ; Rise       ; clk                         ;
;  x_in[5]   ; clk                         ; 1.251 ; 1.592 ; Rise       ; clk                         ;
;  x_in[6]   ; clk                         ; 1.572 ; 1.949 ; Rise       ; clk                         ;
;  x_in[7]   ; clk                         ; 1.209 ; 1.553 ; Rise       ; clk                         ;
+------------+-----------------------------+-------+-------+------------+-----------------------------+


+-------------------------------------------------------------------------------------------------------+
; Hold Times                                                                                            ;
+------------+-----------------------------+--------+--------+------------+-----------------------------+
; Data Port  ; Clock Port                  ; Rise   ; Fall   ; Clock Edge ; Clock Reference             ;
+------------+-----------------------------+--------+--------+------------+-----------------------------+
; req        ; Controller:control|y.IDLE   ; -0.540 ; -0.686 ; Rise       ; Controller:control|y.IDLE   ;
; n_iter[*]  ; Controller:control|y.REPORT ; 0.212  ; 0.053  ; Rise       ; Controller:control|y.REPORT ;
;  n_iter[0] ; Controller:control|y.REPORT ; 0.212  ; 0.053  ; Rise       ; Controller:control|y.REPORT ;
;  n_iter[1] ; Controller:control|y.REPORT ; -0.910 ; -1.241 ; Rise       ; Controller:control|y.REPORT ;
;  n_iter[2] ; Controller:control|y.REPORT ; -0.998 ; -1.410 ; Rise       ; Controller:control|y.REPORT ;
;  n_iter[3] ; Controller:control|y.REPORT ; -1.122 ; -1.525 ; Rise       ; Controller:control|y.REPORT ;
; req        ; Controller:control|y.REPORT ; 0.367  ; 0.239  ; Rise       ; Controller:control|y.REPORT ;
; req        ; Controller:control|y.REPORT ; -1.479 ; -1.583 ; Fall       ; Controller:control|y.REPORT ;
; x_in[*]    ; clk                         ; -0.870 ; -1.196 ; Rise       ; clk                         ;
;  x_in[0]   ; clk                         ; -0.901 ; -1.246 ; Rise       ; clk                         ;
;  x_in[1]   ; clk                         ; -1.166 ; -1.468 ; Rise       ; clk                         ;
;  x_in[2]   ; clk                         ; -1.019 ; -1.375 ; Rise       ; clk                         ;
;  x_in[3]   ; clk                         ; -0.962 ; -1.334 ; Rise       ; clk                         ;
;  x_in[4]   ; clk                         ; -0.870 ; -1.196 ; Rise       ; clk                         ;
;  x_in[5]   ; clk                         ; -0.916 ; -1.242 ; Rise       ; clk                         ;
;  x_in[6]   ; clk                         ; -1.222 ; -1.583 ; Rise       ; clk                         ;
;  x_in[7]   ; clk                         ; -0.875 ; -1.205 ; Rise       ; clk                         ;
+------------+-----------------------------+--------+--------+------------+-----------------------------+


+-----------------------------------------------------------------------------------------------------+
; Clock to Output Times                                                                               ;
+------------+-----------------------------+-------+-------+------------+-----------------------------+
; Data Port  ; Clock Port                  ; Rise  ; Fall  ; Clock Edge ; Clock Reference             ;
+------------+-----------------------------+-------+-------+------------+-----------------------------+
; ack        ; Controller:control|y.IDLE   ; 4.059 ; 3.977 ; Rise       ; Controller:control|y.IDLE   ;
; ack        ; Controller:control|y.REPORT ; 4.349 ; 4.267 ; Fall       ; Controller:control|y.REPORT ;
; x_inv[*]   ; clk                         ; 7.196 ; 7.200 ; Rise       ; clk                         ;
;  x_inv[2]  ; clk                         ; 5.797 ; 5.734 ; Rise       ; clk                         ;
;  x_inv[3]  ; clk                         ; 5.935 ; 5.888 ; Rise       ; clk                         ;
;  x_inv[4]  ; clk                         ; 5.875 ; 5.816 ; Rise       ; clk                         ;
;  x_inv[5]  ; clk                         ; 6.031 ; 5.988 ; Rise       ; clk                         ;
;  x_inv[6]  ; clk                         ; 7.180 ; 7.188 ; Rise       ; clk                         ;
;  x_inv[7]  ; clk                         ; 6.056 ; 5.998 ; Rise       ; clk                         ;
;  x_inv[8]  ; clk                         ; 5.900 ; 5.853 ; Rise       ; clk                         ;
;  x_inv[9]  ; clk                         ; 5.938 ; 5.893 ; Rise       ; clk                         ;
;  x_inv[10] ; clk                         ; 7.043 ; 7.058 ; Rise       ; clk                         ;
;  x_inv[11] ; clk                         ; 5.887 ; 5.839 ; Rise       ; clk                         ;
;  x_inv[12] ; clk                         ; 5.636 ; 5.604 ; Rise       ; clk                         ;
;  x_inv[13] ; clk                         ; 6.011 ; 5.944 ; Rise       ; clk                         ;
;  x_inv[14] ; clk                         ; 7.196 ; 7.200 ; Rise       ; clk                         ;
;  x_inv[15] ; clk                         ; 6.057 ; 5.990 ; Rise       ; clk                         ;
+------------+-----------------------------+-------+-------+------------+-----------------------------+


+-----------------------------------------------------------------------------------------------------+
; Minimum Clock to Output Times                                                                       ;
+------------+-----------------------------+-------+-------+------------+-----------------------------+
; Data Port  ; Clock Port                  ; Rise  ; Fall  ; Clock Edge ; Clock Reference             ;
+------------+-----------------------------+-------+-------+------------+-----------------------------+
; ack        ; Controller:control|y.IDLE   ; 3.912 ; 3.832 ; Rise       ; Controller:control|y.IDLE   ;
; ack        ; Controller:control|y.REPORT ; 4.120 ; 4.040 ; Fall       ; Controller:control|y.REPORT ;
; x_inv[*]   ; clk                         ; 5.443 ; 5.410 ; Rise       ; clk                         ;
;  x_inv[2]  ; clk                         ; 5.597 ; 5.535 ; Rise       ; clk                         ;
;  x_inv[3]  ; clk                         ; 5.731 ; 5.684 ; Rise       ; clk                         ;
;  x_inv[4]  ; clk                         ; 5.672 ; 5.614 ; Rise       ; clk                         ;
;  x_inv[5]  ; clk                         ; 5.824 ; 5.781 ; Rise       ; clk                         ;
;  x_inv[6]  ; clk                         ; 6.971 ; 6.980 ; Rise       ; clk                         ;
;  x_inv[7]  ; clk                         ; 5.847 ; 5.790 ; Rise       ; clk                         ;
;  x_inv[8]  ; clk                         ; 5.698 ; 5.651 ; Rise       ; clk                         ;
;  x_inv[9]  ; clk                         ; 5.734 ; 5.689 ; Rise       ; clk                         ;
;  x_inv[10] ; clk                         ; 6.840 ; 6.854 ; Rise       ; clk                         ;
;  x_inv[11] ; clk                         ; 5.685 ; 5.637 ; Rise       ; clk                         ;
;  x_inv[12] ; clk                         ; 5.443 ; 5.410 ; Rise       ; clk                         ;
;  x_inv[13] ; clk                         ; 5.803 ; 5.737 ; Rise       ; clk                         ;
;  x_inv[14] ; clk                         ; 6.985 ; 6.990 ; Rise       ; clk                         ;
;  x_inv[15] ; clk                         ; 5.854 ; 5.789 ; Rise       ; clk                         ;
+------------+-----------------------------+-------+-------+------------+-----------------------------+


---------------------------------------------
; Slow 1200mV 0C Model Metastability Report ;
---------------------------------------------
No synchronizer chains to report.


+------------------------------------------------------+
; Fast 1200mV 0C Model Setup Summary                   ;
+-----------------------------+--------+---------------+
; Clock                       ; Slack  ; End Point TNS ;
+-----------------------------+--------+---------------+
; Controller:control|y.IDLE   ; -2.067 ; -11.898       ;
; Controller:control|y.REPORT ; -1.915 ; -6.442        ;
; clk                         ; -0.697 ; -17.195       ;
+-----------------------------+--------+---------------+


+------------------------------------------------------+
; Fast 1200mV 0C Model Hold Summary                    ;
+-----------------------------+--------+---------------+
; Clock                       ; Slack  ; End Point TNS ;
+-----------------------------+--------+---------------+
; Controller:control|y.REPORT ; -1.498 ; -3.334        ;
; Controller:control|y.IDLE   ; -0.451 ; -0.955        ;
; clk                         ; -0.278 ; -5.240        ;
+-----------------------------+--------+---------------+


+---------------------------------------+
; Fast 1200mV 0C Model Recovery Summary ;
+-------+--------+----------------------+
; Clock ; Slack  ; End Point TNS        ;
+-------+--------+----------------------+
; clk   ; -0.306 ; -4.804               ;
+-------+--------+----------------------+


+--------------------------------------+
; Fast 1200mV 0C Model Removal Summary ;
+-------+-------+----------------------+
; Clock ; Slack ; End Point TNS        ;
+-------+-------+----------------------+
; clk   ; 0.684 ; 0.000                ;
+-------+-------+----------------------+


+------------------------------------------------------+
; Fast 1200mV 0C Model Minimum Pulse Width Summary     ;
+-----------------------------+--------+---------------+
; Clock                       ; Slack  ; End Point TNS ;
+-----------------------------+--------+---------------+
; clk                         ; -3.000 ; -94.134       ;
; Controller:control|y.REPORT ; 0.325  ; 0.000         ;
; Controller:control|y.IDLE   ; 0.336  ; 0.000         ;
+-----------------------------+--------+---------------+


+-------------------------------------------------------------------------------------------------------------------------------------------------------------------+
; Fast 1200mV 0C Model Setup: 'Controller:control|y.IDLE'                                                                                                           ;
+--------+-----------------------------+-------------------------+-----------------------------+---------------------------+--------------+------------+------------+
; Slack  ; From Node                   ; To Node                 ; Launch Clock                ; Latch Clock               ; Relationship ; Clock Skew ; Data Delay ;
+--------+-----------------------------+-------------------------+-----------------------------+---------------------------+--------------+------------+------------+
; -2.067 ; Controller:control|y.MUL2   ; Controller:control|en3  ; clk                         ; Controller:control|y.IDLE ; 1.000        ; -1.111     ; 0.878      ;
; -1.547 ; Controller:control|y.SAVE_Y ; Controller:control|ack  ; clk                         ; Controller:control|y.IDLE ; 1.000        ; -1.344     ; 0.690      ;
; -1.481 ; Controller:control|y.SUB    ; Controller:control|LA   ; clk                         ; Controller:control|y.IDLE ; 0.500        ; -0.704     ; 0.757      ;
; -1.416 ; Controller:control|y.SAVE_Y ; Controller:control|LA   ; clk                         ; Controller:control|y.IDLE ; 0.500        ; -0.705     ; 0.691      ;
; -1.286 ; Controller:control|y.SUB    ; Controller:control|LB   ; clk                         ; Controller:control|y.IDLE ; 1.000        ; -0.695     ; 1.144      ;
; -1.211 ; Controller:control|y.MUL1   ; Controller:control|s    ; clk                         ; Controller:control|y.IDLE ; 1.000        ; -0.656     ; 1.185      ;
; -1.201 ; Controller:control|y.LOAD   ; Controller:control|LB   ; clk                         ; Controller:control|y.IDLE ; 1.000        ; -0.696     ; 1.058      ;
; -1.131 ; Controller:control|y.SAVE_Y ; Controller:control|LB   ; clk                         ; Controller:control|y.IDLE ; 1.000        ; -0.696     ; 0.988      ;
; -1.117 ; Controller:control|y.LOAD   ; Controller:control|sel1 ; clk                         ; Controller:control|y.IDLE ; 1.000        ; -0.894     ; 0.783      ;
; -1.115 ; Controller:control|y.MUL1   ; Controller:control|en4  ; clk                         ; Controller:control|y.IDLE ; 1.000        ; -0.884     ; 0.779      ;
; -1.070 ; Controller:control|y.SAVE_Y ; Controller:control|en2  ; clk                         ; Controller:control|y.IDLE ; 1.000        ; -1.024     ; 0.690      ;
; -1.004 ; Controller:control|y.SUB    ; Controller:control|sel2 ; clk                         ; Controller:control|y.IDLE ; 1.000        ; -0.953     ; 0.693      ;
; -0.968 ; Controller:control|y.MUL2   ; Controller:control|s    ; clk                         ; Controller:control|y.IDLE ; 1.000        ; -0.676     ; 0.922      ;
; -0.499 ; Controller:control|y.IDLE   ; Controller:control|en3  ; Controller:control|y.IDLE   ; Controller:control|y.IDLE ; 0.500        ; 0.679      ; 0.715      ;
; 0.034  ; Controller:control|y.REPORT ; Controller:control|ack  ; Controller:control|y.REPORT ; Controller:control|y.IDLE ; 0.500        ; 0.447      ; 0.515      ;
; 0.049  ; Controller:control|y.IDLE   ; Controller:control|en3  ; Controller:control|y.IDLE   ; Controller:control|y.IDLE ; 1.000        ; 0.679      ; 0.667      ;
; 0.160  ; Controller:control|y.IDLE   ; Controller:control|LB   ; Controller:control|y.IDLE   ; Controller:control|y.IDLE ; 0.500        ; 1.095      ; 1.103      ;
; 0.465  ; Controller:control|y.IDLE   ; Controller:control|LA   ; Controller:control|y.IDLE   ; Controller:control|y.IDLE ; 0.500        ; 1.086      ; 0.716      ;
; 0.582  ; Controller:control|y.REPORT ; Controller:control|ack  ; Controller:control|y.REPORT ; Controller:control|y.IDLE ; 1.000        ; 0.447      ; 0.467      ;
; 0.658  ; Controller:control|y.IDLE   ; Controller:control|LB   ; Controller:control|y.IDLE   ; Controller:control|y.IDLE ; 1.000        ; 1.095      ; 1.105      ;
; 0.866  ; Controller:control|y.IDLE   ; Controller:control|LA   ; Controller:control|y.IDLE   ; Controller:control|y.IDLE ; 1.000        ; 1.086      ; 0.815      ;
+--------+-----------------------------+-------------------------+-----------------------------+---------------------------+--------------+------------+------------+


+----------------------------------------------------------------------------------------------------------------------------------------------------------------------------------------------------+
; Fast 1200mV 0C Model Setup: 'Controller:control|y.REPORT'                                                                                                                                          ;
+--------+-------------------------------------------------+------------------------------------+-----------------------------+-----------------------------+--------------+------------+------------+
; Slack  ; From Node                                       ; To Node                            ; Launch Clock                ; Latch Clock                 ; Relationship ; Clock Skew ; Data Delay ;
+--------+-------------------------------------------------+------------------------------------+-----------------------------+-----------------------------+--------------+------------+------------+
; -1.915 ; Controller:control|y.SAVE_Y                     ; Controller:control|ack             ; clk                         ; Controller:control|y.REPORT ; 0.500        ; -1.212     ; 0.690      ;
; -1.421 ; Controller:control|y.SUB                        ; Controller:control|LA              ; clk                         ; Controller:control|y.REPORT ; 1.000        ; -1.144     ; 0.757      ;
; -1.356 ; Controller:control|y.SAVE_Y                     ; Controller:control|LA              ; clk                         ; Controller:control|y.REPORT ; 1.000        ; -1.145     ; 0.691      ;
; -0.722 ; Controller:control|y.MUL1                       ; Controller:control|Y.SAVE_MUL1_291 ; clk                         ; Controller:control|y.REPORT ; 1.000        ; 0.095      ; 0.783      ;
; -0.681 ; Datapath:datapath|Multiplier:multiplier|y.S3    ; Controller:control|Y.SAVE_MUL1_291 ; clk                         ; Controller:control|y.REPORT ; 1.000        ; 0.203      ; 0.850      ;
; -0.662 ; Controller:control|y.SAVE_MUL1                  ; Controller:control|Y.SUB_283       ; clk                         ; Controller:control|y.REPORT ; 1.000        ; 0.016      ; 0.811      ;
; -0.602 ; Datapath:datapath|Multiplier:multiplier|y.S3    ; Controller:control|Y.MUL2_275      ; clk                         ; Controller:control|y.REPORT ; 1.000        ; 0.204      ; 1.113      ;
; -0.581 ; Controller:control|y.SUB                        ; Controller:control|Y.MUL2_275      ; clk                         ; Controller:control|y.REPORT ; 1.000        ; 0.076      ; 0.964      ;
; -0.548 ; Controller:control|y.MUL2                       ; Controller:control|Y.MUL2_275      ; clk                         ; Controller:control|y.REPORT ; 1.000        ; 0.076      ; 0.931      ;
; -0.475 ; Datapath:datapath|Counter_4bit:counter|count[2] ; Controller:control|Y.MUL1_299      ; clk                         ; Controller:control|y.REPORT ; 1.000        ; 0.167      ; 1.075      ;
; -0.475 ; Controller:control|y.SAVE_Y                     ; Controller:control|Y.MUL1_299      ; clk                         ; Controller:control|y.REPORT ; 1.000        ; 0.069      ; 0.977      ;
; -0.468 ; Datapath:datapath|Counter_4bit:counter|count[3] ; Controller:control|Y.MUL1_299      ; clk                         ; Controller:control|y.REPORT ; 1.000        ; 0.167      ; 1.068      ;
; -0.412 ; Datapath:datapath|Counter_4bit:counter|count[2] ; Controller:control|Y.REPORT_259    ; clk                         ; Controller:control|y.REPORT ; 1.000        ; 0.249      ; 1.078      ;
; -0.405 ; Datapath:datapath|Counter_4bit:counter|count[3] ; Controller:control|Y.REPORT_259    ; clk                         ; Controller:control|y.REPORT ; 1.000        ; 0.249      ; 1.071      ;
; -0.363 ; Controller:control|y.LOAD                       ; Controller:control|Y.MUL1_299      ; clk                         ; Controller:control|y.REPORT ; 1.000        ; 0.069      ; 0.865      ;
; -0.351 ; Controller:control|y.MUL1                       ; Controller:control|Y.MUL1_299      ; clk                         ; Controller:control|y.REPORT ; 1.000        ; 0.090      ; 0.874      ;
; -0.338 ; Datapath:datapath|Counter_4bit:counter|count[0] ; Controller:control|Y.MUL1_299      ; clk                         ; Controller:control|y.REPORT ; 1.000        ; 0.167      ; 0.938      ;
; -0.295 ; Datapath:datapath|Multiplier:multiplier|y.S3    ; Controller:control|Y.MUL1_299      ; clk                         ; Controller:control|y.REPORT ; 1.000        ; 0.198      ; 0.926      ;
; -0.280 ; Datapath:datapath|Counter_4bit:counter|count[0] ; Controller:control|Y.REPORT_259    ; clk                         ; Controller:control|y.REPORT ; 1.000        ; 0.249      ; 0.946      ;
; -0.266 ; Datapath:datapath|Counter_4bit:counter|count[1] ; Controller:control|Y.MUL1_299      ; clk                         ; Controller:control|y.REPORT ; 1.000        ; 0.167      ; 0.866      ;
; -0.233 ; Controller:control|y.MUL2                       ; Controller:control|Y.SAVE_Y_267    ; clk                         ; Controller:control|y.REPORT ; 1.000        ; 0.183      ; 0.919      ;
; -0.230 ; Datapath:datapath|Multiplier:multiplier|y.S3    ; Controller:control|Y.SAVE_Y_267    ; clk                         ; Controller:control|y.REPORT ; 1.000        ; 0.311      ; 1.044      ;
; -0.197 ; Datapath:datapath|Counter_4bit:counter|count[1] ; Controller:control|Y.REPORT_259    ; clk                         ; Controller:control|y.REPORT ; 1.000        ; 0.249      ; 0.863      ;
; -0.111 ; Controller:control|y.SAVE_Y                     ; Controller:control|Y.REPORT_259    ; clk                         ; Controller:control|y.REPORT ; 1.000        ; 0.151      ; 0.679      ;
; -0.074 ; Controller:control|y.IDLE                       ; Controller:control|LA              ; Controller:control|y.IDLE   ; Controller:control|y.REPORT ; 0.500        ; 0.646      ; 0.815      ;
; 0.214  ; Controller:control|y.REPORT                     ; Controller:control|ack             ; Controller:control|y.REPORT ; Controller:control|y.REPORT ; 0.500        ; 0.579      ; 0.467      ;
; 0.525  ; Controller:control|y.IDLE                       ; Controller:control|LA              ; Controller:control|y.IDLE   ; Controller:control|y.REPORT ; 1.000        ; 0.646      ; 0.716      ;
; 0.666  ; Controller:control|y.REPORT                     ; Controller:control|ack             ; Controller:control|y.REPORT ; Controller:control|y.REPORT ; 1.000        ; 0.579      ; 0.515      ;
; 1.273  ; Controller:control|y.IDLE                       ; Controller:control|Y.LOAD_307      ; Controller:control|y.IDLE   ; Controller:control|y.REPORT ; 0.500        ; 1.881      ; 0.686      ;
; 1.424  ; Controller:control|y.IDLE                       ; Controller:control|Y.IDLE_315      ; Controller:control|y.IDLE   ; Controller:control|y.REPORT ; 0.500        ; 1.881      ; 0.727      ;
; 1.782  ; Controller:control|y.IDLE                       ; Controller:control|Y.LOAD_307      ; Controller:control|y.IDLE   ; Controller:control|y.REPORT ; 1.000        ; 1.881      ; 0.677      ;
; 2.004  ; Controller:control|y.IDLE                       ; Controller:control|Y.IDLE_315      ; Controller:control|y.IDLE   ; Controller:control|y.REPORT ; 1.000        ; 1.881      ; 0.647      ;
+--------+-------------------------------------------------+------------------------------------+-----------------------------+-----------------------------+--------------+------------+------------+


+------------------------------------------------------------------------------------------------------------------------------------------------------------------------------------------------------------+
; Fast 1200mV 0C Model Setup: 'clk'                                                                                                                                                                          ;
+--------+--------------------------------------------------------------+--------------------------------------------------------------+--------------+-------------+--------------+------------+------------+
; Slack  ; From Node                                                    ; To Node                                                      ; Launch Clock ; Latch Clock ; Relationship ; Clock Skew ; Data Delay ;
+--------+--------------------------------------------------------------+--------------------------------------------------------------+--------------+-------------+--------------+------------+------------+
; -0.697 ; Datapath:datapath|regne:reg_mul1|Q[2]                        ; Datapath:datapath|Multiplier:multiplier|shiftrne:ShiftB|Q[7] ; clk          ; clk         ; 1.000        ; -0.036     ; 1.648      ;
; -0.606 ; Datapath:datapath|regne:reg_mul1|Q[3]                        ; Datapath:datapath|Multiplier:multiplier|shiftrne:ShiftB|Q[7] ; clk          ; clk         ; 1.000        ; -0.036     ; 1.557      ;
; -0.601 ; Datapath:datapath|regne:reg_mul1|Q[2]                        ; Datapath:datapath|Multiplier:multiplier|shiftrne:ShiftB|Q[5] ; clk          ; clk         ; 1.000        ; -0.037     ; 1.551      ;
; -0.571 ; Datapath:datapath|regne:reg_mul1|Q[2]                        ; Datapath:datapath|Multiplier:multiplier|shiftrne:ShiftB|Q[6] ; clk          ; clk         ; 1.000        ; -0.037     ; 1.521      ;
; -0.548 ; Datapath:datapath|regne:reg_mul1|Q[2]                        ; Datapath:datapath|Multiplier:multiplier|shiftrne:ShiftB|Q[3] ; clk          ; clk         ; 1.000        ; -0.037     ; 1.498      ;
; -0.538 ; Datapath:datapath|regne:reg_mul1|Q[5]                        ; Datapath:datapath|Multiplier:multiplier|shiftrne:ShiftB|Q[7] ; clk          ; clk         ; 1.000        ; -0.036     ; 1.489      ;
; -0.524 ; Datapath:datapath|regne:reg_mul1|Q[4]                        ; Datapath:datapath|Multiplier:multiplier|shiftrne:ShiftB|Q[7] ; clk          ; clk         ; 1.000        ; -0.036     ; 1.475      ;
; -0.510 ; Datapath:datapath|regne:reg_mul1|Q[3]                        ; Datapath:datapath|Multiplier:multiplier|shiftrne:ShiftB|Q[5] ; clk          ; clk         ; 1.000        ; -0.037     ; 1.460      ;
; -0.505 ; Datapath:datapath|regne:reg_mul1|Q[2]                        ; Datapath:datapath|Multiplier:multiplier|shiftrne:ShiftB|Q[4] ; clk          ; clk         ; 1.000        ; -0.037     ; 1.455      ;
; -0.480 ; Datapath:datapath|Multiplier:multiplier|shiftlne:ShiftA|Q[1] ; Datapath:datapath|Multiplier:multiplier|regne:RegP|Q[13]     ; clk          ; clk         ; 1.000        ; -0.032     ; 1.435      ;
; -0.480 ; Datapath:datapath|regne:reg_mul1|Q[3]                        ; Datapath:datapath|Multiplier:multiplier|shiftrne:ShiftB|Q[6] ; clk          ; clk         ; 1.000        ; -0.037     ; 1.430      ;
; -0.476 ; Datapath:datapath|Multiplier:multiplier|shiftlne:ShiftA|Q[1] ; Datapath:datapath|Multiplier:multiplier|regne:RegP|Q[12]     ; clk          ; clk         ; 1.000        ; -0.032     ; 1.431      ;
; -0.470 ; Datapath:datapath|regne:reg_mul1|Q[2]                        ; Datapath:datapath|Multiplier:multiplier|shiftrne:ShiftB|Q[0] ; clk          ; clk         ; 1.000        ; -0.037     ; 1.420      ;
; -0.466 ; Datapath:datapath|regne:reg_mul1|Q[7]                        ; Datapath:datapath|Multiplier:multiplier|shiftrne:ShiftB|Q[7] ; clk          ; clk         ; 1.000        ; -0.036     ; 1.417      ;
; -0.457 ; Datapath:datapath|regne:reg_mul1|Q[3]                        ; Datapath:datapath|Multiplier:multiplier|shiftrne:ShiftB|Q[3] ; clk          ; clk         ; 1.000        ; -0.037     ; 1.407      ;
; -0.456 ; Datapath:datapath|regne:reg_mul1|Q[6]                        ; Datapath:datapath|Multiplier:multiplier|shiftrne:ShiftB|Q[7] ; clk          ; clk         ; 1.000        ; -0.036     ; 1.407      ;
; -0.442 ; Datapath:datapath|regne:reg_mul1|Q[5]                        ; Datapath:datapath|Multiplier:multiplier|shiftrne:ShiftB|Q[5] ; clk          ; clk         ; 1.000        ; -0.037     ; 1.392      ;
; -0.434 ; Datapath:datapath|regne:reg_mul1|Q[2]                        ; Datapath:datapath|Multiplier:multiplier|shiftrne:ShiftB|Q[2] ; clk          ; clk         ; 1.000        ; -0.037     ; 1.384      ;
; -0.428 ; Datapath:datapath|regne:reg_mul1|Q[4]                        ; Datapath:datapath|Multiplier:multiplier|shiftrne:ShiftB|Q[5] ; clk          ; clk         ; 1.000        ; -0.037     ; 1.378      ;
; -0.414 ; Datapath:datapath|regne:reg_mul1|Q[3]                        ; Datapath:datapath|Multiplier:multiplier|shiftrne:ShiftB|Q[4] ; clk          ; clk         ; 1.000        ; -0.037     ; 1.364      ;
; -0.412 ; Datapath:datapath|Multiplier:multiplier|shiftlne:ShiftA|Q[1] ; Datapath:datapath|Multiplier:multiplier|regne:RegP|Q[11]     ; clk          ; clk         ; 1.000        ; -0.032     ; 1.367      ;
; -0.412 ; Datapath:datapath|regne:reg_mul1|Q[5]                        ; Datapath:datapath|Multiplier:multiplier|shiftrne:ShiftB|Q[6] ; clk          ; clk         ; 1.000        ; -0.037     ; 1.362      ;
; -0.408 ; Datapath:datapath|Multiplier:multiplier|shiftlne:ShiftA|Q[1] ; Datapath:datapath|Multiplier:multiplier|regne:RegP|Q[10]     ; clk          ; clk         ; 1.000        ; -0.032     ; 1.363      ;
; -0.403 ; Datapath:datapath|regne:reg_mul1|Q[9]                        ; Datapath:datapath|Multiplier:multiplier|shiftrne:ShiftB|Q[7] ; clk          ; clk         ; 1.000        ; -0.036     ; 1.354      ;
; -0.401 ; Datapath:datapath|Multiplier:multiplier|regne:RegP|Q[5]      ; Datapath:datapath|regne:y_reg|Q[7]                           ; clk          ; clk         ; 1.000        ; -0.047     ; 1.341      ;
; -0.398 ; Datapath:datapath|Multiplier:multiplier|shiftlne:ShiftA|Q[3] ; Datapath:datapath|Multiplier:multiplier|regne:RegP|Q[13]     ; clk          ; clk         ; 1.000        ; -0.032     ; 1.353      ;
; -0.394 ; Datapath:datapath|Multiplier:multiplier|shiftlne:ShiftA|Q[3] ; Datapath:datapath|Multiplier:multiplier|regne:RegP|Q[12]     ; clk          ; clk         ; 1.000        ; -0.032     ; 1.349      ;
; -0.389 ; Datapath:datapath|Multiplier:multiplier|regne:RegP|Q[0]      ; Datapath:datapath|regne:y_reg|Q[2]                           ; clk          ; clk         ; 1.000        ; -0.047     ; 1.329      ;
; -0.389 ; Datapath:datapath|regne:reg_mul1|Q[5]                        ; Datapath:datapath|Multiplier:multiplier|shiftrne:ShiftB|Q[3] ; clk          ; clk         ; 1.000        ; -0.037     ; 1.339      ;
; -0.388 ; Datapath:datapath|Multiplier:multiplier|regne:RegP|Q[6]      ; Datapath:datapath|regne:y_reg|Q[8]                           ; clk          ; clk         ; 1.000        ; -0.047     ; 1.328      ;
; -0.388 ; Datapath:datapath|regne:reg_mul1|Q[8]                        ; Datapath:datapath|Multiplier:multiplier|shiftrne:ShiftB|Q[7] ; clk          ; clk         ; 1.000        ; -0.036     ; 1.339      ;
; -0.383 ; Datapath:datapath|Multiplier:multiplier|regne:RegP|Q[12]     ; Datapath:datapath|regne:y_reg|Q[14]                          ; clk          ; clk         ; 1.000        ; -0.047     ; 1.323      ;
; -0.381 ; Datapath:datapath|Multiplier:multiplier|regne:RegP|Q[3]      ; Datapath:datapath|regne:y_reg|Q[5]                           ; clk          ; clk         ; 1.000        ; -0.047     ; 1.321      ;
; -0.379 ; Datapath:datapath|regne:reg_mul1|Q[3]                        ; Datapath:datapath|Multiplier:multiplier|shiftrne:ShiftB|Q[0] ; clk          ; clk         ; 1.000        ; -0.037     ; 1.329      ;
; -0.375 ; Datapath:datapath|Multiplier:multiplier|regne:RegP|Q[8]      ; Datapath:datapath|regne:y_reg|Q[10]                          ; clk          ; clk         ; 1.000        ; -0.047     ; 1.315      ;
; -0.375 ; Datapath:datapath|regne:reg_mul1|Q[4]                        ; Datapath:datapath|Multiplier:multiplier|shiftrne:ShiftB|Q[3] ; clk          ; clk         ; 1.000        ; -0.037     ; 1.325      ;
; -0.374 ; Datapath:datapath|Multiplier:multiplier|regne:RegP|Q[10]     ; Datapath:datapath|regne:y_reg|Q[12]                          ; clk          ; clk         ; 1.000        ; -0.047     ; 1.314      ;
; -0.370 ; Datapath:datapath|regne:reg_mul1|Q[7]                        ; Datapath:datapath|Multiplier:multiplier|shiftrne:ShiftB|Q[5] ; clk          ; clk         ; 1.000        ; -0.037     ; 1.320      ;
; -0.364 ; Datapath:datapath|regne:reg_mul1|Q[4]                        ; Datapath:datapath|Multiplier:multiplier|shiftrne:ShiftB|Q[6] ; clk          ; clk         ; 1.000        ; -0.037     ; 1.314      ;
; -0.363 ; Datapath:datapath|Multiplier:multiplier|regne:RegP|Q[2]      ; Datapath:datapath|regne:y_reg|Q[4]                           ; clk          ; clk         ; 1.000        ; -0.047     ; 1.303      ;
; -0.360 ; Datapath:datapath|regne:reg_mul1|Q[6]                        ; Datapath:datapath|Multiplier:multiplier|shiftrne:ShiftB|Q[5] ; clk          ; clk         ; 1.000        ; -0.037     ; 1.310      ;
; -0.357 ; Datapath:datapath|regne:reg_mul1|Q[2]                        ; Datapath:datapath|Multiplier:multiplier|shiftrne:ShiftB|Q[1] ; clk          ; clk         ; 1.000        ; -0.037     ; 1.307      ;
; -0.356 ; Datapath:datapath|Multiplier:multiplier|shiftlne:ShiftA|Q[2] ; Datapath:datapath|Multiplier:multiplier|regne:RegP|Q[13]     ; clk          ; clk         ; 1.000        ; -0.032     ; 1.311      ;
; -0.352 ; Datapath:datapath|Multiplier:multiplier|regne:RegP|Q[11]     ; Datapath:datapath|regne:y_reg|Q[13]                          ; clk          ; clk         ; 1.000        ; -0.047     ; 1.292      ;
; -0.351 ; Datapath:datapath|Multiplier:multiplier|regne:RegP|Q[1]      ; Datapath:datapath|regne:y_reg|Q[3]                           ; clk          ; clk         ; 1.000        ; -0.047     ; 1.291      ;
; -0.346 ; Datapath:datapath|regne:reg_mul1|Q[5]                        ; Datapath:datapath|Multiplier:multiplier|shiftrne:ShiftB|Q[4] ; clk          ; clk         ; 1.000        ; -0.037     ; 1.296      ;
; -0.344 ; Datapath:datapath|Multiplier:multiplier|shiftlne:ShiftA|Q[1] ; Datapath:datapath|Multiplier:multiplier|regne:RegP|Q[9]      ; clk          ; clk         ; 1.000        ; -0.032     ; 1.299      ;
; -0.343 ; Datapath:datapath|Multiplier:multiplier|shiftlne:ShiftA|Q[2] ; Datapath:datapath|Multiplier:multiplier|regne:RegP|Q[12]     ; clk          ; clk         ; 1.000        ; -0.032     ; 1.298      ;
; -0.343 ; Datapath:datapath|regne:reg_mul1|Q[3]                        ; Datapath:datapath|Multiplier:multiplier|shiftrne:ShiftB|Q[2] ; clk          ; clk         ; 1.000        ; -0.037     ; 1.293      ;
; -0.340 ; Datapath:datapath|Multiplier:multiplier|shiftlne:ShiftA|Q[1] ; Datapath:datapath|Multiplier:multiplier|regne:RegP|Q[8]      ; clk          ; clk         ; 1.000        ; -0.032     ; 1.295      ;
; -0.340 ; Datapath:datapath|regne:reg_mul1|Q[7]                        ; Datapath:datapath|Multiplier:multiplier|shiftrne:ShiftB|Q[6] ; clk          ; clk         ; 1.000        ; -0.037     ; 1.290      ;
; -0.334 ; Datapath:datapath|regne:reg_mul1|Q[11]                       ; Datapath:datapath|Multiplier:multiplier|shiftrne:ShiftB|Q[7] ; clk          ; clk         ; 1.000        ; -0.036     ; 1.285      ;
; -0.334 ; Datapath:datapath|Multiplier:multiplier|shiftlne:ShiftA|Q[5] ; Datapath:datapath|Multiplier:multiplier|regne:RegP|Q[13]     ; clk          ; clk         ; 1.000        ; -0.032     ; 1.289      ;
; -0.330 ; Datapath:datapath|Multiplier:multiplier|shiftlne:ShiftA|Q[5] ; Datapath:datapath|Multiplier:multiplier|regne:RegP|Q[12]     ; clk          ; clk         ; 1.000        ; -0.032     ; 1.285      ;
; -0.330 ; Datapath:datapath|Multiplier:multiplier|shiftlne:ShiftA|Q[3] ; Datapath:datapath|Multiplier:multiplier|regne:RegP|Q[11]     ; clk          ; clk         ; 1.000        ; -0.032     ; 1.285      ;
; -0.326 ; Datapath:datapath|Multiplier:multiplier|shiftlne:ShiftA|Q[3] ; Datapath:datapath|Multiplier:multiplier|regne:RegP|Q[10]     ; clk          ; clk         ; 1.000        ; -0.032     ; 1.281      ;
; -0.321 ; Datapath:datapath|regne:reg_mul1|Q[10]                       ; Datapath:datapath|Multiplier:multiplier|shiftrne:ShiftB|Q[7] ; clk          ; clk         ; 1.000        ; -0.036     ; 1.272      ;
; -0.318 ; Datapath:datapath|Multiplier:multiplier|shiftlne:ShiftA|Q[4] ; Datapath:datapath|Multiplier:multiplier|regne:RegP|Q[13]     ; clk          ; clk         ; 1.000        ; -0.032     ; 1.273      ;
; -0.317 ; Datapath:datapath|regne:reg_mul1|Q[7]                        ; Datapath:datapath|Multiplier:multiplier|shiftrne:ShiftB|Q[3] ; clk          ; clk         ; 1.000        ; -0.037     ; 1.267      ;
; -0.314 ; Datapath:datapath|Multiplier:multiplier|shiftlne:ShiftA|Q[4] ; Datapath:datapath|Multiplier:multiplier|regne:RegP|Q[12]     ; clk          ; clk         ; 1.000        ; -0.032     ; 1.269      ;
; -0.311 ; Datapath:datapath|regne:reg_mul1|Q[5]                        ; Datapath:datapath|Multiplier:multiplier|shiftrne:ShiftB|Q[0] ; clk          ; clk         ; 1.000        ; -0.037     ; 1.261      ;
; -0.307 ; Datapath:datapath|regne:reg_mul1|Q[9]                        ; Datapath:datapath|Multiplier:multiplier|shiftrne:ShiftB|Q[5] ; clk          ; clk         ; 1.000        ; -0.037     ; 1.257      ;
; -0.307 ; Datapath:datapath|regne:reg_mul1|Q[6]                        ; Datapath:datapath|Multiplier:multiplier|shiftrne:ShiftB|Q[3] ; clk          ; clk         ; 1.000        ; -0.037     ; 1.257      ;
; -0.298 ; Datapath:datapath|regne:reg_mul1|Q[4]                        ; Datapath:datapath|Multiplier:multiplier|shiftrne:ShiftB|Q[4] ; clk          ; clk         ; 1.000        ; -0.037     ; 1.248      ;
; -0.295 ; Datapath:datapath|regne:reg_mul1|Q[6]                        ; Datapath:datapath|Multiplier:multiplier|shiftrne:ShiftB|Q[6] ; clk          ; clk         ; 1.000        ; -0.037     ; 1.245      ;
; -0.292 ; Datapath:datapath|regne:reg_mul1|Q[8]                        ; Datapath:datapath|Multiplier:multiplier|shiftrne:ShiftB|Q[5] ; clk          ; clk         ; 1.000        ; -0.037     ; 1.242      ;
; -0.288 ; Datapath:datapath|Multiplier:multiplier|shiftlne:ShiftA|Q[2] ; Datapath:datapath|Multiplier:multiplier|regne:RegP|Q[11]     ; clk          ; clk         ; 1.000        ; -0.032     ; 1.243      ;
; -0.288 ; Datapath:datapath|Multiplier:multiplier|regne:RegP|Q[0]      ; Datapath:datapath|Multiplier:multiplier|regne:RegP|Q[13]     ; clk          ; clk         ; 1.000        ; -0.037     ; 1.238      ;
; -0.287 ; Datapath:datapath|Multiplier:multiplier|regne:RegP|Q[9]      ; Datapath:datapath|regne:y_reg|Q[11]                          ; clk          ; clk         ; 1.000        ; -0.048     ; 1.226      ;
; -0.284 ; Datapath:datapath|Multiplier:multiplier|shiftlne:ShiftA|Q[0] ; Datapath:datapath|Multiplier:multiplier|regne:RegP|Q[13]     ; clk          ; clk         ; 1.000        ; -0.032     ; 1.239      ;
; -0.277 ; Datapath:datapath|regne:reg_mul1|Q[9]                        ; Datapath:datapath|Multiplier:multiplier|shiftrne:ShiftB|Q[6] ; clk          ; clk         ; 1.000        ; -0.037     ; 1.227      ;
; -0.276 ; Datapath:datapath|Multiplier:multiplier|shiftlne:ShiftA|Q[1] ; Datapath:datapath|Multiplier:multiplier|regne:RegP|Q[7]      ; clk          ; clk         ; 1.000        ; -0.032     ; 1.231      ;
; -0.275 ; Datapath:datapath|regne:reg_mul1|Q[5]                        ; Datapath:datapath|Multiplier:multiplier|shiftrne:ShiftB|Q[2] ; clk          ; clk         ; 1.000        ; -0.037     ; 1.225      ;
; -0.275 ; Datapath:datapath|Multiplier:multiplier|shiftlne:ShiftA|Q[2] ; Datapath:datapath|Multiplier:multiplier|regne:RegP|Q[10]     ; clk          ; clk         ; 1.000        ; -0.032     ; 1.230      ;
; -0.274 ; Datapath:datapath|regne:reg_mul1|Q[7]                        ; Datapath:datapath|Multiplier:multiplier|shiftrne:ShiftB|Q[4] ; clk          ; clk         ; 1.000        ; -0.037     ; 1.224      ;
; -0.272 ; Datapath:datapath|Multiplier:multiplier|shiftlne:ShiftA|Q[1] ; Datapath:datapath|Multiplier:multiplier|regne:RegP|Q[6]      ; clk          ; clk         ; 1.000        ; -0.032     ; 1.227      ;
; -0.272 ; Datapath:datapath|Multiplier:multiplier|shiftlne:ShiftA|Q[7] ; Datapath:datapath|Multiplier:multiplier|regne:RegP|Q[13]     ; clk          ; clk         ; 1.000        ; -0.032     ; 1.227      ;
; -0.268 ; Datapath:datapath|Multiplier:multiplier|regne:RegP|Q[7]      ; Datapath:datapath|regne:y_reg|Q[9]                           ; clk          ; clk         ; 1.000        ; -0.047     ; 1.208      ;
; -0.268 ; Datapath:datapath|Multiplier:multiplier|shiftlne:ShiftA|Q[7] ; Datapath:datapath|Multiplier:multiplier|regne:RegP|Q[12]     ; clk          ; clk         ; 1.000        ; -0.032     ; 1.223      ;
; -0.266 ; Datapath:datapath|regne:reg_mul1|Q[13]                       ; Datapath:datapath|Multiplier:multiplier|shiftrne:ShiftB|Q[7] ; clk          ; clk         ; 1.000        ; -0.036     ; 1.217      ;
; -0.266 ; Datapath:datapath|Multiplier:multiplier|shiftlne:ShiftA|Q[5] ; Datapath:datapath|Multiplier:multiplier|regne:RegP|Q[11]     ; clk          ; clk         ; 1.000        ; -0.032     ; 1.221      ;
; -0.266 ; Datapath:datapath|regne:reg_mul1|Q[3]                        ; Datapath:datapath|Multiplier:multiplier|shiftrne:ShiftB|Q[1] ; clk          ; clk         ; 1.000        ; -0.037     ; 1.216      ;
; -0.263 ; Datapath:datapath|regne:reg_mul1|Q[4]                        ; Datapath:datapath|Multiplier:multiplier|shiftrne:ShiftB|Q[0] ; clk          ; clk         ; 1.000        ; -0.037     ; 1.213      ;
; -0.262 ; Datapath:datapath|Multiplier:multiplier|shiftlne:ShiftA|Q[5] ; Datapath:datapath|Multiplier:multiplier|regne:RegP|Q[10]     ; clk          ; clk         ; 1.000        ; -0.032     ; 1.217      ;
; -0.262 ; Datapath:datapath|Multiplier:multiplier|shiftlne:ShiftA|Q[3] ; Datapath:datapath|Multiplier:multiplier|regne:RegP|Q[9]      ; clk          ; clk         ; 1.000        ; -0.032     ; 1.217      ;
; -0.261 ; Datapath:datapath|Multiplier:multiplier|regne:RegP|Q[0]      ; Datapath:datapath|Multiplier:multiplier|regne:RegP|Q[12]     ; clk          ; clk         ; 1.000        ; -0.037     ; 1.211      ;
; -0.258 ; Datapath:datapath|Multiplier:multiplier|shiftlne:ShiftA|Q[3] ; Datapath:datapath|Multiplier:multiplier|regne:RegP|Q[8]      ; clk          ; clk         ; 1.000        ; -0.032     ; 1.213      ;
; -0.254 ; Datapath:datapath|regne:reg_mul1|Q[9]                        ; Datapath:datapath|Multiplier:multiplier|shiftrne:ShiftB|Q[3] ; clk          ; clk         ; 1.000        ; -0.037     ; 1.204      ;
; -0.253 ; Datapath:datapath|regne:reg_mul1|Q[12]                       ; Datapath:datapath|Multiplier:multiplier|shiftrne:ShiftB|Q[7] ; clk          ; clk         ; 1.000        ; -0.036     ; 1.204      ;
; -0.253 ; Datapath:datapath|Multiplier:multiplier|shiftlne:ShiftA|Q[0] ; Datapath:datapath|Multiplier:multiplier|regne:RegP|Q[12]     ; clk          ; clk         ; 1.000        ; -0.032     ; 1.208      ;
; -0.250 ; Datapath:datapath|Multiplier:multiplier|shiftlne:ShiftA|Q[4] ; Datapath:datapath|Multiplier:multiplier|regne:RegP|Q[11]     ; clk          ; clk         ; 1.000        ; -0.032     ; 1.205      ;
; -0.246 ; Datapath:datapath|Multiplier:multiplier|shiftlne:ShiftA|Q[4] ; Datapath:datapath|Multiplier:multiplier|regne:RegP|Q[10]     ; clk          ; clk         ; 1.000        ; -0.032     ; 1.201      ;
; -0.241 ; Datapath:datapath|Multiplier:multiplier|regne:RegP|Q[4]      ; Datapath:datapath|regne:y_reg|Q[6]                           ; clk          ; clk         ; 1.000        ; -0.047     ; 1.181      ;
; -0.239 ; Datapath:datapath|regne:reg_mul1|Q[7]                        ; Datapath:datapath|Multiplier:multiplier|shiftrne:ShiftB|Q[0] ; clk          ; clk         ; 1.000        ; -0.037     ; 1.189      ;
; -0.239 ; Datapath:datapath|regne:reg_mul1|Q[8]                        ; Datapath:datapath|Multiplier:multiplier|shiftrne:ShiftB|Q[3] ; clk          ; clk         ; 1.000        ; -0.037     ; 1.189      ;
; -0.238 ; Datapath:datapath|regne:reg_mul1|Q[11]                       ; Datapath:datapath|Multiplier:multiplier|shiftrne:ShiftB|Q[5] ; clk          ; clk         ; 1.000        ; -0.037     ; 1.188      ;
; -0.237 ; Datapath:datapath|Multiplier:multiplier|shiftlne:ShiftA|Q[6] ; Datapath:datapath|Multiplier:multiplier|regne:RegP|Q[13]     ; clk          ; clk         ; 1.000        ; -0.032     ; 1.192      ;
; -0.229 ; Datapath:datapath|regne:reg_mul1|Q[8]                        ; Datapath:datapath|Multiplier:multiplier|shiftrne:ShiftB|Q[6] ; clk          ; clk         ; 1.000        ; -0.037     ; 1.179      ;
; -0.229 ; Datapath:datapath|regne:reg_mul1|Q[6]                        ; Datapath:datapath|Multiplier:multiplier|shiftrne:ShiftB|Q[4] ; clk          ; clk         ; 1.000        ; -0.037     ; 1.179      ;
; -0.227 ; Datapath:datapath|regne:reg_mul1|Q[4]                        ; Datapath:datapath|Multiplier:multiplier|shiftrne:ShiftB|Q[2] ; clk          ; clk         ; 1.000        ; -0.037     ; 1.177      ;
+--------+--------------------------------------------------------------+--------------------------------------------------------------+--------------+-------------+--------------+------------+------------+


+----------------------------------------------------------------------------------------------------------------------------------------------------------------------------------------------------+
; Fast 1200mV 0C Model Hold: 'Controller:control|y.REPORT'                                                                                                                                           ;
+--------+-------------------------------------------------+------------------------------------+-----------------------------+-----------------------------+--------------+------------+------------+
; Slack  ; From Node                                       ; To Node                            ; Launch Clock                ; Latch Clock                 ; Relationship ; Clock Skew ; Data Delay ;
+--------+-------------------------------------------------+------------------------------------+-----------------------------+-----------------------------+--------------+------------+------------+
; -1.498 ; Controller:control|y.IDLE                       ; Controller:control|Y.IDLE_315      ; Controller:control|y.IDLE   ; Controller:control|y.REPORT ; 0.000        ; 1.959      ; 0.586      ;
; -1.473 ; Controller:control|y.IDLE                       ; Controller:control|Y.LOAD_307      ; Controller:control|y.IDLE   ; Controller:control|y.REPORT ; 0.000        ; 1.959      ; 0.611      ;
; -0.957 ; Controller:control|y.IDLE                       ; Controller:control|Y.LOAD_307      ; Controller:control|y.IDLE   ; Controller:control|y.REPORT ; -0.500       ; 1.959      ; 0.627      ;
; -0.922 ; Controller:control|y.IDLE                       ; Controller:control|Y.IDLE_315      ; Controller:control|y.IDLE   ; Controller:control|y.REPORT ; -0.500       ; 1.959      ; 0.662      ;
; -0.257 ; Controller:control|y.REPORT                     ; Controller:control|ack             ; Controller:control|y.REPORT ; Controller:control|y.REPORT ; 0.000        ; 0.652      ; 0.500      ;
; -0.106 ; Controller:control|y.IDLE                       ; Controller:control|LA              ; Controller:control|y.IDLE   ; Controller:control|y.REPORT ; 0.000        ; 0.673      ; 0.692      ;
; 0.175  ; Controller:control|y.REPORT                     ; Controller:control|ack             ; Controller:control|y.REPORT ; Controller:control|y.REPORT ; -0.500       ; 0.652      ; 0.452      ;
; 0.231  ; Controller:control|y.SAVE_Y                     ; Controller:control|Y.REPORT_259    ; clk                         ; Controller:control|y.REPORT ; 0.000        ; 0.320      ; 0.581      ;
; 0.303  ; Datapath:datapath|Counter_4bit:counter|count[1] ; Controller:control|Y.REPORT_259    ; clk                         ; Controller:control|y.REPORT ; 0.000        ; 0.414      ; 0.747      ;
; 0.368  ; Datapath:datapath|Counter_4bit:counter|count[0] ; Controller:control|Y.REPORT_259    ; clk                         ; Controller:control|y.REPORT ; 0.000        ; 0.414      ; 0.812      ;
; 0.370  ; Controller:control|y.MUL2                       ; Controller:control|Y.SAVE_Y_267    ; clk                         ; Controller:control|y.REPORT ; 0.000        ; 0.338      ; 0.738      ;
; 0.388  ; Datapath:datapath|Multiplier:multiplier|y.S3    ; Controller:control|Y.SAVE_Y_267    ; clk                         ; Controller:control|y.REPORT ; 0.000        ; 0.461      ; 0.879      ;
; 0.419  ; Datapath:datapath|Multiplier:multiplier|y.S3    ; Controller:control|Y.SAVE_MUL1_291 ; clk                         ; Controller:control|y.REPORT ; 0.000        ; 0.344      ; 0.793      ;
; 0.450  ; Controller:control|y.MUL1                       ; Controller:control|Y.SAVE_MUL1_291 ; clk                         ; Controller:control|y.REPORT ; 0.000        ; 0.241      ; 0.721      ;
; 0.451  ; Datapath:datapath|Counter_4bit:counter|count[1] ; Controller:control|Y.MUL1_299      ; clk                         ; Controller:control|y.REPORT ; 0.000        ; 0.308      ; 0.789      ;
; 0.462  ; Datapath:datapath|Counter_4bit:counter|count[3] ; Controller:control|Y.REPORT_259    ; clk                         ; Controller:control|y.REPORT ; 0.000        ; 0.414      ; 0.906      ;
; 0.468  ; Datapath:datapath|Multiplier:multiplier|y.S3    ; Controller:control|Y.MUL1_299      ; clk                         ; Controller:control|y.REPORT ; 0.000        ; 0.338      ; 0.836      ;
; 0.476  ; Datapath:datapath|Counter_4bit:counter|count[2] ; Controller:control|Y.REPORT_259    ; clk                         ; Controller:control|y.REPORT ; 0.000        ; 0.414      ; 0.920      ;
; 0.489  ; Controller:control|y.IDLE                       ; Controller:control|LA              ; Controller:control|y.IDLE   ; Controller:control|y.REPORT ; -0.500       ; 0.673      ; 0.787      ;
; 0.501  ; Controller:control|y.SAVE_MUL1                  ; Controller:control|Y.SUB_283       ; clk                         ; Controller:control|y.REPORT ; 0.000        ; 0.158      ; 0.689      ;
; 0.503  ; Controller:control|y.LOAD                       ; Controller:control|Y.MUL1_299      ; clk                         ; Controller:control|y.REPORT ; 0.000        ; 0.214      ; 0.747      ;
; 0.506  ; Controller:control|y.MUL1                       ; Controller:control|Y.MUL1_299      ; clk                         ; Controller:control|y.REPORT ; 0.000        ; 0.235      ; 0.771      ;
; 0.507  ; Controller:control|y.MUL2                       ; Controller:control|Y.MUL2_275      ; clk                         ; Controller:control|y.REPORT ; 0.000        ; 0.222      ; 0.759      ;
; 0.511  ; Datapath:datapath|Counter_4bit:counter|count[0] ; Controller:control|Y.MUL1_299      ; clk                         ; Controller:control|y.REPORT ; 0.000        ; 0.308      ; 0.849      ;
; 0.545  ; Controller:control|y.SUB                        ; Controller:control|Y.MUL2_275      ; clk                         ; Controller:control|y.REPORT ; 0.000        ; 0.222      ; 0.797      ;
; 0.610  ; Controller:control|y.SAVE_Y                     ; Controller:control|Y.MUL1_299      ; clk                         ; Controller:control|y.REPORT ; 0.000        ; 0.214      ; 0.854      ;
; 0.616  ; Datapath:datapath|Multiplier:multiplier|y.S3    ; Controller:control|Y.MUL2_275      ; clk                         ; Controller:control|y.REPORT ; 0.000        ; 0.345      ; 0.991      ;
; 0.619  ; Datapath:datapath|Counter_4bit:counter|count[3] ; Controller:control|Y.MUL1_299      ; clk                         ; Controller:control|y.REPORT ; 0.000        ; 0.308      ; 0.957      ;
; 0.636  ; Datapath:datapath|Counter_4bit:counter|count[2] ; Controller:control|Y.MUL1_299      ; clk                         ; Controller:control|y.REPORT ; 0.000        ; 0.308      ; 0.974      ;
; 1.668  ; Controller:control|y.SAVE_Y                     ; Controller:control|LA              ; clk                         ; Controller:control|y.REPORT ; 0.000        ; -1.050     ; 0.648      ;
; 1.715  ; Controller:control|y.SUB                        ; Controller:control|LA              ; clk                         ; Controller:control|y.REPORT ; 0.000        ; -1.049     ; 0.696      ;
; 2.100  ; Controller:control|y.SAVE_Y                     ; Controller:control|ack             ; clk                         ; Controller:control|y.REPORT ; -0.500       ; -1.071     ; 0.559      ;
+--------+-------------------------------------------------+------------------------------------+-----------------------------+-----------------------------+--------------+------------+------------+


+-------------------------------------------------------------------------------------------------------------------------------------------------------------------+
; Fast 1200mV 0C Model Hold: 'Controller:control|y.IDLE'                                                                                                            ;
+--------+-----------------------------+-------------------------+-----------------------------+---------------------------+--------------+------------+------------+
; Slack  ; From Node                   ; To Node                 ; Launch Clock                ; Latch Clock               ; Relationship ; Clock Skew ; Data Delay ;
+--------+-----------------------------+-------------------------+-----------------------------+---------------------------+--------------+------------+------------+
; -0.451 ; Controller:control|y.IDLE   ; Controller:control|LA   ; Controller:control|y.IDLE   ; Controller:control|y.IDLE ; 0.000        ; 1.133      ; 0.787      ;
; -0.199 ; Controller:control|y.IDLE   ; Controller:control|LB   ; Controller:control|y.IDLE   ; Controller:control|y.IDLE ; 0.000        ; 1.140      ; 1.046      ;
; -0.167 ; Controller:control|y.IDLE   ; Controller:control|en3  ; Controller:control|y.IDLE   ; Controller:control|y.IDLE ; 0.000        ; 0.708      ; 0.646      ;
; -0.138 ; Controller:control|y.REPORT ; Controller:control|ack  ; Controller:control|y.REPORT ; Controller:control|y.IDLE ; 0.000        ; 0.465      ; 0.452      ;
; -0.066 ; Controller:control|y.IDLE   ; Controller:control|LA   ; Controller:control|y.IDLE   ; Controller:control|y.IDLE ; -0.500       ; 1.133      ; 0.692      ;
; 0.293  ; Controller:control|y.IDLE   ; Controller:control|LB   ; Controller:control|y.IDLE   ; Controller:control|y.IDLE ; -0.500       ; 1.140      ; 1.058      ;
; 0.357  ; Controller:control|y.IDLE   ; Controller:control|en3  ; Controller:control|y.IDLE   ; Controller:control|y.IDLE ; -0.500       ; 0.708      ; 0.690      ;
; 0.410  ; Controller:control|y.REPORT ; Controller:control|ack  ; Controller:control|y.REPORT ; Controller:control|y.IDLE ; -0.500       ; 0.465      ; 0.500      ;
; 1.283  ; Controller:control|y.MUL2   ; Controller:control|s    ; clk                         ; Controller:control|y.IDLE ; 0.000        ; -0.529     ; 0.784      ;
; 1.394  ; Controller:control|y.SAVE_Y ; Controller:control|LB   ; clk                         ; Controller:control|y.IDLE ; 0.000        ; -0.583     ; 0.841      ;
; 1.394  ; Controller:control|y.MUL1   ; Controller:control|en4  ; clk                         ; Controller:control|y.IDLE ; 0.000        ; -0.748     ; 0.676      ;
; 1.404  ; Controller:control|y.SUB    ; Controller:control|sel2 ; clk                         ; Controller:control|y.IDLE ; 0.000        ; -0.850     ; 0.584      ;
; 1.427  ; Controller:control|y.LOAD   ; Controller:control|sel1 ; clk                         ; Controller:control|y.IDLE ; 0.000        ; -0.790     ; 0.667      ;
; 1.450  ; Controller:control|y.LOAD   ; Controller:control|LB   ; clk                         ; Controller:control|y.IDLE ; 0.000        ; -0.583     ; 0.897      ;
; 1.483  ; Controller:control|y.SAVE_Y ; Controller:control|en2  ; clk                         ; Controller:control|y.IDLE ; 0.000        ; -0.925     ; 0.588      ;
; 1.491  ; Controller:control|y.MUL1   ; Controller:control|s    ; clk                         ; Controller:control|y.IDLE ; 0.000        ; -0.509     ; 1.012      ;
; 1.516  ; Controller:control|y.SUB    ; Controller:control|LB   ; clk                         ; Controller:control|y.IDLE ; 0.000        ; -0.582     ; 0.964      ;
; 1.708  ; Controller:control|y.MUL2   ; Controller:control|en3  ; clk                         ; Controller:control|y.IDLE ; 0.000        ; -1.014     ; 0.724      ;
; 1.708  ; Controller:control|y.SAVE_Y ; Controller:control|LA   ; clk                         ; Controller:control|y.IDLE ; -0.500       ; -0.590     ; 0.648      ;
; 1.755  ; Controller:control|y.SUB    ; Controller:control|LA   ; clk                         ; Controller:control|y.IDLE ; -0.500       ; -0.589     ; 0.696      ;
; 1.787  ; Controller:control|y.SAVE_Y ; Controller:control|ack  ; clk                         ; Controller:control|y.IDLE ; 0.000        ; -1.258     ; 0.559      ;
+--------+-----------------------------+-------------------------+-----------------------------+---------------------------+--------------+------------+------------+


+----------------------------------------------------------------------------------------------------------------------------------------------------------------------------------------------------------------------------+
; Fast 1200mV 0C Model Hold: 'clk'                                                                                                                                                                                           ;
+--------+--------------------------------------------------------------+---------------------------------------------------------------+-----------------------------+-------------+--------------+------------+------------+
; Slack  ; From Node                                                    ; To Node                                                       ; Launch Clock                ; Latch Clock ; Relationship ; Clock Skew ; Data Delay ;
+--------+--------------------------------------------------------------+---------------------------------------------------------------+-----------------------------+-------------+--------------+------------+------------+
; -0.278 ; Controller:control|LA                                        ; Datapath:datapath|Multiplier:multiplier|shiftlne:ShiftA|Q[0]  ; Controller:control|y.REPORT ; clk         ; 0.000        ; 0.752      ; 0.588      ;
; -0.191 ; Controller:control|en3                                       ; Datapath:datapath|regne:y_reg|Q[11]                           ; Controller:control|y.IDLE   ; clk         ; 0.000        ; 0.712      ; 0.635      ;
; -0.165 ; Controller:control|LA                                        ; Datapath:datapath|Multiplier:multiplier|shiftlne:ShiftA|Q[4]  ; Controller:control|y.REPORT ; clk         ; 0.000        ; 0.752      ; 0.701      ;
; -0.163 ; Controller:control|en3                                       ; Datapath:datapath|regne:y_reg|Q[15]                           ; Controller:control|y.IDLE   ; clk         ; 0.000        ; 0.713      ; 0.664      ;
; -0.163 ; Controller:control|en3                                       ; Datapath:datapath|regne:y_reg|Q[14]                           ; Controller:control|y.IDLE   ; clk         ; 0.000        ; 0.713      ; 0.664      ;
; -0.163 ; Controller:control|en3                                       ; Datapath:datapath|regne:y_reg|Q[10]                           ; Controller:control|y.IDLE   ; clk         ; 0.000        ; 0.713      ; 0.664      ;
; -0.163 ; Controller:control|en3                                       ; Datapath:datapath|regne:y_reg|Q[12]                           ; Controller:control|y.IDLE   ; clk         ; 0.000        ; 0.713      ; 0.664      ;
; -0.163 ; Controller:control|en3                                       ; Datapath:datapath|regne:y_reg|Q[13]                           ; Controller:control|y.IDLE   ; clk         ; 0.000        ; 0.713      ; 0.664      ;
; -0.163 ; Controller:control|en3                                       ; Datapath:datapath|regne:y_reg|Q[9]                            ; Controller:control|y.IDLE   ; clk         ; 0.000        ; 0.713      ; 0.664      ;
; -0.163 ; Controller:control|en3                                       ; Datapath:datapath|regne:y_reg|Q[8]                            ; Controller:control|y.IDLE   ; clk         ; 0.000        ; 0.713      ; 0.664      ;
; -0.163 ; Controller:control|en3                                       ; Datapath:datapath|regne:y_reg|Q[2]                            ; Controller:control|y.IDLE   ; clk         ; 0.000        ; 0.713      ; 0.664      ;
; -0.163 ; Controller:control|en3                                       ; Datapath:datapath|regne:y_reg|Q[3]                            ; Controller:control|y.IDLE   ; clk         ; 0.000        ; 0.713      ; 0.664      ;
; -0.163 ; Controller:control|en3                                       ; Datapath:datapath|regne:y_reg|Q[4]                            ; Controller:control|y.IDLE   ; clk         ; 0.000        ; 0.713      ; 0.664      ;
; -0.163 ; Controller:control|en3                                       ; Datapath:datapath|regne:y_reg|Q[5]                            ; Controller:control|y.IDLE   ; clk         ; 0.000        ; 0.713      ; 0.664      ;
; -0.163 ; Controller:control|en3                                       ; Datapath:datapath|regne:y_reg|Q[6]                            ; Controller:control|y.IDLE   ; clk         ; 0.000        ; 0.713      ; 0.664      ;
; -0.163 ; Controller:control|en3                                       ; Datapath:datapath|regne:y_reg|Q[7]                            ; Controller:control|y.IDLE   ; clk         ; 0.000        ; 0.713      ; 0.664      ;
; -0.162 ; Controller:control|LA                                        ; Datapath:datapath|Multiplier:multiplier|shiftlne:ShiftA|Q[9]  ; Controller:control|y.REPORT ; clk         ; 0.000        ; 0.752      ; 0.704      ;
; -0.160 ; Controller:control|LA                                        ; Datapath:datapath|Multiplier:multiplier|shiftlne:ShiftA|Q[2]  ; Controller:control|y.REPORT ; clk         ; 0.000        ; 0.752      ; 0.706      ;
; -0.159 ; Controller:control|LA                                        ; Datapath:datapath|Multiplier:multiplier|shiftlne:ShiftA|Q[8]  ; Controller:control|y.REPORT ; clk         ; 0.000        ; 0.752      ; 0.707      ;
; -0.158 ; Controller:control|LA                                        ; Datapath:datapath|Multiplier:multiplier|shiftlne:ShiftA|Q[13] ; Controller:control|y.REPORT ; clk         ; 0.000        ; 0.752      ; 0.708      ;
; -0.157 ; Controller:control|LA                                        ; Datapath:datapath|Multiplier:multiplier|shiftlne:ShiftA|Q[11] ; Controller:control|y.REPORT ; clk         ; 0.000        ; 0.752      ; 0.709      ;
; -0.157 ; Controller:control|LA                                        ; Datapath:datapath|Multiplier:multiplier|shiftlne:ShiftA|Q[12] ; Controller:control|y.REPORT ; clk         ; 0.000        ; 0.752      ; 0.709      ;
; -0.157 ; Controller:control|LA                                        ; Datapath:datapath|Multiplier:multiplier|shiftlne:ShiftA|Q[5]  ; Controller:control|y.REPORT ; clk         ; 0.000        ; 0.752      ; 0.709      ;
; -0.156 ; Controller:control|LA                                        ; Datapath:datapath|Multiplier:multiplier|shiftlne:ShiftA|Q[7]  ; Controller:control|y.REPORT ; clk         ; 0.000        ; 0.752      ; 0.710      ;
; -0.154 ; Controller:control|LA                                        ; Datapath:datapath|Multiplier:multiplier|shiftlne:ShiftA|Q[1]  ; Controller:control|y.REPORT ; clk         ; 0.000        ; 0.752      ; 0.712      ;
; -0.153 ; Controller:control|LA                                        ; Datapath:datapath|Multiplier:multiplier|shiftlne:ShiftA|Q[6]  ; Controller:control|y.REPORT ; clk         ; 0.000        ; 0.752      ; 0.713      ;
; -0.152 ; Controller:control|LA                                        ; Datapath:datapath|Multiplier:multiplier|shiftlne:ShiftA|Q[3]  ; Controller:control|y.REPORT ; clk         ; 0.000        ; 0.752      ; 0.714      ;
; -0.151 ; Controller:control|LA                                        ; Datapath:datapath|Multiplier:multiplier|shiftlne:ShiftA|Q[10] ; Controller:control|y.REPORT ; clk         ; 0.000        ; 0.752      ; 0.715      ;
; -0.111 ; Controller:control|en2                                       ; Datapath:datapath|Counter_4bit:counter|count[0]               ; Controller:control|y.IDLE   ; clk         ; 0.000        ; 0.926      ; 0.929      ;
; -0.111 ; Controller:control|en2                                       ; Datapath:datapath|Counter_4bit:counter|count[2]               ; Controller:control|y.IDLE   ; clk         ; 0.000        ; 0.926      ; 0.929      ;
; -0.111 ; Controller:control|en2                                       ; Datapath:datapath|Counter_4bit:counter|count[3]               ; Controller:control|y.IDLE   ; clk         ; 0.000        ; 0.926      ; 0.929      ;
; -0.111 ; Controller:control|en2                                       ; Datapath:datapath|Counter_4bit:counter|count[1]               ; Controller:control|y.IDLE   ; clk         ; 0.000        ; 0.926      ; 0.929      ;
; -0.085 ; Controller:control|s                                         ; Datapath:datapath|Multiplier:multiplier|y.S3                  ; Controller:control|y.IDLE   ; clk         ; 0.000        ; 0.548      ; 0.577      ;
; -0.067 ; Controller:control|Y.SUB_283                                 ; Controller:control|y.SUB                                      ; Controller:control|y.REPORT ; clk         ; 0.000        ; -0.016     ; 0.031      ;
; -0.008 ; Controller:control|Y.SAVE_MUL1_291                           ; Controller:control|y.SAVE_MUL1                                ; Controller:control|y.REPORT ; clk         ; 0.000        ; -0.075     ; 0.031      ;
; -0.007 ; Controller:control|Y.MUL2_275                                ; Controller:control|y.MUL2                                     ; Controller:control|y.REPORT ; clk         ; 0.000        ; -0.076     ; 0.031      ;
; 0.007  ; Controller:control|Y.LOAD_307                                ; Controller:control|y.LOAD                                     ; Controller:control|y.REPORT ; clk         ; 0.000        ; -0.090     ; 0.031      ;
; 0.007  ; Controller:control|Y.MUL1_299                                ; Controller:control|y.MUL1                                     ; Controller:control|y.REPORT ; clk         ; 0.000        ; -0.090     ; 0.031      ;
; 0.007  ; Controller:control|sel1                                      ; Datapath:datapath|regne:y_reg|Q[11]                           ; Controller:control|y.IDLE   ; clk         ; 0.000        ; 0.494      ; 0.615      ;
; 0.041  ; Controller:control|sel1                                      ; Datapath:datapath|regne:y_reg|Q[6]                            ; Controller:control|y.IDLE   ; clk         ; 0.000        ; 0.495      ; 0.650      ;
; 0.053  ; Controller:control|LB                                        ; Datapath:datapath|Multiplier:multiplier|shiftrne:ShiftB|Q[7]  ; Controller:control|y.IDLE   ; clk         ; 0.000        ; 0.307      ; 0.474      ;
; 0.054  ; Controller:control|sel1                                      ; Datapath:datapath|regne:y_reg|Q[9]                            ; Controller:control|y.IDLE   ; clk         ; 0.000        ; 0.495      ; 0.663      ;
; 0.057  ; Controller:control|LB                                        ; Datapath:datapath|Multiplier:multiplier|shiftrne:ShiftB|Q[6]  ; Controller:control|y.IDLE   ; clk         ; 0.000        ; 0.306      ; 0.477      ;
; 0.057  ; Controller:control|LB                                        ; Datapath:datapath|Multiplier:multiplier|shiftrne:ShiftB|Q[5]  ; Controller:control|y.IDLE   ; clk         ; 0.000        ; 0.306      ; 0.477      ;
; 0.057  ; Controller:control|LB                                        ; Datapath:datapath|Multiplier:multiplier|shiftrne:ShiftB|Q[4]  ; Controller:control|y.IDLE   ; clk         ; 0.000        ; 0.306      ; 0.477      ;
; 0.057  ; Controller:control|LB                                        ; Datapath:datapath|Multiplier:multiplier|shiftrne:ShiftB|Q[3]  ; Controller:control|y.IDLE   ; clk         ; 0.000        ; 0.306      ; 0.477      ;
; 0.057  ; Controller:control|LB                                        ; Datapath:datapath|Multiplier:multiplier|shiftrne:ShiftB|Q[2]  ; Controller:control|y.IDLE   ; clk         ; 0.000        ; 0.306      ; 0.477      ;
; 0.057  ; Controller:control|LB                                        ; Datapath:datapath|Multiplier:multiplier|shiftrne:ShiftB|Q[1]  ; Controller:control|y.IDLE   ; clk         ; 0.000        ; 0.306      ; 0.477      ;
; 0.057  ; Controller:control|LB                                        ; Datapath:datapath|Multiplier:multiplier|shiftrne:ShiftB|Q[0]  ; Controller:control|y.IDLE   ; clk         ; 0.000        ; 0.306      ; 0.477      ;
; 0.064  ; Controller:control|sel2                                      ; Datapath:datapath|Multiplier:multiplier|shiftrne:ShiftB|Q[7]  ; Controller:control|y.IDLE   ; clk         ; 0.000        ; 0.565      ; 0.743      ;
; 0.083  ; Controller:control|sel2                                      ; Datapath:datapath|Multiplier:multiplier|shiftrne:ShiftB|Q[4]  ; Controller:control|y.IDLE   ; clk         ; 0.000        ; 0.564      ; 0.761      ;
; 0.090  ; Controller:control|s                                         ; Datapath:datapath|Multiplier:multiplier|y.S2                  ; Controller:control|y.IDLE   ; clk         ; 0.000        ; 0.288      ; 0.492      ;
; 0.099  ; Controller:control|Y.SAVE_Y_267                              ; Controller:control|y.SAVE_Y                                   ; Controller:control|y.REPORT ; clk         ; 0.000        ; -0.182     ; 0.031      ;
; 0.105  ; Controller:control|sel2                                      ; Datapath:datapath|Multiplier:multiplier|shiftrne:ShiftB|Q[2]  ; Controller:control|y.IDLE   ; clk         ; 0.000        ; 0.564      ; 0.783      ;
; 0.105  ; Controller:control|sel2                                      ; Datapath:datapath|Multiplier:multiplier|shiftrne:ShiftB|Q[1]  ; Controller:control|y.IDLE   ; clk         ; 0.000        ; 0.564      ; 0.783      ;
; 0.106  ; Controller:control|sel2                                      ; Datapath:datapath|Multiplier:multiplier|shiftrne:ShiftB|Q[3]  ; Controller:control|y.IDLE   ; clk         ; 0.000        ; 0.564      ; 0.784      ;
; 0.107  ; Controller:control|sel2                                      ; Datapath:datapath|Multiplier:multiplier|shiftrne:ShiftB|Q[5]  ; Controller:control|y.IDLE   ; clk         ; 0.000        ; 0.564      ; 0.785      ;
; 0.108  ; Controller:control|s                                         ; Datapath:datapath|Multiplier:multiplier|y.S1                  ; Controller:control|y.IDLE   ; clk         ; 0.000        ; 0.288      ; 0.510      ;
; 0.109  ; Controller:control|sel2                                      ; Datapath:datapath|Multiplier:multiplier|shiftrne:ShiftB|Q[6]  ; Controller:control|y.IDLE   ; clk         ; 0.000        ; 0.564      ; 0.787      ;
; 0.112  ; Datapath:datapath|Multiplier:multiplier|y.S2                 ; Datapath:datapath|Multiplier:multiplier|y.S3                  ; clk                         ; clk         ; 0.000        ; 0.313      ; 0.509      ;
; 0.112  ; Controller:control|sel2                                      ; Datapath:datapath|Multiplier:multiplier|shiftrne:ShiftB|Q[0]  ; Controller:control|y.IDLE   ; clk         ; 0.000        ; 0.564      ; 0.790      ;
; 0.132  ; Controller:control|sel1                                      ; Datapath:datapath|regne:y_reg|Q[13]                           ; Controller:control|y.IDLE   ; clk         ; 0.000        ; 0.495      ; 0.741      ;
; 0.137  ; Controller:control|sel1                                      ; Datapath:datapath|regne:y_reg|Q[3]                            ; Controller:control|y.IDLE   ; clk         ; 0.000        ; 0.495      ; 0.746      ;
; 0.139  ; Controller:control|sel1                                      ; Datapath:datapath|regne:y_reg|Q[12]                           ; Controller:control|y.IDLE   ; clk         ; 0.000        ; 0.495      ; 0.748      ;
; 0.141  ; Controller:control|sel1                                      ; Datapath:datapath|regne:y_reg|Q[15]                           ; Controller:control|y.IDLE   ; clk         ; 0.000        ; 0.495      ; 0.750      ;
; 0.141  ; Controller:control|sel1                                      ; Datapath:datapath|regne:y_reg|Q[4]                            ; Controller:control|y.IDLE   ; clk         ; 0.000        ; 0.495      ; 0.750      ;
; 0.141  ; Controller:control|sel1                                      ; Datapath:datapath|regne:y_reg|Q[5]                            ; Controller:control|y.IDLE   ; clk         ; 0.000        ; 0.495      ; 0.750      ;
; 0.143  ; Controller:control|sel1                                      ; Datapath:datapath|regne:y_reg|Q[10]                           ; Controller:control|y.IDLE   ; clk         ; 0.000        ; 0.495      ; 0.752      ;
; 0.144  ; Controller:control|sel1                                      ; Datapath:datapath|regne:y_reg|Q[8]                            ; Controller:control|y.IDLE   ; clk         ; 0.000        ; 0.495      ; 0.753      ;
; 0.146  ; Controller:control|sel1                                      ; Datapath:datapath|regne:y_reg|Q[2]                            ; Controller:control|y.IDLE   ; clk         ; 0.000        ; 0.495      ; 0.755      ;
; 0.156  ; Controller:control|sel1                                      ; Datapath:datapath|regne:y_reg|Q[7]                            ; Controller:control|y.IDLE   ; clk         ; 0.000        ; 0.495      ; 0.765      ;
; 0.186  ; Datapath:datapath|Multiplier:multiplier|shiftlne:ShiftA|Q[0] ; Datapath:datapath|Multiplier:multiplier|shiftlne:ShiftA|Q[0]  ; clk                         ; clk         ; 0.000        ; 0.037      ; 0.307      ;
; 0.186  ; Datapath:datapath|Multiplier:multiplier|y.S2                 ; Datapath:datapath|Multiplier:multiplier|y.S2                  ; clk                         ; clk         ; 0.000        ; 0.037      ; 0.307      ;
; 0.188  ; Controller:control|en4                                       ; Datapath:datapath|regne:reg_mul1|Q[3]                         ; Controller:control|y.IDLE   ; clk         ; 0.000        ; 0.515      ; 0.817      ;
; 0.188  ; Controller:control|en4                                       ; Datapath:datapath|regne:reg_mul1|Q[2]                         ; Controller:control|y.IDLE   ; clk         ; 0.000        ; 0.515      ; 0.817      ;
; 0.188  ; Controller:control|en4                                       ; Datapath:datapath|regne:reg_mul1|Q[4]                         ; Controller:control|y.IDLE   ; clk         ; 0.000        ; 0.515      ; 0.817      ;
; 0.188  ; Controller:control|en4                                       ; Datapath:datapath|regne:reg_mul1|Q[5]                         ; Controller:control|y.IDLE   ; clk         ; 0.000        ; 0.515      ; 0.817      ;
; 0.188  ; Controller:control|en4                                       ; Datapath:datapath|regne:reg_mul1|Q[6]                         ; Controller:control|y.IDLE   ; clk         ; 0.000        ; 0.515      ; 0.817      ;
; 0.188  ; Controller:control|en4                                       ; Datapath:datapath|regne:reg_mul1|Q[7]                         ; Controller:control|y.IDLE   ; clk         ; 0.000        ; 0.515      ; 0.817      ;
; 0.188  ; Controller:control|en4                                       ; Datapath:datapath|regne:reg_mul1|Q[8]                         ; Controller:control|y.IDLE   ; clk         ; 0.000        ; 0.515      ; 0.817      ;
; 0.188  ; Controller:control|en4                                       ; Datapath:datapath|regne:reg_mul1|Q[9]                         ; Controller:control|y.IDLE   ; clk         ; 0.000        ; 0.515      ; 0.817      ;
; 0.188  ; Controller:control|en4                                       ; Datapath:datapath|regne:reg_mul1|Q[10]                        ; Controller:control|y.IDLE   ; clk         ; 0.000        ; 0.515      ; 0.817      ;
; 0.188  ; Controller:control|en4                                       ; Datapath:datapath|regne:reg_mul1|Q[11]                        ; Controller:control|y.IDLE   ; clk         ; 0.000        ; 0.515      ; 0.817      ;
; 0.188  ; Controller:control|en4                                       ; Datapath:datapath|regne:reg_mul1|Q[12]                        ; Controller:control|y.IDLE   ; clk         ; 0.000        ; 0.515      ; 0.817      ;
; 0.188  ; Controller:control|en4                                       ; Datapath:datapath|regne:reg_mul1|Q[13]                        ; Controller:control|y.IDLE   ; clk         ; 0.000        ; 0.515      ; 0.817      ;
; 0.188  ; Controller:control|en4                                       ; Datapath:datapath|regne:reg_mul1|Q[14]                        ; Controller:control|y.IDLE   ; clk         ; 0.000        ; 0.515      ; 0.817      ;
; 0.188  ; Controller:control|en4                                       ; Datapath:datapath|regne:reg_mul1|Q[15]                        ; Controller:control|y.IDLE   ; clk         ; 0.000        ; 0.515      ; 0.817      ;
; 0.195  ; Controller:control|sel1                                      ; Datapath:datapath|regne:y_reg|Q[14]                           ; Controller:control|y.IDLE   ; clk         ; 0.000        ; 0.495      ; 0.804      ;
; 0.201  ; Datapath:datapath|Counter_4bit:counter|count[2]              ; Datapath:datapath|Counter_4bit:counter|count[2]               ; clk                         ; clk         ; 0.000        ; 0.022      ; 0.307      ;
; 0.201  ; Datapath:datapath|Multiplier:multiplier|y.S3                 ; Datapath:datapath|Multiplier:multiplier|y.S3                  ; clk                         ; clk         ; 0.000        ; 0.022      ; 0.307      ;
; 0.201  ; Datapath:datapath|Counter_4bit:counter|count[1]              ; Datapath:datapath|Counter_4bit:counter|count[1]               ; clk                         ; clk         ; 0.000        ; 0.022      ; 0.307      ;
; 0.208  ; Datapath:datapath|Counter_4bit:counter|count[0]              ; Datapath:datapath|Counter_4bit:counter|count[0]               ; clk                         ; clk         ; 0.000        ; 0.022      ; 0.314      ;
; 0.212  ; Datapath:datapath|Counter_4bit:counter|count[1]              ; Datapath:datapath|Counter_4bit:counter|count[2]               ; clk                         ; clk         ; 0.000        ; 0.025      ; 0.321      ;
; 0.221  ; Datapath:datapath|Multiplier:multiplier|y.S2                 ; Datapath:datapath|Multiplier:multiplier|y.S1                  ; clk                         ; clk         ; 0.000        ; 0.037      ; 0.342      ;
; 0.223  ; Controller:control|rst2                                      ; Datapath:datapath|Counter_4bit:counter|count[0]               ; Controller:control|y.IDLE   ; clk         ; 0.000        ; -0.126     ; 0.211      ;
; 0.226  ; Controller:control|rst2                                      ; Datapath:datapath|Counter_4bit:counter|count[1]               ; Controller:control|y.IDLE   ; clk         ; 0.000        ; -0.126     ; 0.214      ;
; 0.266  ; Datapath:datapath|Multiplier:multiplier|shiftlne:ShiftA|Q[9] ; Datapath:datapath|Multiplier:multiplier|shiftlne:ShiftA|Q[10] ; clk                         ; clk         ; 0.000        ; 0.037      ; 0.387      ;
; 0.270  ; Datapath:datapath|Multiplier:multiplier|shiftrne:ShiftB|Q[3] ; Datapath:datapath|Multiplier:multiplier|shiftrne:ShiftB|Q[2]  ; clk                         ; clk         ; 0.000        ; 0.037      ; 0.391      ;
; 0.271  ; Datapath:datapath|Multiplier:multiplier|shiftrne:ShiftB|Q[6] ; Datapath:datapath|Multiplier:multiplier|shiftrne:ShiftB|Q[5]  ; clk                         ; clk         ; 0.000        ; 0.037      ; 0.392      ;
; 0.274  ; Datapath:datapath|Multiplier:multiplier|shiftrne:ShiftB|Q[0] ; Datapath:datapath|Multiplier:multiplier|y.S3                  ; clk                         ; clk         ; 0.000        ; 0.314      ; 0.672      ;
+--------+--------------------------------------------------------------+---------------------------------------------------------------+-----------------------------+-------------+--------------+------------+------------+


+-----------------------------------------------------------------------------------------------------------------------------------------------------------------------------------+
; Fast 1200mV 0C Model Recovery: 'clk'                                                                                                                                              ;
+--------+----------------------------+----------------------------------------------------------+---------------------------+-------------+--------------+------------+------------+
; Slack  ; From Node                  ; To Node                                                  ; Launch Clock              ; Latch Clock ; Relationship ; Clock Skew ; Data Delay ;
+--------+----------------------------+----------------------------------------------------------+---------------------------+-------------+--------------+------------+------------+
; -0.306 ; Controller:control|mul_rst ; Datapath:datapath|Multiplier:multiplier|regne:RegP|Q[13] ; Controller:control|y.IDLE ; clk         ; 1.000        ; -0.618     ; 0.665      ;
; -0.306 ; Controller:control|mul_rst ; Datapath:datapath|Multiplier:multiplier|regne:RegP|Q[8]  ; Controller:control|y.IDLE ; clk         ; 1.000        ; -0.618     ; 0.665      ;
; -0.306 ; Controller:control|mul_rst ; Datapath:datapath|Multiplier:multiplier|regne:RegP|Q[9]  ; Controller:control|y.IDLE ; clk         ; 1.000        ; -0.618     ; 0.665      ;
; -0.306 ; Controller:control|mul_rst ; Datapath:datapath|Multiplier:multiplier|regne:RegP|Q[10] ; Controller:control|y.IDLE ; clk         ; 1.000        ; -0.618     ; 0.665      ;
; -0.306 ; Controller:control|mul_rst ; Datapath:datapath|Multiplier:multiplier|regne:RegP|Q[11] ; Controller:control|y.IDLE ; clk         ; 1.000        ; -0.618     ; 0.665      ;
; -0.306 ; Controller:control|mul_rst ; Datapath:datapath|Multiplier:multiplier|regne:RegP|Q[12] ; Controller:control|y.IDLE ; clk         ; 1.000        ; -0.618     ; 0.665      ;
; -0.306 ; Controller:control|mul_rst ; Datapath:datapath|Multiplier:multiplier|regne:RegP|Q[7]  ; Controller:control|y.IDLE ; clk         ; 1.000        ; -0.618     ; 0.665      ;
; -0.306 ; Controller:control|mul_rst ; Datapath:datapath|Multiplier:multiplier|regne:RegP|Q[2]  ; Controller:control|y.IDLE ; clk         ; 1.000        ; -0.618     ; 0.665      ;
; -0.306 ; Controller:control|mul_rst ; Datapath:datapath|Multiplier:multiplier|regne:RegP|Q[3]  ; Controller:control|y.IDLE ; clk         ; 1.000        ; -0.618     ; 0.665      ;
; -0.306 ; Controller:control|mul_rst ; Datapath:datapath|Multiplier:multiplier|regne:RegP|Q[4]  ; Controller:control|y.IDLE ; clk         ; 1.000        ; -0.618     ; 0.665      ;
; -0.306 ; Controller:control|mul_rst ; Datapath:datapath|Multiplier:multiplier|regne:RegP|Q[5]  ; Controller:control|y.IDLE ; clk         ; 1.000        ; -0.618     ; 0.665      ;
; -0.306 ; Controller:control|mul_rst ; Datapath:datapath|Multiplier:multiplier|regne:RegP|Q[6]  ; Controller:control|y.IDLE ; clk         ; 1.000        ; -0.618     ; 0.665      ;
; -0.306 ; Controller:control|mul_rst ; Datapath:datapath|Multiplier:multiplier|regne:RegP|Q[1]  ; Controller:control|y.IDLE ; clk         ; 1.000        ; -0.618     ; 0.665      ;
; -0.306 ; Controller:control|mul_rst ; Datapath:datapath|Multiplier:multiplier|regne:RegP|Q[0]  ; Controller:control|y.IDLE ; clk         ; 1.000        ; -0.618     ; 0.665      ;
; -0.232 ; Controller:control|mul_rst ; Datapath:datapath|Multiplier:multiplier|y.S1             ; Controller:control|y.IDLE ; clk         ; 1.000        ; -0.619     ; 0.590      ;
; -0.232 ; Controller:control|mul_rst ; Datapath:datapath|Multiplier:multiplier|y.S2             ; Controller:control|y.IDLE ; clk         ; 1.000        ; -0.619     ; 0.590      ;
; -0.056 ; Controller:control|mul_rst ; Datapath:datapath|Multiplier:multiplier|y.S3             ; Controller:control|y.IDLE ; clk         ; 1.000        ; -0.369     ; 0.664      ;
+--------+----------------------------+----------------------------------------------------------+---------------------------+-------------+--------------+------------+------------+


+----------------------------------------------------------------------------------------------------------------------------------------------------------------------------------+
; Fast 1200mV 0C Model Removal: 'clk'                                                                                                                                              ;
+-------+----------------------------+----------------------------------------------------------+---------------------------+-------------+--------------+------------+------------+
; Slack ; From Node                  ; To Node                                                  ; Launch Clock              ; Latch Clock ; Relationship ; Clock Skew ; Data Delay ;
+-------+----------------------------+----------------------------------------------------------+---------------------------+-------------+--------------+------------+------------+
; 0.684 ; Controller:control|mul_rst ; Datapath:datapath|Multiplier:multiplier|y.S3             ; Controller:control|y.IDLE ; clk         ; 0.000        ; -0.227     ; 0.571      ;
; 0.880 ; Controller:control|mul_rst ; Datapath:datapath|Multiplier:multiplier|y.S1             ; Controller:control|y.IDLE ; clk         ; 0.000        ; -0.487     ; 0.507      ;
; 0.880 ; Controller:control|mul_rst ; Datapath:datapath|Multiplier:multiplier|y.S2             ; Controller:control|y.IDLE ; clk         ; 0.000        ; -0.487     ; 0.507      ;
; 0.944 ; Controller:control|mul_rst ; Datapath:datapath|Multiplier:multiplier|regne:RegP|Q[13] ; Controller:control|y.IDLE ; clk         ; 0.000        ; -0.486     ; 0.572      ;
; 0.944 ; Controller:control|mul_rst ; Datapath:datapath|Multiplier:multiplier|regne:RegP|Q[8]  ; Controller:control|y.IDLE ; clk         ; 0.000        ; -0.486     ; 0.572      ;
; 0.944 ; Controller:control|mul_rst ; Datapath:datapath|Multiplier:multiplier|regne:RegP|Q[9]  ; Controller:control|y.IDLE ; clk         ; 0.000        ; -0.486     ; 0.572      ;
; 0.944 ; Controller:control|mul_rst ; Datapath:datapath|Multiplier:multiplier|regne:RegP|Q[10] ; Controller:control|y.IDLE ; clk         ; 0.000        ; -0.486     ; 0.572      ;
; 0.944 ; Controller:control|mul_rst ; Datapath:datapath|Multiplier:multiplier|regne:RegP|Q[11] ; Controller:control|y.IDLE ; clk         ; 0.000        ; -0.486     ; 0.572      ;
; 0.944 ; Controller:control|mul_rst ; Datapath:datapath|Multiplier:multiplier|regne:RegP|Q[12] ; Controller:control|y.IDLE ; clk         ; 0.000        ; -0.486     ; 0.572      ;
; 0.944 ; Controller:control|mul_rst ; Datapath:datapath|Multiplier:multiplier|regne:RegP|Q[7]  ; Controller:control|y.IDLE ; clk         ; 0.000        ; -0.486     ; 0.572      ;
; 0.944 ; Controller:control|mul_rst ; Datapath:datapath|Multiplier:multiplier|regne:RegP|Q[2]  ; Controller:control|y.IDLE ; clk         ; 0.000        ; -0.486     ; 0.572      ;
; 0.944 ; Controller:control|mul_rst ; Datapath:datapath|Multiplier:multiplier|regne:RegP|Q[3]  ; Controller:control|y.IDLE ; clk         ; 0.000        ; -0.486     ; 0.572      ;
; 0.944 ; Controller:control|mul_rst ; Datapath:datapath|Multiplier:multiplier|regne:RegP|Q[4]  ; Controller:control|y.IDLE ; clk         ; 0.000        ; -0.486     ; 0.572      ;
; 0.944 ; Controller:control|mul_rst ; Datapath:datapath|Multiplier:multiplier|regne:RegP|Q[5]  ; Controller:control|y.IDLE ; clk         ; 0.000        ; -0.486     ; 0.572      ;
; 0.944 ; Controller:control|mul_rst ; Datapath:datapath|Multiplier:multiplier|regne:RegP|Q[6]  ; Controller:control|y.IDLE ; clk         ; 0.000        ; -0.486     ; 0.572      ;
; 0.944 ; Controller:control|mul_rst ; Datapath:datapath|Multiplier:multiplier|regne:RegP|Q[1]  ; Controller:control|y.IDLE ; clk         ; 0.000        ; -0.486     ; 0.572      ;
; 0.944 ; Controller:control|mul_rst ; Datapath:datapath|Multiplier:multiplier|regne:RegP|Q[0]  ; Controller:control|y.IDLE ; clk         ; 0.000        ; -0.486     ; 0.572      ;
+-------+----------------------------+----------------------------------------------------------+---------------------------+-------------+--------------+------------+------------+


+-----------------------------------------------------------------------------------------------------------------------------------------------+
; Fast 1200mV 0C Model Minimum Pulse Width: 'clk'                                                                                               ;
+--------+--------------+----------------+-----------------+-------+------------+---------------------------------------------------------------+
; Slack  ; Actual Width ; Required Width ; Type            ; Clock ; Clock Edge ; Target                                                        ;
+--------+--------------+----------------+-----------------+-------+------------+---------------------------------------------------------------+
; -3.000 ; 1.000        ; 4.000          ; Port Rate       ; clk   ; Rise       ; clk                                                           ;
; -1.000 ; 1.000        ; 2.000          ; Min Period      ; clk   ; Rise       ; Controller:control|y.IDLE                                     ;
; -1.000 ; 1.000        ; 2.000          ; Min Period      ; clk   ; Rise       ; Controller:control|y.LOAD                                     ;
; -1.000 ; 1.000        ; 2.000          ; Min Period      ; clk   ; Rise       ; Controller:control|y.MUL1                                     ;
; -1.000 ; 1.000        ; 2.000          ; Min Period      ; clk   ; Rise       ; Controller:control|y.MUL2                                     ;
; -1.000 ; 1.000        ; 2.000          ; Min Period      ; clk   ; Rise       ; Controller:control|y.REPORT                                   ;
; -1.000 ; 1.000        ; 2.000          ; Min Period      ; clk   ; Rise       ; Controller:control|y.SAVE_MUL1                                ;
; -1.000 ; 1.000        ; 2.000          ; Min Period      ; clk   ; Rise       ; Controller:control|y.SAVE_Y                                   ;
; -1.000 ; 1.000        ; 2.000          ; Min Period      ; clk   ; Rise       ; Controller:control|y.SUB                                      ;
; -1.000 ; 1.000        ; 2.000          ; Min Period      ; clk   ; Rise       ; Datapath:datapath|Counter_4bit:counter|count[0]               ;
; -1.000 ; 1.000        ; 2.000          ; Min Period      ; clk   ; Rise       ; Datapath:datapath|Counter_4bit:counter|count[1]               ;
; -1.000 ; 1.000        ; 2.000          ; Min Period      ; clk   ; Rise       ; Datapath:datapath|Counter_4bit:counter|count[2]               ;
; -1.000 ; 1.000        ; 2.000          ; Min Period      ; clk   ; Rise       ; Datapath:datapath|Counter_4bit:counter|count[3]               ;
; -1.000 ; 1.000        ; 2.000          ; Min Period      ; clk   ; Rise       ; Datapath:datapath|Multiplier:multiplier|regne:RegP|Q[0]       ;
; -1.000 ; 1.000        ; 2.000          ; Min Period      ; clk   ; Rise       ; Datapath:datapath|Multiplier:multiplier|regne:RegP|Q[10]      ;
; -1.000 ; 1.000        ; 2.000          ; Min Period      ; clk   ; Rise       ; Datapath:datapath|Multiplier:multiplier|regne:RegP|Q[11]      ;
; -1.000 ; 1.000        ; 2.000          ; Min Period      ; clk   ; Rise       ; Datapath:datapath|Multiplier:multiplier|regne:RegP|Q[12]      ;
; -1.000 ; 1.000        ; 2.000          ; Min Period      ; clk   ; Rise       ; Datapath:datapath|Multiplier:multiplier|regne:RegP|Q[13]      ;
; -1.000 ; 1.000        ; 2.000          ; Min Period      ; clk   ; Rise       ; Datapath:datapath|Multiplier:multiplier|regne:RegP|Q[1]       ;
; -1.000 ; 1.000        ; 2.000          ; Min Period      ; clk   ; Rise       ; Datapath:datapath|Multiplier:multiplier|regne:RegP|Q[2]       ;
; -1.000 ; 1.000        ; 2.000          ; Min Period      ; clk   ; Rise       ; Datapath:datapath|Multiplier:multiplier|regne:RegP|Q[3]       ;
; -1.000 ; 1.000        ; 2.000          ; Min Period      ; clk   ; Rise       ; Datapath:datapath|Multiplier:multiplier|regne:RegP|Q[4]       ;
; -1.000 ; 1.000        ; 2.000          ; Min Period      ; clk   ; Rise       ; Datapath:datapath|Multiplier:multiplier|regne:RegP|Q[5]       ;
; -1.000 ; 1.000        ; 2.000          ; Min Period      ; clk   ; Rise       ; Datapath:datapath|Multiplier:multiplier|regne:RegP|Q[6]       ;
; -1.000 ; 1.000        ; 2.000          ; Min Period      ; clk   ; Rise       ; Datapath:datapath|Multiplier:multiplier|regne:RegP|Q[7]       ;
; -1.000 ; 1.000        ; 2.000          ; Min Period      ; clk   ; Rise       ; Datapath:datapath|Multiplier:multiplier|regne:RegP|Q[8]       ;
; -1.000 ; 1.000        ; 2.000          ; Min Period      ; clk   ; Rise       ; Datapath:datapath|Multiplier:multiplier|regne:RegP|Q[9]       ;
; -1.000 ; 1.000        ; 2.000          ; Min Period      ; clk   ; Rise       ; Datapath:datapath|Multiplier:multiplier|shiftlne:ShiftA|Q[0]  ;
; -1.000 ; 1.000        ; 2.000          ; Min Period      ; clk   ; Rise       ; Datapath:datapath|Multiplier:multiplier|shiftlne:ShiftA|Q[10] ;
; -1.000 ; 1.000        ; 2.000          ; Min Period      ; clk   ; Rise       ; Datapath:datapath|Multiplier:multiplier|shiftlne:ShiftA|Q[11] ;
; -1.000 ; 1.000        ; 2.000          ; Min Period      ; clk   ; Rise       ; Datapath:datapath|Multiplier:multiplier|shiftlne:ShiftA|Q[12] ;
; -1.000 ; 1.000        ; 2.000          ; Min Period      ; clk   ; Rise       ; Datapath:datapath|Multiplier:multiplier|shiftlne:ShiftA|Q[13] ;
; -1.000 ; 1.000        ; 2.000          ; Min Period      ; clk   ; Rise       ; Datapath:datapath|Multiplier:multiplier|shiftlne:ShiftA|Q[1]  ;
; -1.000 ; 1.000        ; 2.000          ; Min Period      ; clk   ; Rise       ; Datapath:datapath|Multiplier:multiplier|shiftlne:ShiftA|Q[2]  ;
; -1.000 ; 1.000        ; 2.000          ; Min Period      ; clk   ; Rise       ; Datapath:datapath|Multiplier:multiplier|shiftlne:ShiftA|Q[3]  ;
; -1.000 ; 1.000        ; 2.000          ; Min Period      ; clk   ; Rise       ; Datapath:datapath|Multiplier:multiplier|shiftlne:ShiftA|Q[4]  ;
; -1.000 ; 1.000        ; 2.000          ; Min Period      ; clk   ; Rise       ; Datapath:datapath|Multiplier:multiplier|shiftlne:ShiftA|Q[5]  ;
; -1.000 ; 1.000        ; 2.000          ; Min Period      ; clk   ; Rise       ; Datapath:datapath|Multiplier:multiplier|shiftlne:ShiftA|Q[6]  ;
; -1.000 ; 1.000        ; 2.000          ; Min Period      ; clk   ; Rise       ; Datapath:datapath|Multiplier:multiplier|shiftlne:ShiftA|Q[7]  ;
; -1.000 ; 1.000        ; 2.000          ; Min Period      ; clk   ; Rise       ; Datapath:datapath|Multiplier:multiplier|shiftlne:ShiftA|Q[8]  ;
; -1.000 ; 1.000        ; 2.000          ; Min Period      ; clk   ; Rise       ; Datapath:datapath|Multiplier:multiplier|shiftlne:ShiftA|Q[9]  ;
; -1.000 ; 1.000        ; 2.000          ; Min Period      ; clk   ; Rise       ; Datapath:datapath|Multiplier:multiplier|shiftrne:ShiftB|Q[0]  ;
; -1.000 ; 1.000        ; 2.000          ; Min Period      ; clk   ; Rise       ; Datapath:datapath|Multiplier:multiplier|shiftrne:ShiftB|Q[1]  ;
; -1.000 ; 1.000        ; 2.000          ; Min Period      ; clk   ; Rise       ; Datapath:datapath|Multiplier:multiplier|shiftrne:ShiftB|Q[2]  ;
; -1.000 ; 1.000        ; 2.000          ; Min Period      ; clk   ; Rise       ; Datapath:datapath|Multiplier:multiplier|shiftrne:ShiftB|Q[3]  ;
; -1.000 ; 1.000        ; 2.000          ; Min Period      ; clk   ; Rise       ; Datapath:datapath|Multiplier:multiplier|shiftrne:ShiftB|Q[4]  ;
; -1.000 ; 1.000        ; 2.000          ; Min Period      ; clk   ; Rise       ; Datapath:datapath|Multiplier:multiplier|shiftrne:ShiftB|Q[5]  ;
; -1.000 ; 1.000        ; 2.000          ; Min Period      ; clk   ; Rise       ; Datapath:datapath|Multiplier:multiplier|shiftrne:ShiftB|Q[6]  ;
; -1.000 ; 1.000        ; 2.000          ; Min Period      ; clk   ; Rise       ; Datapath:datapath|Multiplier:multiplier|shiftrne:ShiftB|Q[7]  ;
; -1.000 ; 1.000        ; 2.000          ; Min Period      ; clk   ; Rise       ; Datapath:datapath|Multiplier:multiplier|y.S1                  ;
; -1.000 ; 1.000        ; 2.000          ; Min Period      ; clk   ; Rise       ; Datapath:datapath|Multiplier:multiplier|y.S2                  ;
; -1.000 ; 1.000        ; 2.000          ; Min Period      ; clk   ; Rise       ; Datapath:datapath|Multiplier:multiplier|y.S3                  ;
; -1.000 ; 1.000        ; 2.000          ; Min Period      ; clk   ; Rise       ; Datapath:datapath|regne:reg_mul1|Q[10]                        ;
; -1.000 ; 1.000        ; 2.000          ; Min Period      ; clk   ; Rise       ; Datapath:datapath|regne:reg_mul1|Q[11]                        ;
; -1.000 ; 1.000        ; 2.000          ; Min Period      ; clk   ; Rise       ; Datapath:datapath|regne:reg_mul1|Q[12]                        ;
; -1.000 ; 1.000        ; 2.000          ; Min Period      ; clk   ; Rise       ; Datapath:datapath|regne:reg_mul1|Q[13]                        ;
; -1.000 ; 1.000        ; 2.000          ; Min Period      ; clk   ; Rise       ; Datapath:datapath|regne:reg_mul1|Q[14]                        ;
; -1.000 ; 1.000        ; 2.000          ; Min Period      ; clk   ; Rise       ; Datapath:datapath|regne:reg_mul1|Q[15]                        ;
; -1.000 ; 1.000        ; 2.000          ; Min Period      ; clk   ; Rise       ; Datapath:datapath|regne:reg_mul1|Q[2]                         ;
; -1.000 ; 1.000        ; 2.000          ; Min Period      ; clk   ; Rise       ; Datapath:datapath|regne:reg_mul1|Q[3]                         ;
; -1.000 ; 1.000        ; 2.000          ; Min Period      ; clk   ; Rise       ; Datapath:datapath|regne:reg_mul1|Q[4]                         ;
; -1.000 ; 1.000        ; 2.000          ; Min Period      ; clk   ; Rise       ; Datapath:datapath|regne:reg_mul1|Q[5]                         ;
; -1.000 ; 1.000        ; 2.000          ; Min Period      ; clk   ; Rise       ; Datapath:datapath|regne:reg_mul1|Q[6]                         ;
; -1.000 ; 1.000        ; 2.000          ; Min Period      ; clk   ; Rise       ; Datapath:datapath|regne:reg_mul1|Q[7]                         ;
; -1.000 ; 1.000        ; 2.000          ; Min Period      ; clk   ; Rise       ; Datapath:datapath|regne:reg_mul1|Q[8]                         ;
; -1.000 ; 1.000        ; 2.000          ; Min Period      ; clk   ; Rise       ; Datapath:datapath|regne:reg_mul1|Q[9]                         ;
; -1.000 ; 1.000        ; 2.000          ; Min Period      ; clk   ; Rise       ; Datapath:datapath|regne:x_reg|Q[0]                            ;
; -1.000 ; 1.000        ; 2.000          ; Min Period      ; clk   ; Rise       ; Datapath:datapath|regne:x_reg|Q[1]                            ;
; -1.000 ; 1.000        ; 2.000          ; Min Period      ; clk   ; Rise       ; Datapath:datapath|regne:x_reg|Q[2]                            ;
; -1.000 ; 1.000        ; 2.000          ; Min Period      ; clk   ; Rise       ; Datapath:datapath|regne:x_reg|Q[3]                            ;
; -1.000 ; 1.000        ; 2.000          ; Min Period      ; clk   ; Rise       ; Datapath:datapath|regne:x_reg|Q[4]                            ;
; -1.000 ; 1.000        ; 2.000          ; Min Period      ; clk   ; Rise       ; Datapath:datapath|regne:x_reg|Q[5]                            ;
; -1.000 ; 1.000        ; 2.000          ; Min Period      ; clk   ; Rise       ; Datapath:datapath|regne:x_reg|Q[6]                            ;
; -1.000 ; 1.000        ; 2.000          ; Min Period      ; clk   ; Rise       ; Datapath:datapath|regne:x_reg|Q[7]                            ;
; -1.000 ; 1.000        ; 2.000          ; Min Period      ; clk   ; Rise       ; Datapath:datapath|regne:y_reg|Q[10]                           ;
; -1.000 ; 1.000        ; 2.000          ; Min Period      ; clk   ; Rise       ; Datapath:datapath|regne:y_reg|Q[11]                           ;
; -1.000 ; 1.000        ; 2.000          ; Min Period      ; clk   ; Rise       ; Datapath:datapath|regne:y_reg|Q[12]                           ;
; -1.000 ; 1.000        ; 2.000          ; Min Period      ; clk   ; Rise       ; Datapath:datapath|regne:y_reg|Q[13]                           ;
; -1.000 ; 1.000        ; 2.000          ; Min Period      ; clk   ; Rise       ; Datapath:datapath|regne:y_reg|Q[14]                           ;
; -1.000 ; 1.000        ; 2.000          ; Min Period      ; clk   ; Rise       ; Datapath:datapath|regne:y_reg|Q[15]                           ;
; -1.000 ; 1.000        ; 2.000          ; Min Period      ; clk   ; Rise       ; Datapath:datapath|regne:y_reg|Q[2]                            ;
; -1.000 ; 1.000        ; 2.000          ; Min Period      ; clk   ; Rise       ; Datapath:datapath|regne:y_reg|Q[3]                            ;
; -1.000 ; 1.000        ; 2.000          ; Min Period      ; clk   ; Rise       ; Datapath:datapath|regne:y_reg|Q[4]                            ;
; -1.000 ; 1.000        ; 2.000          ; Min Period      ; clk   ; Rise       ; Datapath:datapath|regne:y_reg|Q[5]                            ;
; -1.000 ; 1.000        ; 2.000          ; Min Period      ; clk   ; Rise       ; Datapath:datapath|regne:y_reg|Q[6]                            ;
; -1.000 ; 1.000        ; 2.000          ; Min Period      ; clk   ; Rise       ; Datapath:datapath|regne:y_reg|Q[7]                            ;
; -1.000 ; 1.000        ; 2.000          ; Min Period      ; clk   ; Rise       ; Datapath:datapath|regne:y_reg|Q[8]                            ;
; -1.000 ; 1.000        ; 2.000          ; Min Period      ; clk   ; Rise       ; Datapath:datapath|regne:y_reg|Q[9]                            ;
; -0.055 ; 0.129        ; 0.184          ; Low Pulse Width ; clk   ; Rise       ; Controller:control|y.IDLE                                     ;
; -0.055 ; 0.129        ; 0.184          ; Low Pulse Width ; clk   ; Rise       ; Controller:control|y.REPORT                                   ;
; -0.055 ; 0.129        ; 0.184          ; Low Pulse Width ; clk   ; Rise       ; Datapath:datapath|Multiplier:multiplier|shiftlne:ShiftA|Q[0]  ;
; -0.055 ; 0.129        ; 0.184          ; Low Pulse Width ; clk   ; Rise       ; Datapath:datapath|Multiplier:multiplier|shiftlne:ShiftA|Q[10] ;
; -0.055 ; 0.129        ; 0.184          ; Low Pulse Width ; clk   ; Rise       ; Datapath:datapath|Multiplier:multiplier|shiftlne:ShiftA|Q[11] ;
; -0.055 ; 0.129        ; 0.184          ; Low Pulse Width ; clk   ; Rise       ; Datapath:datapath|Multiplier:multiplier|shiftlne:ShiftA|Q[12] ;
; -0.055 ; 0.129        ; 0.184          ; Low Pulse Width ; clk   ; Rise       ; Datapath:datapath|Multiplier:multiplier|shiftlne:ShiftA|Q[13] ;
; -0.055 ; 0.129        ; 0.184          ; Low Pulse Width ; clk   ; Rise       ; Datapath:datapath|Multiplier:multiplier|shiftlne:ShiftA|Q[1]  ;
; -0.055 ; 0.129        ; 0.184          ; Low Pulse Width ; clk   ; Rise       ; Datapath:datapath|Multiplier:multiplier|shiftlne:ShiftA|Q[2]  ;
; -0.055 ; 0.129        ; 0.184          ; Low Pulse Width ; clk   ; Rise       ; Datapath:datapath|Multiplier:multiplier|shiftlne:ShiftA|Q[3]  ;
; -0.055 ; 0.129        ; 0.184          ; Low Pulse Width ; clk   ; Rise       ; Datapath:datapath|Multiplier:multiplier|shiftlne:ShiftA|Q[4]  ;
; -0.055 ; 0.129        ; 0.184          ; Low Pulse Width ; clk   ; Rise       ; Datapath:datapath|Multiplier:multiplier|shiftlne:ShiftA|Q[5]  ;
+--------+--------------+----------------+-----------------+-------+------------+---------------------------------------------------------------+


+------------------------------------------------------------------------------------------------------------------------------------------+
; Fast 1200mV 0C Model Minimum Pulse Width: 'Controller:control|y.REPORT'                                                                  ;
+-------+--------------+----------------+------------------+-----------------------------+------------+------------------------------------+
; Slack ; Actual Width ; Required Width ; Type             ; Clock                       ; Clock Edge ; Target                             ;
+-------+--------------+----------------+------------------+-----------------------------+------------+------------------------------------+
; 0.325 ; 0.325        ; 0.000          ; Low Pulse Width  ; Controller:control|y.REPORT ; Rise       ; Controller:control|Y.SAVE_Y_267    ;
; 0.331 ; 0.331        ; 0.000          ; Low Pulse Width  ; Controller:control|y.REPORT ; Rise       ; control|Y.SAVE_Y_267|dataa         ;
; 0.335 ; 0.335        ; 0.000          ; Low Pulse Width  ; Controller:control|y.REPORT ; Rise       ; Controller:control|Y.REPORT_259    ;
; 0.338 ; 0.338        ; 0.000          ; Low Pulse Width  ; Controller:control|y.REPORT ; Rise       ; control|Y.REPORT_259|datab         ;
; 0.340 ; 0.340        ; 0.000          ; Low Pulse Width  ; Controller:control|y.REPORT ; Rise       ; control|Y.IDLE_315|datac           ;
; 0.341 ; 0.341        ; 0.000          ; Low Pulse Width  ; Controller:control|y.REPORT ; Rise       ; control|Y.LOAD_307|datac           ;
; 0.342 ; 0.342        ; 0.000          ; Low Pulse Width  ; Controller:control|y.REPORT ; Rise       ; Controller:control|Y.SUB_283       ;
; 0.343 ; 0.343        ; 0.000          ; Low Pulse Width  ; Controller:control|y.REPORT ; Rise       ; control|Y.MUL2_275|datac           ;
; 0.343 ; 0.343        ; 0.000          ; Low Pulse Width  ; Controller:control|y.REPORT ; Rise       ; control|Y.SAVE_MUL1_291|datac      ;
; 0.344 ; 0.344        ; 0.000          ; Low Pulse Width  ; Controller:control|y.REPORT ; Rise       ; Controller:control|Y.IDLE_315      ;
; 0.345 ; 0.345        ; 0.000          ; Low Pulse Width  ; Controller:control|y.REPORT ; Rise       ; Controller:control|Y.LOAD_307      ;
; 0.345 ; 0.345        ; 0.000          ; Low Pulse Width  ; Controller:control|y.REPORT ; Rise       ; control|Y.MUL1_299|datac           ;
; 0.347 ; 0.347        ; 0.000          ; Low Pulse Width  ; Controller:control|y.REPORT ; Rise       ; Controller:control|Y.MUL2_275      ;
; 0.347 ; 0.347        ; 0.000          ; Low Pulse Width  ; Controller:control|y.REPORT ; Rise       ; Controller:control|Y.SAVE_MUL1_291 ;
; 0.348 ; 0.348        ; 0.000          ; Low Pulse Width  ; Controller:control|y.REPORT ; Rise       ; control|Y.SUB_283|datad            ;
; 0.351 ; 0.351        ; 0.000          ; Low Pulse Width  ; Controller:control|y.REPORT ; Rise       ; Controller:control|Y.MUL1_299      ;
; 0.376 ; 0.376        ; 0.000          ; Low Pulse Width  ; Controller:control|y.REPORT ; Rise       ; control|y.REPORT~clkctrl|inclk[0]  ;
; 0.376 ; 0.376        ; 0.000          ; Low Pulse Width  ; Controller:control|y.REPORT ; Rise       ; control|y.REPORT~clkctrl|outclk    ;
; 0.407 ; 0.407        ; 0.000          ; High Pulse Width ; Controller:control|y.REPORT ; Fall       ; Controller:control|ack             ;
; 0.410 ; 0.410        ; 0.000          ; Low Pulse Width  ; Controller:control|y.REPORT ; Rise       ; control|ack|datac                  ;
; 0.432 ; 0.432        ; 0.000          ; Low Pulse Width  ; Controller:control|y.REPORT ; Rise       ; control|Selector4~6|combout        ;
; 0.449 ; 0.449        ; 0.000          ; Low Pulse Width  ; Controller:control|y.REPORT ; Rise       ; control|Selector4~6|datab          ;
; 0.453 ; 0.453        ; 0.000          ; High Pulse Width ; Controller:control|y.REPORT ; Fall       ; control|Selector8~1|combout        ;
; 0.459 ; 0.459        ; 0.000          ; Low Pulse Width  ; Controller:control|y.REPORT ; Rise       ; control|Selector8~1|datad          ;
; 0.496 ; 0.496        ; 0.000          ; High Pulse Width ; Controller:control|y.REPORT ; Rise       ; Controller:control|LA              ;
; 0.499 ; 0.499        ; 0.000          ; Low Pulse Width  ; Controller:control|y.REPORT ; Fall       ; control|LA|datac                   ;
; 0.500 ; 0.500        ; 0.000          ; High Pulse Width ; Controller:control|y.REPORT ; Fall       ; control|LA|datac                   ;
; 0.500 ; 0.500        ; 0.000          ; High Pulse Width ; Controller:control|y.REPORT ; Rise       ; control|y.REPORT|q                 ;
; 0.500 ; 0.500        ; 0.000          ; Low Pulse Width  ; Controller:control|y.REPORT ; Rise       ; control|y.REPORT|q                 ;
; 0.503 ; 0.503        ; 0.000          ; Low Pulse Width  ; Controller:control|y.REPORT ; Rise       ; Controller:control|LA              ;
; 0.540 ; 0.540        ; 0.000          ; High Pulse Width ; Controller:control|y.REPORT ; Rise       ; control|Selector8~1|datad          ;
; 0.545 ; 0.545        ; 0.000          ; Low Pulse Width  ; Controller:control|y.REPORT ; Fall       ; control|Selector8~1|combout        ;
; 0.547 ; 0.547        ; 0.000          ; High Pulse Width ; Controller:control|y.REPORT ; Rise       ; control|Selector4~6|combout        ;
; 0.549 ; 0.549        ; 0.000          ; High Pulse Width ; Controller:control|y.REPORT ; Rise       ; control|Selector4~6|datab          ;
; 0.568 ; 0.568        ; 0.000          ; High Pulse Width ; Controller:control|y.REPORT ; Rise       ; control|ack|datac                  ;
; 0.571 ; 0.571        ; 0.000          ; Low Pulse Width  ; Controller:control|y.REPORT ; Fall       ; Controller:control|ack             ;
; 0.619 ; 0.619        ; 0.000          ; High Pulse Width ; Controller:control|y.REPORT ; Rise       ; control|y.REPORT~clkctrl|inclk[0]  ;
; 0.619 ; 0.619        ; 0.000          ; High Pulse Width ; Controller:control|y.REPORT ; Rise       ; control|y.REPORT~clkctrl|outclk    ;
; 0.643 ; 0.643        ; 0.000          ; High Pulse Width ; Controller:control|y.REPORT ; Rise       ; Controller:control|Y.MUL1_299      ;
; 0.645 ; 0.645        ; 0.000          ; High Pulse Width ; Controller:control|y.REPORT ; Rise       ; control|Y.SUB_283|datad            ;
; 0.646 ; 0.646        ; 0.000          ; High Pulse Width ; Controller:control|y.REPORT ; Rise       ; Controller:control|Y.MUL2_275      ;
; 0.647 ; 0.647        ; 0.000          ; High Pulse Width ; Controller:control|y.REPORT ; Rise       ; Controller:control|Y.SAVE_MUL1_291 ;
; 0.649 ; 0.649        ; 0.000          ; High Pulse Width ; Controller:control|y.REPORT ; Rise       ; Controller:control|Y.IDLE_315      ;
; 0.649 ; 0.649        ; 0.000          ; High Pulse Width ; Controller:control|y.REPORT ; Rise       ; Controller:control|Y.LOAD_307      ;
; 0.649 ; 0.649        ; 0.000          ; High Pulse Width ; Controller:control|y.REPORT ; Rise       ; control|Y.MUL1_299|datac           ;
; 0.650 ; 0.650        ; 0.000          ; High Pulse Width ; Controller:control|y.REPORT ; Rise       ; Controller:control|Y.SUB_283       ;
; 0.650 ; 0.650        ; 0.000          ; High Pulse Width ; Controller:control|y.REPORT ; Rise       ; control|Y.MUL2_275|datac           ;
; 0.651 ; 0.651        ; 0.000          ; High Pulse Width ; Controller:control|y.REPORT ; Rise       ; control|Y.SAVE_MUL1_291|datac      ;
; 0.653 ; 0.653        ; 0.000          ; High Pulse Width ; Controller:control|y.REPORT ; Rise       ; control|Y.IDLE_315|datac           ;
; 0.653 ; 0.653        ; 0.000          ; High Pulse Width ; Controller:control|y.REPORT ; Rise       ; control|Y.LOAD_307|datac           ;
; 0.656 ; 0.656        ; 0.000          ; High Pulse Width ; Controller:control|y.REPORT ; Rise       ; control|Y.REPORT_259|datab         ;
; 0.657 ; 0.657        ; 0.000          ; High Pulse Width ; Controller:control|y.REPORT ; Rise       ; Controller:control|Y.REPORT_259    ;
; 0.662 ; 0.662        ; 0.000          ; High Pulse Width ; Controller:control|y.REPORT ; Rise       ; control|Y.SAVE_Y_267|dataa         ;
; 0.664 ; 0.664        ; 0.000          ; High Pulse Width ; Controller:control|y.REPORT ; Rise       ; Controller:control|Y.SAVE_Y_267    ;
+-------+--------------+----------------+------------------+-----------------------------+------------+------------------------------------+


+-------------------------------------------------------------------------------------------------------------------------------------+
; Fast 1200mV 0C Model Minimum Pulse Width: 'Controller:control|y.IDLE'                                                               ;
+-------+--------------+----------------+------------------+---------------------------+------------+---------------------------------+
; Slack ; Actual Width ; Required Width ; Type             ; Clock                     ; Clock Edge ; Target                          ;
+-------+--------------+----------------+------------------+---------------------------+------------+---------------------------------+
; 0.336 ; 0.336        ; 0.000          ; Low Pulse Width  ; Controller:control|y.IDLE ; Rise       ; Controller:control|rst2         ;
; 0.336 ; 0.336        ; 0.000          ; Low Pulse Width  ; Controller:control|y.IDLE ; Rise       ; control|mul_rst|datac           ;
; 0.340 ; 0.340        ; 0.000          ; Low Pulse Width  ; Controller:control|y.IDLE ; Rise       ; Controller:control|mul_rst      ;
; 0.342 ; 0.342        ; 0.000          ; Low Pulse Width  ; Controller:control|y.IDLE ; Rise       ; control|rst2|datad              ;
; 0.369 ; 0.369        ; 0.000          ; Low Pulse Width  ; Controller:control|y.IDLE ; Rise       ; control|y.IDLE~clkctrl|inclk[0] ;
; 0.369 ; 0.369        ; 0.000          ; Low Pulse Width  ; Controller:control|y.IDLE ; Rise       ; control|y.IDLE~clkctrl|outclk   ;
; 0.377 ; 0.377        ; 0.000          ; Low Pulse Width  ; Controller:control|y.IDLE ; Rise       ; Controller:control|sel2         ;
; 0.383 ; 0.383        ; 0.000          ; Low Pulse Width  ; Controller:control|y.IDLE ; Rise       ; control|sel2|datad              ;
; 0.393 ; 0.393        ; 0.000          ; High Pulse Width ; Controller:control|y.IDLE ; Fall       ; control|Selector6~0|combout     ;
; 0.401 ; 0.401        ; 0.000          ; Low Pulse Width  ; Controller:control|y.IDLE ; Rise       ; control|Selector12~0|combout    ;
; 0.402 ; 0.402        ; 0.000          ; Low Pulse Width  ; Controller:control|y.IDLE ; Rise       ; control|Selector6~0|dataa       ;
; 0.404 ; 0.404        ; 0.000          ; Low Pulse Width  ; Controller:control|y.IDLE ; Rise       ; control|Selector12~0|datac      ;
; 0.404 ; 0.404        ; 0.000          ; Low Pulse Width  ; Controller:control|y.IDLE ; Rise       ; control|Selector7~1|datac       ;
; 0.408 ; 0.408        ; 0.000          ; High Pulse Width ; Controller:control|y.IDLE ; Fall       ; control|Selector7~1|combout     ;
; 0.413 ; 0.413        ; 0.000          ; High Pulse Width ; Controller:control|y.IDLE ; Fall       ; control|Selector16~1|combout    ;
; 0.419 ; 0.419        ; 0.000          ; Low Pulse Width  ; Controller:control|y.IDLE ; Rise       ; control|Selector16~1|datad      ;
; 0.424 ; 0.424        ; 0.000          ; Low Pulse Width  ; Controller:control|y.IDLE ; Rise       ; Controller:control|s            ;
; 0.424 ; 0.424        ; 0.000          ; High Pulse Width ; Controller:control|y.IDLE ; Fall       ; control|Selector10~0|combout    ;
; 0.426 ; 0.426        ; 0.000          ; Low Pulse Width  ; Controller:control|y.IDLE ; Rise       ; Controller:control|en2          ;
; 0.427 ; 0.427        ; 0.000          ; Low Pulse Width  ; Controller:control|y.IDLE ; Rise       ; control|Selector10~0|dataa      ;
; 0.428 ; 0.428        ; 0.000          ; High Pulse Width ; Controller:control|y.IDLE ; Fall       ; control|s|datad                 ;
; 0.431 ; 0.431        ; 0.000          ; High Pulse Width ; Controller:control|y.IDLE ; Fall       ; control|en2|datad               ;
; 0.433 ; 0.433        ; 0.000          ; High Pulse Width ; Controller:control|y.IDLE ; Fall       ; control|Selector14~0|combout    ;
; 0.439 ; 0.439        ; 0.000          ; Low Pulse Width  ; Controller:control|y.IDLE ; Rise       ; control|Selector14~0|datad      ;
; 0.439 ; 0.439        ; 0.000          ; Low Pulse Width  ; Controller:control|y.IDLE ; Rise       ; control|Selector16~0|datad      ;
; 0.444 ; 0.444        ; 0.000          ; High Pulse Width ; Controller:control|y.IDLE ; Fall       ; Controller:control|LA           ;
; 0.444 ; 0.444        ; 0.000          ; Low Pulse Width  ; Controller:control|y.IDLE ; Rise       ; control|Selector16~0|combout    ;
; 0.447 ; 0.447        ; 0.000          ; Low Pulse Width  ; Controller:control|y.IDLE ; Rise       ; control|LA|datac                ;
; 0.451 ; 0.451        ; 0.000          ; High Pulse Width ; Controller:control|y.IDLE ; Fall       ; control|Selector28~0|combout    ;
; 0.451 ; 0.451        ; 0.000          ; High Pulse Width ; Controller:control|y.IDLE ; Fall       ; control|Selector32~1|combout    ;
; 0.451 ; 0.451        ; 0.000          ; High Pulse Width ; Controller:control|y.IDLE ; Fall       ; control|Selector4~6|combout     ;
; 0.453 ; 0.453        ; 0.000          ; Low Pulse Width  ; Controller:control|y.IDLE ; Rise       ; Controller:control|LB           ;
; 0.457 ; 0.457        ; 0.000          ; Low Pulse Width  ; Controller:control|y.IDLE ; Rise       ; control|Selector28~0|datad      ;
; 0.457 ; 0.457        ; 0.000          ; Low Pulse Width  ; Controller:control|y.IDLE ; Rise       ; control|Selector32~1|datad      ;
; 0.457 ; 0.457        ; 0.000          ; Low Pulse Width  ; Controller:control|y.IDLE ; Rise       ; control|Selector4~5|datad       ;
; 0.457 ; 0.457        ; 0.000          ; Low Pulse Width  ; Controller:control|y.IDLE ; Rise       ; control|Selector4~6|datad       ;
; 0.458 ; 0.458        ; 0.000          ; High Pulse Width ; Controller:control|y.IDLE ; Fall       ; control|LB|datad                ;
; 0.462 ; 0.462        ; 0.000          ; Low Pulse Width  ; Controller:control|y.IDLE ; Rise       ; control|Selector4~5|combout     ;
; 0.466 ; 0.466        ; 0.000          ; Low Pulse Width  ; Controller:control|y.IDLE ; Rise       ; Controller:control|en4          ;
; 0.470 ; 0.470        ; 0.000          ; High Pulse Width ; Controller:control|y.IDLE ; Fall       ; control|en4|datad               ;
; 0.473 ; 0.473        ; 0.000          ; High Pulse Width ; Controller:control|y.IDLE ; Fall       ; control|ack|datac               ;
; 0.476 ; 0.476        ; 0.000          ; Low Pulse Width  ; Controller:control|y.IDLE ; Rise       ; Controller:control|ack          ;
; 0.484 ; 0.484        ; 0.000          ; Low Pulse Width  ; Controller:control|y.IDLE ; Rise       ; Controller:control|sel1         ;
; 0.485 ; 0.485        ; 0.000          ; High Pulse Width ; Controller:control|y.IDLE ; Fall       ; control|Selector8~1|datab       ;
; 0.489 ; 0.489        ; 0.000          ; High Pulse Width ; Controller:control|y.IDLE ; Fall       ; control|sel1|datad              ;
; 0.490 ; 0.490        ; 0.000          ; Low Pulse Width  ; Controller:control|y.IDLE ; Rise       ; Controller:control|en3          ;
; 0.495 ; 0.495        ; 0.000          ; Low Pulse Width  ; Controller:control|y.IDLE ; Rise       ; control|Selector8~1|combout     ;
; 0.499 ; 0.499        ; 0.000          ; High Pulse Width ; Controller:control|y.IDLE ; Fall       ; control|en3|datab               ;
; 0.500 ; 0.500        ; 0.000          ; Low Pulse Width  ; Controller:control|y.IDLE ; Fall       ; control|en3|datab               ;
; 0.500 ; 0.500        ; 0.000          ; High Pulse Width ; Controller:control|y.IDLE ; Rise       ; control|y.IDLE|q                ;
; 0.500 ; 0.500        ; 0.000          ; Low Pulse Width  ; Controller:control|y.IDLE ; Rise       ; control|y.IDLE|q                ;
; 0.504 ; 0.504        ; 0.000          ; High Pulse Width ; Controller:control|y.IDLE ; Rise       ; control|Selector8~1|combout     ;
; 0.510 ; 0.510        ; 0.000          ; High Pulse Width ; Controller:control|y.IDLE ; Rise       ; Controller:control|en3          ;
; 0.510 ; 0.510        ; 0.000          ; Low Pulse Width  ; Controller:control|y.IDLE ; Fall       ; control|sel1|datad              ;
; 0.514 ; 0.514        ; 0.000          ; High Pulse Width ; Controller:control|y.IDLE ; Rise       ; Controller:control|sel1         ;
; 0.514 ; 0.514        ; 0.000          ; Low Pulse Width  ; Controller:control|y.IDLE ; Fall       ; control|Selector8~1|datab       ;
; 0.522 ; 0.522        ; 0.000          ; High Pulse Width ; Controller:control|y.IDLE ; Rise       ; Controller:control|ack          ;
; 0.525 ; 0.525        ; 0.000          ; Low Pulse Width  ; Controller:control|y.IDLE ; Fall       ; control|ack|datac               ;
; 0.527 ; 0.527        ; 0.000          ; Low Pulse Width  ; Controller:control|y.IDLE ; Fall       ; control|en4|datad               ;
; 0.532 ; 0.532        ; 0.000          ; High Pulse Width ; Controller:control|y.IDLE ; Rise       ; Controller:control|en4          ;
; 0.538 ; 0.538        ; 0.000          ; High Pulse Width ; Controller:control|y.IDLE ; Rise       ; control|Selector4~5|combout     ;
; 0.541 ; 0.541        ; 0.000          ; Low Pulse Width  ; Controller:control|y.IDLE ; Fall       ; control|LB|datad                ;
; 0.541 ; 0.541        ; 0.000          ; High Pulse Width ; Controller:control|y.IDLE ; Rise       ; control|Selector32~1|datad      ;
; 0.541 ; 0.541        ; 0.000          ; High Pulse Width ; Controller:control|y.IDLE ; Rise       ; control|Selector4~6|datad       ;
; 0.542 ; 0.542        ; 0.000          ; High Pulse Width ; Controller:control|y.IDLE ; Rise       ; control|Selector28~0|datad      ;
; 0.542 ; 0.542        ; 0.000          ; High Pulse Width ; Controller:control|y.IDLE ; Rise       ; control|Selector4~5|datad       ;
; 0.545 ; 0.545        ; 0.000          ; High Pulse Width ; Controller:control|y.IDLE ; Rise       ; Controller:control|LB           ;
; 0.546 ; 0.546        ; 0.000          ; Low Pulse Width  ; Controller:control|y.IDLE ; Fall       ; control|Selector32~1|combout    ;
; 0.546 ; 0.546        ; 0.000          ; Low Pulse Width  ; Controller:control|y.IDLE ; Fall       ; control|Selector4~6|combout     ;
; 0.547 ; 0.547        ; 0.000          ; Low Pulse Width  ; Controller:control|y.IDLE ; Fall       ; control|Selector28~0|combout    ;
; 0.549 ; 0.549        ; 0.000          ; High Pulse Width ; Controller:control|y.IDLE ; Rise       ; control|LA|datac                ;
; 0.552 ; 0.552        ; 0.000          ; Low Pulse Width  ; Controller:control|y.IDLE ; Fall       ; Controller:control|LA           ;
; 0.556 ; 0.556        ; 0.000          ; High Pulse Width ; Controller:control|y.IDLE ; Rise       ; control|Selector16~0|combout    ;
; 0.559 ; 0.559        ; 0.000          ; High Pulse Width ; Controller:control|y.IDLE ; Rise       ; control|Selector14~0|datad      ;
; 0.560 ; 0.560        ; 0.000          ; High Pulse Width ; Controller:control|y.IDLE ; Rise       ; control|Selector16~0|datad      ;
; 0.564 ; 0.564        ; 0.000          ; Low Pulse Width  ; Controller:control|y.IDLE ; Fall       ; control|Selector14~0|combout    ;
; 0.567 ; 0.567        ; 0.000          ; Low Pulse Width  ; Controller:control|y.IDLE ; Fall       ; control|en2|datad               ;
; 0.567 ; 0.567        ; 0.000          ; Low Pulse Width  ; Controller:control|y.IDLE ; Fall       ; control|s|datad                 ;
; 0.571 ; 0.571        ; 0.000          ; High Pulse Width ; Controller:control|y.IDLE ; Rise       ; Controller:control|en2          ;
; 0.572 ; 0.572        ; 0.000          ; High Pulse Width ; Controller:control|y.IDLE ; Rise       ; Controller:control|s            ;
; 0.572 ; 0.572        ; 0.000          ; High Pulse Width ; Controller:control|y.IDLE ; Rise       ; control|Selector10~0|dataa      ;
; 0.575 ; 0.575        ; 0.000          ; Low Pulse Width  ; Controller:control|y.IDLE ; Fall       ; control|Selector10~0|combout    ;
; 0.579 ; 0.579        ; 0.000          ; High Pulse Width ; Controller:control|y.IDLE ; Rise       ; control|Selector16~1|datad      ;
; 0.584 ; 0.584        ; 0.000          ; Low Pulse Width  ; Controller:control|y.IDLE ; Fall       ; control|Selector16~1|combout    ;
; 0.590 ; 0.590        ; 0.000          ; Low Pulse Width  ; Controller:control|y.IDLE ; Fall       ; control|Selector7~1|combout     ;
; 0.594 ; 0.594        ; 0.000          ; High Pulse Width ; Controller:control|y.IDLE ; Rise       ; control|Selector7~1|datac       ;
; 0.595 ; 0.595        ; 0.000          ; High Pulse Width ; Controller:control|y.IDLE ; Rise       ; control|Selector12~0|datac      ;
; 0.596 ; 0.596        ; 0.000          ; High Pulse Width ; Controller:control|y.IDLE ; Rise       ; control|Selector6~0|dataa       ;
; 0.598 ; 0.598        ; 0.000          ; High Pulse Width ; Controller:control|y.IDLE ; Rise       ; control|Selector12~0|combout    ;
; 0.604 ; 0.604        ; 0.000          ; Low Pulse Width  ; Controller:control|y.IDLE ; Fall       ; control|Selector6~0|combout     ;
; 0.615 ; 0.615        ; 0.000          ; High Pulse Width ; Controller:control|y.IDLE ; Rise       ; control|sel2|datad              ;
; 0.620 ; 0.620        ; 0.000          ; High Pulse Width ; Controller:control|y.IDLE ; Rise       ; Controller:control|sel2         ;
; 0.626 ; 0.626        ; 0.000          ; High Pulse Width ; Controller:control|y.IDLE ; Rise       ; control|y.IDLE~clkctrl|inclk[0] ;
; 0.626 ; 0.626        ; 0.000          ; High Pulse Width ; Controller:control|y.IDLE ; Rise       ; control|y.IDLE~clkctrl|outclk   ;
; 0.651 ; 0.651        ; 0.000          ; High Pulse Width ; Controller:control|y.IDLE ; Rise       ; control|rst2|datad              ;
; 0.654 ; 0.654        ; 0.000          ; High Pulse Width ; Controller:control|y.IDLE ; Rise       ; Controller:control|mul_rst      ;
; 0.656 ; 0.656        ; 0.000          ; High Pulse Width ; Controller:control|y.IDLE ; Rise       ; Controller:control|rst2         ;
; 0.658 ; 0.658        ; 0.000          ; High Pulse Width ; Controller:control|y.IDLE ; Rise       ; control|mul_rst|datac           ;
+-------+--------------+----------------+------------------+---------------------------+------------+---------------------------------+


+-----------------------------------------------------------------------------------------------------+
; Setup Times                                                                                         ;
+------------+-----------------------------+-------+-------+------------+-----------------------------+
; Data Port  ; Clock Port                  ; Rise  ; Fall  ; Clock Edge ; Clock Reference             ;
+------------+-----------------------------+-------+-------+------------+-----------------------------+
; req        ; Controller:control|y.IDLE   ; 2.021 ; 2.276 ; Rise       ; Controller:control|y.IDLE   ;
; n_iter[*]  ; Controller:control|y.REPORT ; 1.669 ; 2.277 ; Rise       ; Controller:control|y.REPORT ;
;  n_iter[0] ; Controller:control|y.REPORT ; 0.728 ; 0.980 ; Rise       ; Controller:control|y.REPORT ;
;  n_iter[1] ; Controller:control|y.REPORT ; 1.464 ; 2.070 ; Rise       ; Controller:control|y.REPORT ;
;  n_iter[2] ; Controller:control|y.REPORT ; 1.579 ; 2.186 ; Rise       ; Controller:control|y.REPORT ;
;  n_iter[3] ; Controller:control|y.REPORT ; 1.669 ; 2.277 ; Rise       ; Controller:control|y.REPORT ;
; req        ; Controller:control|y.REPORT ; 0.470 ; 0.748 ; Rise       ; Controller:control|y.REPORT ;
; req        ; Controller:control|y.REPORT ; 1.587 ; 1.841 ; Fall       ; Controller:control|y.REPORT ;
; x_in[*]    ; clk                         ; 1.015 ; 1.656 ; Rise       ; clk                         ;
;  x_in[0]   ; clk                         ; 0.811 ; 1.419 ; Rise       ; clk                         ;
;  x_in[1]   ; clk                         ; 0.959 ; 1.578 ; Rise       ; clk                         ;
;  x_in[2]   ; clk                         ; 0.854 ; 1.470 ; Rise       ; clk                         ;
;  x_in[3]   ; clk                         ; 0.833 ; 1.458 ; Rise       ; clk                         ;
;  x_in[4]   ; clk                         ; 0.777 ; 1.383 ; Rise       ; clk                         ;
;  x_in[5]   ; clk                         ; 0.816 ; 1.426 ; Rise       ; clk                         ;
;  x_in[6]   ; clk                         ; 1.015 ; 1.656 ; Rise       ; clk                         ;
;  x_in[7]   ; clk                         ; 0.791 ; 1.393 ; Rise       ; clk                         ;
+------------+-----------------------------+-------+-------+------------+-----------------------------+


+-------------------------------------------------------------------------------------------------------+
; Hold Times                                                                                            ;
+------------+-----------------------------+--------+--------+------------+-----------------------------+
; Data Port  ; Clock Port                  ; Rise   ; Fall   ; Clock Edge ; Clock Reference             ;
+------------+-----------------------------+--------+--------+------------+-----------------------------+
; req        ; Controller:control|y.IDLE   ; -0.498 ; -0.631 ; Rise       ; Controller:control|y.IDLE   ;
; n_iter[*]  ; Controller:control|y.REPORT ; 0.138  ; -0.147 ; Rise       ; Controller:control|y.REPORT ;
;  n_iter[0] ; Controller:control|y.REPORT ; 0.138  ; -0.147 ; Rise       ; Controller:control|y.REPORT ;
;  n_iter[1] ; Controller:control|y.REPORT ; -0.552 ; -1.185 ; Rise       ; Controller:control|y.REPORT ;
;  n_iter[2] ; Controller:control|y.REPORT ; -0.630 ; -1.277 ; Rise       ; Controller:control|y.REPORT ;
;  n_iter[3] ; Controller:control|y.REPORT ; -0.725 ; -1.369 ; Rise       ; Controller:control|y.REPORT ;
; req        ; Controller:control|y.REPORT ; 0.210  ; -0.064 ; Rise       ; Controller:control|y.REPORT ;
; req        ; Controller:control|y.REPORT ; -0.978 ; -1.237 ; Fall       ; Controller:control|y.REPORT ;
; x_in[*]    ; clk                         ; -0.567 ; -1.156 ; Rise       ; clk                         ;
;  x_in[0]   ; clk                         ; -0.599 ; -1.191 ; Rise       ; clk                         ;
;  x_in[1]   ; clk                         ; -0.738 ; -1.342 ; Rise       ; clk                         ;
;  x_in[2]   ; clk                         ; -0.636 ; -1.237 ; Rise       ; clk                         ;
;  x_in[3]   ; clk                         ; -0.619 ; -1.227 ; Rise       ; clk                         ;
;  x_in[4]   ; clk                         ; -0.567 ; -1.156 ; Rise       ; clk                         ;
;  x_in[5]   ; clk                         ; -0.603 ; -1.198 ; Rise       ; clk                         ;
;  x_in[6]   ; clk                         ; -0.795 ; -1.418 ; Rise       ; clk                         ;
;  x_in[7]   ; clk                         ; -0.579 ; -1.166 ; Rise       ; clk                         ;
+------------+-----------------------------+--------+--------+------------+-----------------------------+


+-----------------------------------------------------------------------------------------------------+
; Clock to Output Times                                                                               ;
+------------+-----------------------------+-------+-------+------------+-----------------------------+
; Data Port  ; Clock Port                  ; Rise  ; Fall  ; Clock Edge ; Clock Reference             ;
+------------+-----------------------------+-------+-------+------------+-----------------------------+
; ack        ; Controller:control|y.IDLE   ; 2.649 ; 2.691 ; Rise       ; Controller:control|y.IDLE   ;
; ack        ; Controller:control|y.REPORT ; 2.836 ; 2.878 ; Fall       ; Controller:control|y.REPORT ;
; x_inv[*]   ; clk                         ; 4.877 ; 5.063 ; Rise       ; clk                         ;
;  x_inv[2]  ; clk                         ; 3.778 ; 3.839 ; Rise       ; clk                         ;
;  x_inv[3]  ; clk                         ; 3.884 ; 3.965 ; Rise       ; clk                         ;
;  x_inv[4]  ; clk                         ; 3.835 ; 3.908 ; Rise       ; clk                         ;
;  x_inv[5]  ; clk                         ; 3.954 ; 4.032 ; Rise       ; clk                         ;
;  x_inv[6]  ; clk                         ; 4.877 ; 5.063 ; Rise       ; clk                         ;
;  x_inv[7]  ; clk                         ; 3.972 ; 4.048 ; Rise       ; clk                         ;
;  x_inv[8]  ; clk                         ; 3.867 ; 3.939 ; Rise       ; clk                         ;
;  x_inv[9]  ; clk                         ; 3.884 ; 3.961 ; Rise       ; clk                         ;
;  x_inv[10] ; clk                         ; 4.793 ; 4.968 ; Rise       ; clk                         ;
;  x_inv[11] ; clk                         ; 3.857 ; 3.928 ; Rise       ; clk                         ;
;  x_inv[12] ; clk                         ; 3.705 ; 3.764 ; Rise       ; clk                         ;
;  x_inv[13] ; clk                         ; 3.915 ; 3.990 ; Rise       ; clk                         ;
;  x_inv[14] ; clk                         ; 4.864 ; 5.056 ; Rise       ; clk                         ;
;  x_inv[15] ; clk                         ; 3.995 ; 4.059 ; Rise       ; clk                         ;
+------------+-----------------------------+-------+-------+------------+-----------------------------+


+-----------------------------------------------------------------------------------------------------+
; Minimum Clock to Output Times                                                                       ;
+------------+-----------------------------+-------+-------+------------+-----------------------------+
; Data Port  ; Clock Port                  ; Rise  ; Fall  ; Clock Edge ; Clock Reference             ;
+------------+-----------------------------+-------+-------+------------+-----------------------------+
; ack        ; Controller:control|y.IDLE   ; 2.564 ; 2.603 ; Rise       ; Controller:control|y.IDLE   ;
; ack        ; Controller:control|y.REPORT ; 2.696 ; 2.735 ; Fall       ; Controller:control|y.REPORT ;
; x_inv[*]   ; clk                         ; 3.584 ; 3.640 ; Rise       ; clk                         ;
;  x_inv[2]  ; clk                         ; 3.655 ; 3.712 ; Rise       ; clk                         ;
;  x_inv[3]  ; clk                         ; 3.758 ; 3.835 ; Rise       ; clk                         ;
;  x_inv[4]  ; clk                         ; 3.710 ; 3.779 ; Rise       ; clk                         ;
;  x_inv[5]  ; clk                         ; 3.825 ; 3.899 ; Rise       ; clk                         ;
;  x_inv[6]  ; clk                         ; 4.748 ; 4.929 ; Rise       ; clk                         ;
;  x_inv[7]  ; clk                         ; 3.843 ; 3.914 ; Rise       ; clk                         ;
;  x_inv[8]  ; clk                         ; 3.742 ; 3.811 ; Rise       ; clk                         ;
;  x_inv[9]  ; clk                         ; 3.758 ; 3.831 ; Rise       ; clk                         ;
;  x_inv[10] ; clk                         ; 4.667 ; 4.838 ; Rise       ; clk                         ;
;  x_inv[11] ; clk                         ; 3.731 ; 3.800 ; Rise       ; clk                         ;
;  x_inv[12] ; clk                         ; 3.584 ; 3.640 ; Rise       ; clk                         ;
;  x_inv[13] ; clk                         ; 3.787 ; 3.858 ; Rise       ; clk                         ;
;  x_inv[14] ; clk                         ; 4.734 ; 4.922 ; Rise       ; clk                         ;
;  x_inv[15] ; clk                         ; 3.873 ; 3.933 ; Rise       ; clk                         ;
+------------+-----------------------------+-------+-------+------------+-----------------------------+


---------------------------------------------
; Fast 1200mV 0C Model Metastability Report ;
---------------------------------------------
No synchronizer chains to report.


+----------------------------------------------------------------------------------------------+
; Multicorner Timing Analysis Summary                                                          ;
+------------------------------+----------+---------+----------+---------+---------------------+
; Clock                        ; Setup    ; Hold    ; Recovery ; Removal ; Minimum Pulse Width ;
+------------------------------+----------+---------+----------+---------+---------------------+
; Worst-case Slack             ; -4.180   ; -2.530  ; -1.285   ; 0.684   ; -3.000              ;
;  Controller:control|y.IDLE   ; -4.180   ; -0.829  ; N/A      ; N/A     ; 0.336               ;
;  Controller:control|y.REPORT ; -3.581   ; -2.530  ; N/A      ; N/A     ; 0.325               ;
;  clk                         ; -1.958   ; -0.329  ; -1.285   ; 0.684   ; -3.000              ;
; Design-wide TNS              ; -125.282 ; -11.588 ; -21.227  ; 0.0     ; -94.134             ;
;  Controller:control|y.IDLE   ; -25.478  ; -1.667  ; N/A      ; N/A     ; 0.000               ;
;  Controller:control|y.REPORT ; -16.070  ; -5.598  ; N/A      ; N/A     ; 0.000               ;
;  clk                         ; -83.734  ; -5.240  ; -21.227  ; 0.000   ; -94.134             ;
+------------------------------+----------+---------+----------+---------+---------------------+


+-----------------------------------------------------------------------------------------------------+
; Setup Times                                                                                         ;
+------------+-----------------------------+-------+-------+------------+-----------------------------+
; Data Port  ; Clock Port                  ; Rise  ; Fall  ; Clock Edge ; Clock Reference             ;
+------------+-----------------------------+-------+-------+------------+-----------------------------+
; req        ; Controller:control|y.IDLE   ; 3.416 ; 3.508 ; Rise       ; Controller:control|y.IDLE   ;
; n_iter[*]  ; Controller:control|y.REPORT ; 3.004 ; 3.430 ; Rise       ; Controller:control|y.REPORT ;
;  n_iter[0] ; Controller:control|y.REPORT ; 1.279 ; 1.358 ; Rise       ; Controller:control|y.REPORT ;
;  n_iter[1] ; Controller:control|y.REPORT ; 2.714 ; 3.114 ; Rise       ; Controller:control|y.REPORT ;
;  n_iter[2] ; Controller:control|y.REPORT ; 2.885 ; 3.333 ; Rise       ; Controller:control|y.REPORT ;
;  n_iter[3] ; Controller:control|y.REPORT ; 3.004 ; 3.430 ; Rise       ; Controller:control|y.REPORT ;
; req        ; Controller:control|y.REPORT ; 0.786 ; 0.896 ; Rise       ; Controller:control|y.REPORT ;
; req        ; Controller:control|y.REPORT ; 2.689 ; 2.754 ; Fall       ; Controller:control|y.REPORT ;
; x_in[*]    ; clk                         ; 1.819 ; 2.319 ; Rise       ; clk                         ;
;  x_in[0]   ; clk                         ; 1.463 ; 1.902 ; Rise       ; clk                         ;
;  x_in[1]   ; clk                         ; 1.760 ; 2.179 ; Rise       ; clk                         ;
;  x_in[2]   ; clk                         ; 1.599 ; 2.075 ; Rise       ; clk                         ;
;  x_in[3]   ; clk                         ; 1.534 ; 2.024 ; Rise       ; clk                         ;
;  x_in[4]   ; clk                         ; 1.429 ; 1.866 ; Rise       ; clk                         ;
;  x_in[5]   ; clk                         ; 1.472 ; 1.919 ; Rise       ; clk                         ;
;  x_in[6]   ; clk                         ; 1.819 ; 2.319 ; Rise       ; clk                         ;
;  x_in[7]   ; clk                         ; 1.430 ; 1.886 ; Rise       ; clk                         ;
+------------+-----------------------------+-------+-------+------------+-----------------------------+


+-------------------------------------------------------------------------------------------------------+
; Hold Times                                                                                            ;
+------------+-----------------------------+--------+--------+------------+-----------------------------+
; Data Port  ; Clock Port                  ; Rise   ; Fall   ; Clock Edge ; Clock Reference             ;
+------------+-----------------------------+--------+--------+------------+-----------------------------+
; req        ; Controller:control|y.IDLE   ; -0.498 ; -0.631 ; Rise       ; Controller:control|y.IDLE   ;
; n_iter[*]  ; Controller:control|y.REPORT ; 0.278  ; 0.114  ; Rise       ; Controller:control|y.REPORT ;
;  n_iter[0] ; Controller:control|y.REPORT ; 0.278  ; 0.114  ; Rise       ; Controller:control|y.REPORT ;
;  n_iter[1] ; Controller:control|y.REPORT ; -0.552 ; -1.185 ; Rise       ; Controller:control|y.REPORT ;
;  n_iter[2] ; Controller:control|y.REPORT ; -0.630 ; -1.277 ; Rise       ; Controller:control|y.REPORT ;
;  n_iter[3] ; Controller:control|y.REPORT ; -0.725 ; -1.369 ; Rise       ; Controller:control|y.REPORT ;
; req        ; Controller:control|y.REPORT ; 0.418  ; 0.320  ; Rise       ; Controller:control|y.REPORT ;
; req        ; Controller:control|y.REPORT ; -0.978 ; -1.237 ; Fall       ; Controller:control|y.REPORT ;
; x_in[*]    ; clk                         ; -0.567 ; -1.156 ; Rise       ; clk                         ;
;  x_in[0]   ; clk                         ; -0.599 ; -1.191 ; Rise       ; clk                         ;
;  x_in[1]   ; clk                         ; -0.738 ; -1.342 ; Rise       ; clk                         ;
;  x_in[2]   ; clk                         ; -0.636 ; -1.237 ; Rise       ; clk                         ;
;  x_in[3]   ; clk                         ; -0.619 ; -1.227 ; Rise       ; clk                         ;
;  x_in[4]   ; clk                         ; -0.567 ; -1.156 ; Rise       ; clk                         ;
;  x_in[5]   ; clk                         ; -0.603 ; -1.198 ; Rise       ; clk                         ;
;  x_in[6]   ; clk                         ; -0.795 ; -1.418 ; Rise       ; clk                         ;
;  x_in[7]   ; clk                         ; -0.579 ; -1.166 ; Rise       ; clk                         ;
+------------+-----------------------------+--------+--------+------------+-----------------------------+


+-----------------------------------------------------------------------------------------------------+
; Clock to Output Times                                                                               ;
+------------+-----------------------------+-------+-------+------------+-----------------------------+
; Data Port  ; Clock Port                  ; Rise  ; Fall  ; Clock Edge ; Clock Reference             ;
+------------+-----------------------------+-------+-------+------------+-----------------------------+
; ack        ; Controller:control|y.IDLE   ; 4.553 ; 4.486 ; Rise       ; Controller:control|y.IDLE   ;
; ack        ; Controller:control|y.REPORT ; 4.888 ; 4.821 ; Fall       ; Controller:control|y.REPORT ;
; x_inv[*]   ; clk                         ; 8.026 ; 8.136 ; Rise       ; clk                         ;
;  x_inv[2]  ; clk                         ; 6.457 ; 6.392 ; Rise       ; clk                         ;
;  x_inv[3]  ; clk                         ; 6.614 ; 6.570 ; Rise       ; clk                         ;
;  x_inv[4]  ; clk                         ; 6.542 ; 6.497 ; Rise       ; clk                         ;
;  x_inv[5]  ; clk                         ; 6.709 ; 6.652 ; Rise       ; clk                         ;
;  x_inv[6]  ; clk                         ; 8.006 ; 8.101 ; Rise       ; clk                         ;
;  x_inv[7]  ; clk                         ; 6.735 ; 6.710 ; Rise       ; clk                         ;
;  x_inv[8]  ; clk                         ; 6.570 ; 6.532 ; Rise       ; clk                         ;
;  x_inv[9]  ; clk                         ; 6.612 ; 6.577 ; Rise       ; clk                         ;
;  x_inv[10] ; clk                         ; 7.860 ; 7.944 ; Rise       ; clk                         ;
;  x_inv[11] ; clk                         ; 6.552 ; 6.542 ; Rise       ; clk                         ;
;  x_inv[12] ; clk                         ; 6.288 ; 6.282 ; Rise       ; clk                         ;
;  x_inv[13] ; clk                         ; 6.693 ; 6.646 ; Rise       ; clk                         ;
;  x_inv[14] ; clk                         ; 8.026 ; 8.136 ; Rise       ; clk                         ;
;  x_inv[15] ; clk                         ; 6.721 ; 6.718 ; Rise       ; clk                         ;
+------------+-----------------------------+-------+-------+------------+-----------------------------+


+-----------------------------------------------------------------------------------------------------+
; Minimum Clock to Output Times                                                                       ;
+------------+-----------------------------+-------+-------+------------+-----------------------------+
; Data Port  ; Clock Port                  ; Rise  ; Fall  ; Clock Edge ; Clock Reference             ;
+------------+-----------------------------+-------+-------+------------+-----------------------------+
; ack        ; Controller:control|y.IDLE   ; 2.564 ; 2.603 ; Rise       ; Controller:control|y.IDLE   ;
; ack        ; Controller:control|y.REPORT ; 2.696 ; 2.735 ; Fall       ; Controller:control|y.REPORT ;
; x_inv[*]   ; clk                         ; 3.584 ; 3.640 ; Rise       ; clk                         ;
;  x_inv[2]  ; clk                         ; 3.655 ; 3.712 ; Rise       ; clk                         ;
;  x_inv[3]  ; clk                         ; 3.758 ; 3.835 ; Rise       ; clk                         ;
;  x_inv[4]  ; clk                         ; 3.710 ; 3.779 ; Rise       ; clk                         ;
;  x_inv[5]  ; clk                         ; 3.825 ; 3.899 ; Rise       ; clk                         ;
;  x_inv[6]  ; clk                         ; 4.748 ; 4.929 ; Rise       ; clk                         ;
;  x_inv[7]  ; clk                         ; 3.843 ; 3.914 ; Rise       ; clk                         ;
;  x_inv[8]  ; clk                         ; 3.742 ; 3.811 ; Rise       ; clk                         ;
;  x_inv[9]  ; clk                         ; 3.758 ; 3.831 ; Rise       ; clk                         ;
;  x_inv[10] ; clk                         ; 4.667 ; 4.838 ; Rise       ; clk                         ;
;  x_inv[11] ; clk                         ; 3.731 ; 3.800 ; Rise       ; clk                         ;
;  x_inv[12] ; clk                         ; 3.584 ; 3.640 ; Rise       ; clk                         ;
;  x_inv[13] ; clk                         ; 3.787 ; 3.858 ; Rise       ; clk                         ;
;  x_inv[14] ; clk                         ; 4.734 ; 4.922 ; Rise       ; clk                         ;
;  x_inv[15] ; clk                         ; 3.873 ; 3.933 ; Rise       ; clk                         ;
+------------+-----------------------------+-------+-------+------------+-----------------------------+


+------------------------------------------------------------------------------------------------------------------------------------------------------------------------------------------------------------------------------------------------------------------------------------------------------------------------------------------------------------------------------------------------------------------+
; Board Trace Model Assignments                                                                                                                                                                                                                                                                                                                                                                                    ;
+---------------+--------------+-------------------+-------------------------+-------------------------+---------------+---------------------+----------------+------------------+--------+------------------+------------------------+------------------------+--------------+---------------+-----------------+-------+---------------------+--------------------+---------------+-----------------+-------------+
; Pin           ; I/O Standard ; Near Tline Length ; Near Tline L per Length ; Near Tline C per Length ; Near Series R ; Near Differential R ; Near Pull-up R ; Near Pull-down R ; Near C ; Far Tline Length ; Far Tline L per Length ; Far Tline C per Length ; Far Series R ; Far Pull-up R ; Far Pull-down R ; Far C ; Termination Voltage ; Far Differential R ; EBD File Name ; EBD Signal Name ; EBD Far-end ;
+---------------+--------------+-------------------+-------------------------+-------------------------+---------------+---------------------+----------------+------------------+--------+------------------+------------------------+------------------------+--------------+---------------+-----------------+-------+---------------------+--------------------+---------------+-----------------+-------------+
; ack           ; 2.5 V        ; 0 in              ; 0 H/in                  ; 0 F/in                  ; short         ; -                   ; open           ; open             ; open   ; 0 in             ; 0 H/in                 ; 0 F/in                 ; short        ; open          ; open            ; open  ; 0 V                 ; -                  ; n/a           ; n/a             ; n/a         ;
; x_inv[0]      ; 2.5 V        ; 0 in              ; 0 H/in                  ; 0 F/in                  ; short         ; -                   ; open           ; open             ; open   ; 0 in             ; 0 H/in                 ; 0 F/in                 ; short        ; open          ; open            ; open  ; 0 V                 ; -                  ; n/a           ; n/a             ; n/a         ;
; x_inv[1]      ; 2.5 V        ; 0 in              ; 0 H/in                  ; 0 F/in                  ; short         ; -                   ; open           ; open             ; open   ; 0 in             ; 0 H/in                 ; 0 F/in                 ; short        ; open          ; open            ; open  ; 0 V                 ; -                  ; n/a           ; n/a             ; n/a         ;
; x_inv[2]      ; 2.5 V        ; 0 in              ; 0 H/in                  ; 0 F/in                  ; short         ; -                   ; open           ; open             ; open   ; 0 in             ; 0 H/in                 ; 0 F/in                 ; short        ; open          ; open            ; open  ; 0 V                 ; -                  ; n/a           ; n/a             ; n/a         ;
; x_inv[3]      ; 2.5 V        ; 0 in              ; 0 H/in                  ; 0 F/in                  ; short         ; -                   ; open           ; open             ; open   ; 0 in             ; 0 H/in                 ; 0 F/in                 ; short        ; open          ; open            ; open  ; 0 V                 ; -                  ; n/a           ; n/a             ; n/a         ;
; x_inv[4]      ; 2.5 V        ; 0 in              ; 0 H/in                  ; 0 F/in                  ; short         ; -                   ; open           ; open             ; open   ; 0 in             ; 0 H/in                 ; 0 F/in                 ; short        ; open          ; open            ; open  ; 0 V                 ; -                  ; n/a           ; n/a             ; n/a         ;
; x_inv[5]      ; 2.5 V        ; 0 in              ; 0 H/in                  ; 0 F/in                  ; short         ; -                   ; open           ; open             ; open   ; 0 in             ; 0 H/in                 ; 0 F/in                 ; short        ; open          ; open            ; open  ; 0 V                 ; -                  ; n/a           ; n/a             ; n/a         ;
; x_inv[6]      ; 2.5 V        ; 0 in              ; 0 H/in                  ; 0 F/in                  ; short         ; -                   ; open           ; open             ; open   ; 0 in             ; 0 H/in                 ; 0 F/in                 ; short        ; open          ; open            ; open  ; 0 V                 ; -                  ; n/a           ; n/a             ; n/a         ;
; x_inv[7]      ; 2.5 V        ; 0 in              ; 0 H/in                  ; 0 F/in                  ; short         ; -                   ; open           ; open             ; open   ; 0 in             ; 0 H/in                 ; 0 F/in                 ; short        ; open          ; open            ; open  ; 0 V                 ; -                  ; n/a           ; n/a             ; n/a         ;
; x_inv[8]      ; 2.5 V        ; 0 in              ; 0 H/in                  ; 0 F/in                  ; short         ; -                   ; open           ; open             ; open   ; 0 in             ; 0 H/in                 ; 0 F/in                 ; short        ; open          ; open            ; open  ; 0 V                 ; -                  ; n/a           ; n/a             ; n/a         ;
; x_inv[9]      ; 2.5 V        ; 0 in              ; 0 H/in                  ; 0 F/in                  ; short         ; -                   ; open           ; open             ; open   ; 0 in             ; 0 H/in                 ; 0 F/in                 ; short        ; open          ; open            ; open  ; 0 V                 ; -                  ; n/a           ; n/a             ; n/a         ;
; x_inv[10]     ; 2.5 V        ; 0 in              ; 0 H/in                  ; 0 F/in                  ; short         ; -                   ; open           ; open             ; open   ; 0 in             ; 0 H/in                 ; 0 F/in                 ; short        ; open          ; open            ; open  ; 0 V                 ; -                  ; n/a           ; n/a             ; n/a         ;
; x_inv[11]     ; 2.5 V        ; 0 in              ; 0 H/in                  ; 0 F/in                  ; short         ; -                   ; open           ; open             ; open   ; 0 in             ; 0 H/in                 ; 0 F/in                 ; short        ; open          ; open            ; open  ; 0 V                 ; -                  ; n/a           ; n/a             ; n/a         ;
; x_inv[12]     ; 2.5 V        ; 0 in              ; 0 H/in                  ; 0 F/in                  ; short         ; -                   ; open           ; open             ; open   ; 0 in             ; 0 H/in                 ; 0 F/in                 ; short        ; open          ; open            ; open  ; 0 V                 ; -                  ; n/a           ; n/a             ; n/a         ;
; x_inv[13]     ; 2.5 V        ; 0 in              ; 0 H/in                  ; 0 F/in                  ; short         ; -                   ; open           ; open             ; open   ; 0 in             ; 0 H/in                 ; 0 F/in                 ; short        ; open          ; open            ; open  ; 0 V                 ; -                  ; n/a           ; n/a             ; n/a         ;
; x_inv[14]     ; 2.5 V        ; 0 in              ; 0 H/in                  ; 0 F/in                  ; short         ; -                   ; open           ; open             ; open   ; 0 in             ; 0 H/in                 ; 0 F/in                 ; short        ; open          ; open            ; open  ; 0 V                 ; -                  ; n/a           ; n/a             ; n/a         ;
; x_inv[15]     ; 2.5 V        ; 0 in              ; 0 H/in                  ; 0 F/in                  ; short         ; -                   ; open           ; open             ; open   ; 0 in             ; 0 H/in                 ; 0 F/in                 ; short        ; open          ; open            ; open  ; 0 V                 ; -                  ; n/a           ; n/a             ; n/a         ;
; ~ALTERA_DCLK~ ; 2.5 V        ; 0 in              ; 0 H/in                  ; 0 F/in                  ; short         ; -                   ; open           ; open             ; open   ; 0 in             ; 0 H/in                 ; 0 F/in                 ; short        ; open          ; open            ; open  ; 0 V                 ; -                  ; n/a           ; n/a             ; n/a         ;
; ~ALTERA_nCEO~ ; 2.5 V        ; 0 in              ; 0 H/in                  ; 0 F/in                  ; short         ; -                   ; open           ; open             ; open   ; 0 in             ; 0 H/in                 ; 0 F/in                 ; short        ; open          ; open            ; open  ; 0 V                 ; -                  ; n/a           ; n/a             ; n/a         ;
+---------------+--------------+-------------------+-------------------------+-------------------------+---------------+---------------------+----------------+------------------+--------+------------------+------------------------+------------------------+--------------+---------------+-----------------+-------+---------------------+--------------------+---------------+-----------------+-------------+


+----------------------------------------------------------------------------+
; Input Transition Times                                                     ;
+-------------------------+--------------+-----------------+-----------------+
; Pin                     ; I/O Standard ; 10-90 Rise Time ; 90-10 Fall Time ;
+-------------------------+--------------+-----------------+-----------------+
; req                     ; 2.5 V        ; 2000 ps         ; 2000 ps         ;
; n_iter[0]               ; 2.5 V        ; 2000 ps         ; 2000 ps         ;
; n_iter[1]               ; 2.5 V        ; 2000 ps         ; 2000 ps         ;
; n_iter[2]               ; 2.5 V        ; 2000 ps         ; 2000 ps         ;
; n_iter[3]               ; 2.5 V        ; 2000 ps         ; 2000 ps         ;
; clk                     ; 2.5 V        ; 2000 ps         ; 2000 ps         ;
; rst                     ; 2.5 V        ; 2000 ps         ; 2000 ps         ;
; x_in[0]                 ; 2.5 V        ; 2000 ps         ; 2000 ps         ;
; x_in[7]                 ; 2.5 V        ; 2000 ps         ; 2000 ps         ;
; x_in[6]                 ; 2.5 V        ; 2000 ps         ; 2000 ps         ;
; x_in[5]                 ; 2.5 V        ; 2000 ps         ; 2000 ps         ;
; x_in[4]                 ; 2.5 V        ; 2000 ps         ; 2000 ps         ;
; x_in[3]                 ; 2.5 V        ; 2000 ps         ; 2000 ps         ;
; x_in[2]                 ; 2.5 V        ; 2000 ps         ; 2000 ps         ;
; x_in[1]                 ; 2.5 V        ; 2000 ps         ; 2000 ps         ;
; ~ALTERA_ASDO_DATA1~     ; 2.5 V        ; 2000 ps         ; 2000 ps         ;
; ~ALTERA_FLASH_nCE_nCSO~ ; 2.5 V        ; 2000 ps         ; 2000 ps         ;
; ~ALTERA_DATA0~          ; 2.5 V        ; 2000 ps         ; 2000 ps         ;
+-------------------------+--------------+-----------------+-----------------+


+--------------------------------------------------------------------------------------------------------------------------------------------------------------------------------------------------------------------------------------------------------------------------------------------------------------------------------------------------------------------------------------------------------------------------------------------------------------------------------------------------------------------------------------------------------------------------------------------------------------------------------------------------------------------------------------------+
; Signal Integrity Metrics (Slow 1200mv 0c Model)                                                                                                                                                                                                                                                                                                                                                                                                                                                                                                                                                                                                                                            ;
+---------------+--------------+---------------------+---------------------+------------------------------+------------------------------+---------------------+---------------------+--------------------------------------+--------------------------------------+-----------------------------+-----------------------------+----------------------------+----------------------------+-----------------------------+-----------------------------+--------------------+--------------------+-------------------------------------+-------------------------------------+----------------------------+----------------------------+---------------------------+---------------------------+
; Pin           ; I/O Standard ; Board Delay on Rise ; Board Delay on Fall ; Steady State Voh at FPGA Pin ; Steady State Vol at FPGA Pin ; Voh Max at FPGA Pin ; Vol Min at FPGA Pin ; Ringback Voltage on Rise at FPGA Pin ; Ringback Voltage on Fall at FPGA Pin ; 10-90 Rise Time at FPGA Pin ; 90-10 Fall Time at FPGA Pin ; Monotonic Rise at FPGA Pin ; Monotonic Fall at FPGA Pin ; Steady State Voh at Far-end ; Steady State Vol at Far-end ; Voh Max at Far-end ; Vol Min at Far-end ; Ringback Voltage on Rise at Far-end ; Ringback Voltage on Fall at Far-end ; 10-90 Rise Time at Far-end ; 90-10 Fall Time at Far-end ; Monotonic Rise at Far-end ; Monotonic Fall at Far-end ;
+---------------+--------------+---------------------+---------------------+------------------------------+------------------------------+---------------------+---------------------+--------------------------------------+--------------------------------------+-----------------------------+-----------------------------+----------------------------+----------------------------+-----------------------------+-----------------------------+--------------------+--------------------+-------------------------------------+-------------------------------------+----------------------------+----------------------------+---------------------------+---------------------------+
; ack           ; 2.5 V        ; 0 s                 ; 0 s                 ; 2.32 V                       ; 6.18e-09 V                   ; 2.39 V              ; -0.0371 V           ; 0.244 V                              ; 0.052 V                              ; 3.07e-10 s                  ; 3.31e-10 s                  ; No                         ; Yes                        ; 2.32 V                      ; 6.18e-09 V                  ; 2.39 V             ; -0.0371 V          ; 0.244 V                             ; 0.052 V                             ; 3.07e-10 s                 ; 3.31e-10 s                 ; No                        ; Yes                       ;
; x_inv[0]      ; 2.5 V        ; 0 s                 ; 0 s                 ; 2.32 V                       ; 6.18e-09 V                   ; 2.39 V              ; -0.0371 V           ; 0.244 V                              ; 0.052 V                              ; 3.07e-10 s                  ; 3.31e-10 s                  ; No                         ; Yes                        ; 2.32 V                      ; 6.18e-09 V                  ; 2.39 V             ; -0.0371 V          ; 0.244 V                             ; 0.052 V                             ; 3.07e-10 s                 ; 3.31e-10 s                 ; No                        ; Yes                       ;
; x_inv[1]      ; 2.5 V        ; 0 s                 ; 0 s                 ; 2.32 V                       ; 4.29e-09 V                   ; 2.37 V              ; -0.0215 V           ; 0.147 V                              ; 0.101 V                              ; 6.83e-10 s                  ; 6.56e-10 s                  ; No                         ; Yes                        ; 2.32 V                      ; 4.29e-09 V                  ; 2.37 V             ; -0.0215 V          ; 0.147 V                             ; 0.101 V                             ; 6.83e-10 s                 ; 6.56e-10 s                 ; No                        ; Yes                       ;
; x_inv[2]      ; 2.5 V        ; 0 s                 ; 0 s                 ; 2.32 V                       ; 6.18e-09 V                   ; 2.39 V              ; -0.0371 V           ; 0.244 V                              ; 0.052 V                              ; 3.07e-10 s                  ; 3.31e-10 s                  ; No                         ; Yes                        ; 2.32 V                      ; 6.18e-09 V                  ; 2.39 V             ; -0.0371 V          ; 0.244 V                             ; 0.052 V                             ; 3.07e-10 s                 ; 3.31e-10 s                 ; No                        ; Yes                       ;
; x_inv[3]      ; 2.5 V        ; 0 s                 ; 0 s                 ; 2.32 V                       ; 6.18e-09 V                   ; 2.39 V              ; -0.0371 V           ; 0.244 V                              ; 0.052 V                              ; 3.07e-10 s                  ; 3.31e-10 s                  ; No                         ; Yes                        ; 2.32 V                      ; 6.18e-09 V                  ; 2.39 V             ; -0.0371 V          ; 0.244 V                             ; 0.052 V                             ; 3.07e-10 s                 ; 3.31e-10 s                 ; No                        ; Yes                       ;
; x_inv[4]      ; 2.5 V        ; 0 s                 ; 0 s                 ; 2.32 V                       ; 6.18e-09 V                   ; 2.39 V              ; -0.0371 V           ; 0.244 V                              ; 0.052 V                              ; 3.07e-10 s                  ; 3.31e-10 s                  ; No                         ; Yes                        ; 2.32 V                      ; 6.18e-09 V                  ; 2.39 V             ; -0.0371 V          ; 0.244 V                             ; 0.052 V                             ; 3.07e-10 s                 ; 3.31e-10 s                 ; No                        ; Yes                       ;
; x_inv[5]      ; 2.5 V        ; 0 s                 ; 0 s                 ; 2.32 V                       ; 6.18e-09 V                   ; 2.39 V              ; -0.0371 V           ; 0.244 V                              ; 0.052 V                              ; 3.07e-10 s                  ; 3.31e-10 s                  ; No                         ; Yes                        ; 2.32 V                      ; 6.18e-09 V                  ; 2.39 V             ; -0.0371 V          ; 0.244 V                             ; 0.052 V                             ; 3.07e-10 s                 ; 3.31e-10 s                 ; No                        ; Yes                       ;
; x_inv[6]      ; 2.5 V        ; 0 s                 ; 0 s                 ; 2.32 V                       ; 6.18e-09 V                   ; 2.33 V              ; -0.00637 V          ; 0.193 V                              ; 0.111 V                              ; 2.82e-09 s                  ; 2.64e-09 s                  ; No                         ; Yes                        ; 2.32 V                      ; 6.18e-09 V                  ; 2.33 V             ; -0.00637 V         ; 0.193 V                             ; 0.111 V                             ; 2.82e-09 s                 ; 2.64e-09 s                 ; No                        ; Yes                       ;
; x_inv[7]      ; 2.5 V        ; 0 s                 ; 0 s                 ; 2.32 V                       ; 6.18e-09 V                   ; 2.39 V              ; -0.0371 V           ; 0.244 V                              ; 0.052 V                              ; 3.07e-10 s                  ; 3.31e-10 s                  ; No                         ; Yes                        ; 2.32 V                      ; 6.18e-09 V                  ; 2.39 V             ; -0.0371 V          ; 0.244 V                             ; 0.052 V                             ; 3.07e-10 s                 ; 3.31e-10 s                 ; No                        ; Yes                       ;
; x_inv[8]      ; 2.5 V        ; 0 s                 ; 0 s                 ; 2.32 V                       ; 6.18e-09 V                   ; 2.39 V              ; -0.0371 V           ; 0.244 V                              ; 0.052 V                              ; 3.07e-10 s                  ; 3.31e-10 s                  ; No                         ; Yes                        ; 2.32 V                      ; 6.18e-09 V                  ; 2.39 V             ; -0.0371 V          ; 0.244 V                             ; 0.052 V                             ; 3.07e-10 s                 ; 3.31e-10 s                 ; No                        ; Yes                       ;
; x_inv[9]      ; 2.5 V        ; 0 s                 ; 0 s                 ; 2.32 V                       ; 6.18e-09 V                   ; 2.39 V              ; -0.0371 V           ; 0.244 V                              ; 0.052 V                              ; 3.07e-10 s                  ; 3.31e-10 s                  ; No                         ; Yes                        ; 2.32 V                      ; 6.18e-09 V                  ; 2.39 V             ; -0.0371 V          ; 0.244 V                             ; 0.052 V                             ; 3.07e-10 s                 ; 3.31e-10 s                 ; No                        ; Yes                       ;
; x_inv[10]     ; 2.5 V        ; 0 s                 ; 0 s                 ; 2.32 V                       ; 6.18e-09 V                   ; 2.33 V              ; -0.00637 V          ; 0.193 V                              ; 0.111 V                              ; 2.82e-09 s                  ; 2.64e-09 s                  ; No                         ; Yes                        ; 2.32 V                      ; 6.18e-09 V                  ; 2.33 V             ; -0.00637 V         ; 0.193 V                             ; 0.111 V                             ; 2.82e-09 s                 ; 2.64e-09 s                 ; No                        ; Yes                       ;
; x_inv[11]     ; 2.5 V        ; 0 s                 ; 0 s                 ; 2.32 V                       ; 6.18e-09 V                   ; 2.39 V              ; -0.0371 V           ; 0.244 V                              ; 0.052 V                              ; 3.07e-10 s                  ; 3.31e-10 s                  ; No                         ; Yes                        ; 2.32 V                      ; 6.18e-09 V                  ; 2.39 V             ; -0.0371 V          ; 0.244 V                             ; 0.052 V                             ; 3.07e-10 s                 ; 3.31e-10 s                 ; No                        ; Yes                       ;
; x_inv[12]     ; 2.5 V        ; 0 s                 ; 0 s                 ; 2.32 V                       ; 6.18e-09 V                   ; 2.39 V              ; -0.0371 V           ; 0.244 V                              ; 0.052 V                              ; 3.07e-10 s                  ; 3.31e-10 s                  ; No                         ; Yes                        ; 2.32 V                      ; 6.18e-09 V                  ; 2.39 V             ; -0.0371 V          ; 0.244 V                             ; 0.052 V                             ; 3.07e-10 s                 ; 3.31e-10 s                 ; No                        ; Yes                       ;
; x_inv[13]     ; 2.5 V        ; 0 s                 ; 0 s                 ; 2.32 V                       ; 6.18e-09 V                   ; 2.39 V              ; -0.0371 V           ; 0.244 V                              ; 0.052 V                              ; 3.07e-10 s                  ; 3.31e-10 s                  ; No                         ; Yes                        ; 2.32 V                      ; 6.18e-09 V                  ; 2.39 V             ; -0.0371 V          ; 0.244 V                             ; 0.052 V                             ; 3.07e-10 s                 ; 3.31e-10 s                 ; No                        ; Yes                       ;
; x_inv[14]     ; 2.5 V        ; 0 s                 ; 0 s                 ; 2.32 V                       ; 6.18e-09 V                   ; 2.33 V              ; -0.00637 V          ; 0.193 V                              ; 0.111 V                              ; 2.82e-09 s                  ; 2.64e-09 s                  ; No                         ; Yes                        ; 2.32 V                      ; 6.18e-09 V                  ; 2.33 V             ; -0.00637 V         ; 0.193 V                             ; 0.111 V                             ; 2.82e-09 s                 ; 2.64e-09 s                 ; No                        ; Yes                       ;
; x_inv[15]     ; 2.5 V        ; 0 s                 ; 0 s                 ; 2.32 V                       ; 4.29e-09 V                   ; 2.37 V              ; -0.0215 V           ; 0.147 V                              ; 0.101 V                              ; 6.83e-10 s                  ; 6.56e-10 s                  ; No                         ; Yes                        ; 2.32 V                      ; 4.29e-09 V                  ; 2.37 V             ; -0.0215 V          ; 0.147 V                             ; 0.101 V                             ; 6.83e-10 s                 ; 6.56e-10 s                 ; No                        ; Yes                       ;
; ~ALTERA_DCLK~ ; 2.5 V        ; 0 s                 ; 0 s                 ; 2.32 V                       ; 3.53e-09 V                   ; 2.38 V              ; -0.0337 V           ; 0.137 V                              ; 0.057 V                              ; 4.67e-10 s                  ; 4.1e-10 s                   ; Yes                        ; Yes                        ; 2.32 V                      ; 3.53e-09 V                  ; 2.38 V             ; -0.0337 V          ; 0.137 V                             ; 0.057 V                             ; 4.67e-10 s                 ; 4.1e-10 s                  ; Yes                       ; Yes                       ;
; ~ALTERA_nCEO~ ; 2.5 V        ; 0 s                 ; 0 s                 ; 2.32 V                       ; 5.65e-09 V                   ; 2.37 V              ; -0.00886 V          ; 0.12 V                               ; 0.027 V                              ; 6.61e-10 s                  ; 7.9e-10 s                   ; No                         ; Yes                        ; 2.32 V                      ; 5.65e-09 V                  ; 2.37 V             ; -0.00886 V         ; 0.12 V                              ; 0.027 V                             ; 6.61e-10 s                 ; 7.9e-10 s                  ; No                        ; Yes                       ;
+---------------+--------------+---------------------+---------------------+------------------------------+------------------------------+---------------------+---------------------+--------------------------------------+--------------------------------------+-----------------------------+-----------------------------+----------------------------+----------------------------+-----------------------------+-----------------------------+--------------------+--------------------+-------------------------------------+-------------------------------------+----------------------------+----------------------------+---------------------------+---------------------------+


+--------------------------------------------------------------------------------------------------------------------------------------------------------------------------------------------------------------------------------------------------------------------------------------------------------------------------------------------------------------------------------------------------------------------------------------------------------------------------------------------------------------------------------------------------------------------------------------------------------------------------------------------------------------------------------------------+
; Signal Integrity Metrics (Slow 1200mv 85c Model)                                                                                                                                                                                                                                                                                                                                                                                                                                                                                                                                                                                                                                           ;
+---------------+--------------+---------------------+---------------------+------------------------------+------------------------------+---------------------+---------------------+--------------------------------------+--------------------------------------+-----------------------------+-----------------------------+----------------------------+----------------------------+-----------------------------+-----------------------------+--------------------+--------------------+-------------------------------------+-------------------------------------+----------------------------+----------------------------+---------------------------+---------------------------+
; Pin           ; I/O Standard ; Board Delay on Rise ; Board Delay on Fall ; Steady State Voh at FPGA Pin ; Steady State Vol at FPGA Pin ; Voh Max at FPGA Pin ; Vol Min at FPGA Pin ; Ringback Voltage on Rise at FPGA Pin ; Ringback Voltage on Fall at FPGA Pin ; 10-90 Rise Time at FPGA Pin ; 90-10 Fall Time at FPGA Pin ; Monotonic Rise at FPGA Pin ; Monotonic Fall at FPGA Pin ; Steady State Voh at Far-end ; Steady State Vol at Far-end ; Voh Max at Far-end ; Vol Min at Far-end ; Ringback Voltage on Rise at Far-end ; Ringback Voltage on Fall at Far-end ; 10-90 Rise Time at Far-end ; 90-10 Fall Time at Far-end ; Monotonic Rise at Far-end ; Monotonic Fall at Far-end ;
+---------------+--------------+---------------------+---------------------+------------------------------+------------------------------+---------------------+---------------------+--------------------------------------+--------------------------------------+-----------------------------+-----------------------------+----------------------------+----------------------------+-----------------------------+-----------------------------+--------------------+--------------------+-------------------------------------+-------------------------------------+----------------------------+----------------------------+---------------------------+---------------------------+
; ack           ; 2.5 V        ; 0 s                 ; 0 s                 ; 2.32 V                       ; 1.08e-06 V                   ; 2.36 V              ; -0.00994 V          ; 0.119 V                              ; 0.02 V                               ; 4.51e-10 s                  ; 4.45e-10 s                  ; Yes                        ; Yes                        ; 2.32 V                      ; 1.08e-06 V                  ; 2.36 V             ; -0.00994 V         ; 0.119 V                             ; 0.02 V                              ; 4.51e-10 s                 ; 4.45e-10 s                 ; Yes                       ; Yes                       ;
; x_inv[0]      ; 2.5 V        ; 0 s                 ; 0 s                 ; 2.32 V                       ; 1.08e-06 V                   ; 2.36 V              ; -0.00994 V          ; 0.119 V                              ; 0.02 V                               ; 4.51e-10 s                  ; 4.45e-10 s                  ; Yes                        ; Yes                        ; 2.32 V                      ; 1.08e-06 V                  ; 2.36 V             ; -0.00994 V         ; 0.119 V                             ; 0.02 V                              ; 4.51e-10 s                 ; 4.45e-10 s                 ; Yes                       ; Yes                       ;
; x_inv[1]      ; 2.5 V        ; 0 s                 ; 0 s                 ; 2.32 V                       ; 7.24e-07 V                   ; 2.35 V              ; -0.011 V            ; 0.111 V                              ; 0.035 V                              ; 7.77e-10 s                  ; 8.06e-10 s                  ; Yes                        ; Yes                        ; 2.32 V                      ; 7.24e-07 V                  ; 2.35 V             ; -0.011 V           ; 0.111 V                             ; 0.035 V                             ; 7.77e-10 s                 ; 8.06e-10 s                 ; Yes                       ; Yes                       ;
; x_inv[2]      ; 2.5 V        ; 0 s                 ; 0 s                 ; 2.32 V                       ; 1.08e-06 V                   ; 2.36 V              ; -0.00994 V          ; 0.119 V                              ; 0.02 V                               ; 4.51e-10 s                  ; 4.45e-10 s                  ; Yes                        ; Yes                        ; 2.32 V                      ; 1.08e-06 V                  ; 2.36 V             ; -0.00994 V         ; 0.119 V                             ; 0.02 V                              ; 4.51e-10 s                 ; 4.45e-10 s                 ; Yes                       ; Yes                       ;
; x_inv[3]      ; 2.5 V        ; 0 s                 ; 0 s                 ; 2.32 V                       ; 1.08e-06 V                   ; 2.36 V              ; -0.00994 V          ; 0.119 V                              ; 0.02 V                               ; 4.51e-10 s                  ; 4.45e-10 s                  ; Yes                        ; Yes                        ; 2.32 V                      ; 1.08e-06 V                  ; 2.36 V             ; -0.00994 V         ; 0.119 V                             ; 0.02 V                              ; 4.51e-10 s                 ; 4.45e-10 s                 ; Yes                       ; Yes                       ;
; x_inv[4]      ; 2.5 V        ; 0 s                 ; 0 s                 ; 2.32 V                       ; 1.08e-06 V                   ; 2.36 V              ; -0.00994 V          ; 0.119 V                              ; 0.02 V                               ; 4.51e-10 s                  ; 4.45e-10 s                  ; Yes                        ; Yes                        ; 2.32 V                      ; 1.08e-06 V                  ; 2.36 V             ; -0.00994 V         ; 0.119 V                             ; 0.02 V                              ; 4.51e-10 s                 ; 4.45e-10 s                 ; Yes                       ; Yes                       ;
; x_inv[5]      ; 2.5 V        ; 0 s                 ; 0 s                 ; 2.32 V                       ; 1.08e-06 V                   ; 2.36 V              ; -0.00994 V          ; 0.119 V                              ; 0.02 V                               ; 4.51e-10 s                  ; 4.45e-10 s                  ; Yes                        ; Yes                        ; 2.32 V                      ; 1.08e-06 V                  ; 2.36 V             ; -0.00994 V         ; 0.119 V                             ; 0.02 V                              ; 4.51e-10 s                 ; 4.45e-10 s                 ; Yes                       ; Yes                       ;
; x_inv[6]      ; 2.5 V        ; 0 s                 ; 0 s                 ; 2.32 V                       ; 1.08e-06 V                   ; 2.33 V              ; -0.00336 V          ; 0.17 V                               ; 0.085 V                              ; 3.33e-09 s                  ; 3.24e-09 s                  ; Yes                        ; Yes                        ; 2.32 V                      ; 1.08e-06 V                  ; 2.33 V             ; -0.00336 V         ; 0.17 V                              ; 0.085 V                             ; 3.33e-09 s                 ; 3.24e-09 s                 ; Yes                       ; Yes                       ;
; x_inv[7]      ; 2.5 V        ; 0 s                 ; 0 s                 ; 2.32 V                       ; 1.08e-06 V                   ; 2.36 V              ; -0.00994 V          ; 0.119 V                              ; 0.02 V                               ; 4.51e-10 s                  ; 4.45e-10 s                  ; Yes                        ; Yes                        ; 2.32 V                      ; 1.08e-06 V                  ; 2.36 V             ; -0.00994 V         ; 0.119 V                             ; 0.02 V                              ; 4.51e-10 s                 ; 4.45e-10 s                 ; Yes                       ; Yes                       ;
; x_inv[8]      ; 2.5 V        ; 0 s                 ; 0 s                 ; 2.32 V                       ; 1.08e-06 V                   ; 2.36 V              ; -0.00994 V          ; 0.119 V                              ; 0.02 V                               ; 4.51e-10 s                  ; 4.45e-10 s                  ; Yes                        ; Yes                        ; 2.32 V                      ; 1.08e-06 V                  ; 2.36 V             ; -0.00994 V         ; 0.119 V                             ; 0.02 V                              ; 4.51e-10 s                 ; 4.45e-10 s                 ; Yes                       ; Yes                       ;
; x_inv[9]      ; 2.5 V        ; 0 s                 ; 0 s                 ; 2.32 V                       ; 1.08e-06 V                   ; 2.36 V              ; -0.00994 V          ; 0.119 V                              ; 0.02 V                               ; 4.51e-10 s                  ; 4.45e-10 s                  ; Yes                        ; Yes                        ; 2.32 V                      ; 1.08e-06 V                  ; 2.36 V             ; -0.00994 V         ; 0.119 V                             ; 0.02 V                              ; 4.51e-10 s                 ; 4.45e-10 s                 ; Yes                       ; Yes                       ;
; x_inv[10]     ; 2.5 V        ; 0 s                 ; 0 s                 ; 2.32 V                       ; 1.08e-06 V                   ; 2.33 V              ; -0.00336 V          ; 0.17 V                               ; 0.085 V                              ; 3.33e-09 s                  ; 3.24e-09 s                  ; Yes                        ; Yes                        ; 2.32 V                      ; 1.08e-06 V                  ; 2.33 V             ; -0.00336 V         ; 0.17 V                              ; 0.085 V                             ; 3.33e-09 s                 ; 3.24e-09 s                 ; Yes                       ; Yes                       ;
; x_inv[11]     ; 2.5 V        ; 0 s                 ; 0 s                 ; 2.32 V                       ; 1.08e-06 V                   ; 2.36 V              ; -0.00994 V          ; 0.119 V                              ; 0.02 V                               ; 4.51e-10 s                  ; 4.45e-10 s                  ; Yes                        ; Yes                        ; 2.32 V                      ; 1.08e-06 V                  ; 2.36 V             ; -0.00994 V         ; 0.119 V                             ; 0.02 V                              ; 4.51e-10 s                 ; 4.45e-10 s                 ; Yes                       ; Yes                       ;
; x_inv[12]     ; 2.5 V        ; 0 s                 ; 0 s                 ; 2.32 V                       ; 1.08e-06 V                   ; 2.36 V              ; -0.00994 V          ; 0.119 V                              ; 0.02 V                               ; 4.51e-10 s                  ; 4.45e-10 s                  ; Yes                        ; Yes                        ; 2.32 V                      ; 1.08e-06 V                  ; 2.36 V             ; -0.00994 V         ; 0.119 V                             ; 0.02 V                              ; 4.51e-10 s                 ; 4.45e-10 s                 ; Yes                       ; Yes                       ;
; x_inv[13]     ; 2.5 V        ; 0 s                 ; 0 s                 ; 2.32 V                       ; 1.08e-06 V                   ; 2.36 V              ; -0.00994 V          ; 0.119 V                              ; 0.02 V                               ; 4.51e-10 s                  ; 4.45e-10 s                  ; Yes                        ; Yes                        ; 2.32 V                      ; 1.08e-06 V                  ; 2.36 V             ; -0.00994 V         ; 0.119 V                             ; 0.02 V                              ; 4.51e-10 s                 ; 4.45e-10 s                 ; Yes                       ; Yes                       ;
; x_inv[14]     ; 2.5 V        ; 0 s                 ; 0 s                 ; 2.32 V                       ; 1.08e-06 V                   ; 2.33 V              ; -0.00336 V          ; 0.17 V                               ; 0.085 V                              ; 3.33e-09 s                  ; 3.24e-09 s                  ; Yes                        ; Yes                        ; 2.32 V                      ; 1.08e-06 V                  ; 2.33 V             ; -0.00336 V         ; 0.17 V                              ; 0.085 V                             ; 3.33e-09 s                 ; 3.24e-09 s                 ; Yes                       ; Yes                       ;
; x_inv[15]     ; 2.5 V        ; 0 s                 ; 0 s                 ; 2.32 V                       ; 7.24e-07 V                   ; 2.35 V              ; -0.011 V            ; 0.111 V                              ; 0.035 V                              ; 7.77e-10 s                  ; 8.06e-10 s                  ; Yes                        ; Yes                        ; 2.32 V                      ; 7.24e-07 V                  ; 2.35 V             ; -0.011 V           ; 0.111 V                             ; 0.035 V                             ; 7.77e-10 s                 ; 8.06e-10 s                 ; Yes                       ; Yes                       ;
; ~ALTERA_DCLK~ ; 2.5 V        ; 0 s                 ; 0 s                 ; 2.32 V                       ; 5.67e-07 V                   ; 2.35 V              ; -0.0121 V           ; 0.081 V                              ; 0.025 V                              ; 5.28e-10 s                  ; 4.82e-10 s                  ; Yes                        ; Yes                        ; 2.32 V                      ; 5.67e-07 V                  ; 2.35 V             ; -0.0121 V          ; 0.081 V                             ; 0.025 V                             ; 5.28e-10 s                 ; 4.82e-10 s                 ; Yes                       ; Yes                       ;
; ~ALTERA_nCEO~ ; 2.5 V        ; 0 s                 ; 0 s                 ; 2.32 V                       ; 9.35e-07 V                   ; 2.35 V              ; -0.00478 V          ; 0.185 V                              ; 0.019 V                              ; 7.22e-10 s                  ; 9.86e-10 s                  ; Yes                        ; Yes                        ; 2.32 V                      ; 9.35e-07 V                  ; 2.35 V             ; -0.00478 V         ; 0.185 V                             ; 0.019 V                             ; 7.22e-10 s                 ; 9.86e-10 s                 ; Yes                       ; Yes                       ;
+---------------+--------------+---------------------+---------------------+------------------------------+------------------------------+---------------------+---------------------+--------------------------------------+--------------------------------------+-----------------------------+-----------------------------+----------------------------+----------------------------+-----------------------------+-----------------------------+--------------------+--------------------+-------------------------------------+-------------------------------------+----------------------------+----------------------------+---------------------------+---------------------------+


+--------------------------------------------------------------------------------------------------------------------------------------------------------------------------------------------------------------------------------------------------------------------------------------------------------------------------------------------------------------------------------------------------------------------------------------------------------------------------------------------------------------------------------------------------------------------------------------------------------------------------------------------------------------------------------------------+
; Signal Integrity Metrics (Fast 1200mv 0c Model)                                                                                                                                                                                                                                                                                                                                                                                                                                                                                                                                                                                                                                            ;
+---------------+--------------+---------------------+---------------------+------------------------------+------------------------------+---------------------+---------------------+--------------------------------------+--------------------------------------+-----------------------------+-----------------------------+----------------------------+----------------------------+-----------------------------+-----------------------------+--------------------+--------------------+-------------------------------------+-------------------------------------+----------------------------+----------------------------+---------------------------+---------------------------+
; Pin           ; I/O Standard ; Board Delay on Rise ; Board Delay on Fall ; Steady State Voh at FPGA Pin ; Steady State Vol at FPGA Pin ; Voh Max at FPGA Pin ; Vol Min at FPGA Pin ; Ringback Voltage on Rise at FPGA Pin ; Ringback Voltage on Fall at FPGA Pin ; 10-90 Rise Time at FPGA Pin ; 90-10 Fall Time at FPGA Pin ; Monotonic Rise at FPGA Pin ; Monotonic Fall at FPGA Pin ; Steady State Voh at Far-end ; Steady State Vol at Far-end ; Voh Max at Far-end ; Vol Min at Far-end ; Ringback Voltage on Rise at Far-end ; Ringback Voltage on Fall at Far-end ; 10-90 Rise Time at Far-end ; 90-10 Fall Time at Far-end ; Monotonic Rise at Far-end ; Monotonic Fall at Far-end ;
+---------------+--------------+---------------------+---------------------+------------------------------+------------------------------+---------------------+---------------------+--------------------------------------+--------------------------------------+-----------------------------+-----------------------------+----------------------------+----------------------------+-----------------------------+-----------------------------+--------------------+--------------------+-------------------------------------+-------------------------------------+----------------------------+----------------------------+---------------------------+---------------------------+
; ack           ; 2.5 V        ; 0 s                 ; 0 s                 ; 2.62 V                       ; 4.11e-08 V                   ; 2.72 V              ; -0.0549 V           ; 0.19 V                               ; 0.12 V                               ; 2.69e-10 s                  ; 2.76e-10 s                  ; Yes                        ; Yes                        ; 2.62 V                      ; 4.11e-08 V                  ; 2.72 V             ; -0.0549 V          ; 0.19 V                              ; 0.12 V                              ; 2.69e-10 s                 ; 2.76e-10 s                 ; Yes                       ; Yes                       ;
; x_inv[0]      ; 2.5 V        ; 0 s                 ; 0 s                 ; 2.62 V                       ; 4.11e-08 V                   ; 2.72 V              ; -0.0549 V           ; 0.19 V                               ; 0.12 V                               ; 2.69e-10 s                  ; 2.76e-10 s                  ; Yes                        ; Yes                        ; 2.62 V                      ; 4.11e-08 V                  ; 2.72 V             ; -0.0549 V          ; 0.19 V                              ; 0.12 V                              ; 2.69e-10 s                 ; 2.76e-10 s                 ; Yes                       ; Yes                       ;
; x_inv[1]      ; 2.5 V        ; 0 s                 ; 0 s                 ; 2.62 V                       ; 2.78e-08 V                   ; 2.71 V              ; -0.0338 V           ; 0.25 V                               ; 0.066 V                              ; 4.98e-10 s                  ; 5.2e-10 s                   ; No                         ; Yes                        ; 2.62 V                      ; 2.78e-08 V                  ; 2.71 V             ; -0.0338 V          ; 0.25 V                              ; 0.066 V                             ; 4.98e-10 s                 ; 5.2e-10 s                  ; No                        ; Yes                       ;
; x_inv[2]      ; 2.5 V        ; 0 s                 ; 0 s                 ; 2.62 V                       ; 4.11e-08 V                   ; 2.72 V              ; -0.0549 V           ; 0.19 V                               ; 0.12 V                               ; 2.69e-10 s                  ; 2.76e-10 s                  ; Yes                        ; Yes                        ; 2.62 V                      ; 4.11e-08 V                  ; 2.72 V             ; -0.0549 V          ; 0.19 V                              ; 0.12 V                              ; 2.69e-10 s                 ; 2.76e-10 s                 ; Yes                       ; Yes                       ;
; x_inv[3]      ; 2.5 V        ; 0 s                 ; 0 s                 ; 2.62 V                       ; 4.11e-08 V                   ; 2.72 V              ; -0.0549 V           ; 0.19 V                               ; 0.12 V                               ; 2.69e-10 s                  ; 2.76e-10 s                  ; Yes                        ; Yes                        ; 2.62 V                      ; 4.11e-08 V                  ; 2.72 V             ; -0.0549 V          ; 0.19 V                              ; 0.12 V                              ; 2.69e-10 s                 ; 2.76e-10 s                 ; Yes                       ; Yes                       ;
; x_inv[4]      ; 2.5 V        ; 0 s                 ; 0 s                 ; 2.62 V                       ; 4.11e-08 V                   ; 2.72 V              ; -0.0549 V           ; 0.19 V                               ; 0.12 V                               ; 2.69e-10 s                  ; 2.76e-10 s                  ; Yes                        ; Yes                        ; 2.62 V                      ; 4.11e-08 V                  ; 2.72 V             ; -0.0549 V          ; 0.19 V                              ; 0.12 V                              ; 2.69e-10 s                 ; 2.76e-10 s                 ; Yes                       ; Yes                       ;
; x_inv[5]      ; 2.5 V        ; 0 s                 ; 0 s                 ; 2.62 V                       ; 4.11e-08 V                   ; 2.72 V              ; -0.0549 V           ; 0.19 V                               ; 0.12 V                               ; 2.69e-10 s                  ; 2.76e-10 s                  ; Yes                        ; Yes                        ; 2.62 V                      ; 4.11e-08 V                  ; 2.72 V             ; -0.0549 V          ; 0.19 V                              ; 0.12 V                              ; 2.69e-10 s                 ; 2.76e-10 s                 ; Yes                       ; Yes                       ;
; x_inv[6]      ; 2.5 V        ; 0 s                 ; 0 s                 ; 2.62 V                       ; 4.11e-08 V                   ; 2.64 V              ; -0.0111 V           ; 0.21 V                               ; 0.135 V                              ; 2.38e-09 s                  ; 2.28e-09 s                  ; No                         ; Yes                        ; 2.62 V                      ; 4.11e-08 V                  ; 2.64 V             ; -0.0111 V          ; 0.21 V                              ; 0.135 V                             ; 2.38e-09 s                 ; 2.28e-09 s                 ; No                        ; Yes                       ;
; x_inv[7]      ; 2.5 V        ; 0 s                 ; 0 s                 ; 2.62 V                       ; 4.11e-08 V                   ; 2.72 V              ; -0.0549 V           ; 0.19 V                               ; 0.12 V                               ; 2.69e-10 s                  ; 2.76e-10 s                  ; Yes                        ; Yes                        ; 2.62 V                      ; 4.11e-08 V                  ; 2.72 V             ; -0.0549 V          ; 0.19 V                              ; 0.12 V                              ; 2.69e-10 s                 ; 2.76e-10 s                 ; Yes                       ; Yes                       ;
; x_inv[8]      ; 2.5 V        ; 0 s                 ; 0 s                 ; 2.62 V                       ; 4.11e-08 V                   ; 2.72 V              ; -0.0549 V           ; 0.19 V                               ; 0.12 V                               ; 2.69e-10 s                  ; 2.76e-10 s                  ; Yes                        ; Yes                        ; 2.62 V                      ; 4.11e-08 V                  ; 2.72 V             ; -0.0549 V          ; 0.19 V                              ; 0.12 V                              ; 2.69e-10 s                 ; 2.76e-10 s                 ; Yes                       ; Yes                       ;
; x_inv[9]      ; 2.5 V        ; 0 s                 ; 0 s                 ; 2.62 V                       ; 4.11e-08 V                   ; 2.72 V              ; -0.0549 V           ; 0.19 V                               ; 0.12 V                               ; 2.69e-10 s                  ; 2.76e-10 s                  ; Yes                        ; Yes                        ; 2.62 V                      ; 4.11e-08 V                  ; 2.72 V             ; -0.0549 V          ; 0.19 V                              ; 0.12 V                              ; 2.69e-10 s                 ; 2.76e-10 s                 ; Yes                       ; Yes                       ;
; x_inv[10]     ; 2.5 V        ; 0 s                 ; 0 s                 ; 2.62 V                       ; 4.11e-08 V                   ; 2.64 V              ; -0.0111 V           ; 0.21 V                               ; 0.135 V                              ; 2.38e-09 s                  ; 2.28e-09 s                  ; No                         ; Yes                        ; 2.62 V                      ; 4.11e-08 V                  ; 2.64 V             ; -0.0111 V          ; 0.21 V                              ; 0.135 V                             ; 2.38e-09 s                 ; 2.28e-09 s                 ; No                        ; Yes                       ;
; x_inv[11]     ; 2.5 V        ; 0 s                 ; 0 s                 ; 2.62 V                       ; 4.11e-08 V                   ; 2.72 V              ; -0.0549 V           ; 0.19 V                               ; 0.12 V                               ; 2.69e-10 s                  ; 2.76e-10 s                  ; Yes                        ; Yes                        ; 2.62 V                      ; 4.11e-08 V                  ; 2.72 V             ; -0.0549 V          ; 0.19 V                              ; 0.12 V                              ; 2.69e-10 s                 ; 2.76e-10 s                 ; Yes                       ; Yes                       ;
; x_inv[12]     ; 2.5 V        ; 0 s                 ; 0 s                 ; 2.62 V                       ; 4.11e-08 V                   ; 2.72 V              ; -0.0549 V           ; 0.19 V                               ; 0.12 V                               ; 2.69e-10 s                  ; 2.76e-10 s                  ; Yes                        ; Yes                        ; 2.62 V                      ; 4.11e-08 V                  ; 2.72 V             ; -0.0549 V          ; 0.19 V                              ; 0.12 V                              ; 2.69e-10 s                 ; 2.76e-10 s                 ; Yes                       ; Yes                       ;
; x_inv[13]     ; 2.5 V        ; 0 s                 ; 0 s                 ; 2.62 V                       ; 4.11e-08 V                   ; 2.72 V              ; -0.0549 V           ; 0.19 V                               ; 0.12 V                               ; 2.69e-10 s                  ; 2.76e-10 s                  ; Yes                        ; Yes                        ; 2.62 V                      ; 4.11e-08 V                  ; 2.72 V             ; -0.0549 V          ; 0.19 V                              ; 0.12 V                              ; 2.69e-10 s                 ; 2.76e-10 s                 ; Yes                       ; Yes                       ;
; x_inv[14]     ; 2.5 V        ; 0 s                 ; 0 s                 ; 2.62 V                       ; 4.11e-08 V                   ; 2.64 V              ; -0.0111 V           ; 0.21 V                               ; 0.135 V                              ; 2.38e-09 s                  ; 2.28e-09 s                  ; No                         ; Yes                        ; 2.62 V                      ; 4.11e-08 V                  ; 2.64 V             ; -0.0111 V          ; 0.21 V                              ; 0.135 V                             ; 2.38e-09 s                 ; 2.28e-09 s                 ; No                        ; Yes                       ;
; x_inv[15]     ; 2.5 V        ; 0 s                 ; 0 s                 ; 2.62 V                       ; 2.78e-08 V                   ; 2.71 V              ; -0.0338 V           ; 0.25 V                               ; 0.066 V                              ; 4.98e-10 s                  ; 5.2e-10 s                   ; No                         ; Yes                        ; 2.62 V                      ; 2.78e-08 V                  ; 2.71 V             ; -0.0338 V          ; 0.25 V                              ; 0.066 V                             ; 4.98e-10 s                 ; 5.2e-10 s                  ; No                        ; Yes                       ;
; ~ALTERA_DCLK~ ; 2.5 V        ; 0 s                 ; 0 s                 ; 2.62 V                       ; 2.19e-08 V                   ; 2.71 V              ; -0.0718 V           ; 0.277 V                              ; 0.167 V                              ; 3.12e-10 s                  ; 3.02e-10 s                  ; No                         ; Yes                        ; 2.62 V                      ; 2.19e-08 V                  ; 2.71 V             ; -0.0718 V          ; 0.277 V                             ; 0.167 V                             ; 3.12e-10 s                 ; 3.02e-10 s                 ; No                        ; Yes                       ;
; ~ALTERA_nCEO~ ; 2.5 V        ; 0 s                 ; 0 s                 ; 2.62 V                       ; 3.52e-08 V                   ; 2.7 V               ; -0.0198 V           ; 0.2 V                                ; 0.049 V                              ; 4.85e-10 s                  ; 6.73e-10 s                  ; Yes                        ; Yes                        ; 2.62 V                      ; 3.52e-08 V                  ; 2.7 V              ; -0.0198 V          ; 0.2 V                               ; 0.049 V                             ; 4.85e-10 s                 ; 6.73e-10 s                 ; Yes                       ; Yes                       ;
+---------------+--------------+---------------------+---------------------+------------------------------+------------------------------+---------------------+---------------------+--------------------------------------+--------------------------------------+-----------------------------+-----------------------------+----------------------------+----------------------------+-----------------------------+-----------------------------+--------------------+--------------------+-------------------------------------+-------------------------------------+----------------------------+----------------------------+---------------------------+---------------------------+


+-------------------------------------------------------------------------------------------------------+
; Setup Transfers                                                                                       ;
+-----------------------------+-----------------------------+----------+----------+----------+----------+
; From Clock                  ; To Clock                    ; RR Paths ; FR Paths ; RF Paths ; FF Paths ;
+-----------------------------+-----------------------------+----------+----------+----------+----------+
; clk                         ; clk                         ; 469      ; 0        ; 0        ; 0        ;
; Controller:control|y.IDLE   ; clk                         ; 88       ; 27       ; 0        ; 0        ;
; Controller:control|y.REPORT ; clk                         ; 35       ; 0        ; 0        ; 0        ;
; clk                         ; Controller:control|y.IDLE   ; 11       ; 0        ; 2        ; 0        ;
; Controller:control|y.IDLE   ; Controller:control|y.IDLE   ; 2        ; 2        ; 1        ; 1        ;
; Controller:control|y.REPORT ; Controller:control|y.IDLE   ; 1        ; 1        ; 0        ; 0        ;
; clk                         ; Controller:control|y.REPORT ; 23       ; 0        ; 1        ; 0        ;
; Controller:control|y.IDLE   ; Controller:control|y.REPORT ; 3        ; 3        ; 0        ; 0        ;
; Controller:control|y.REPORT ; Controller:control|y.REPORT ; 0        ; 0        ; 1        ; 1        ;
+-----------------------------+-----------------------------+----------+----------+----------+----------+
Entries labeled "false path" only account for clock-to-clock false paths and not path-based false paths. As a result, actual path counts may be lower than reported.


+-------------------------------------------------------------------------------------------------------+
; Hold Transfers                                                                                        ;
+-----------------------------+-----------------------------+----------+----------+----------+----------+
; From Clock                  ; To Clock                    ; RR Paths ; FR Paths ; RF Paths ; FF Paths ;
+-----------------------------+-----------------------------+----------+----------+----------+----------+
; clk                         ; clk                         ; 469      ; 0        ; 0        ; 0        ;
; Controller:control|y.IDLE   ; clk                         ; 88       ; 27       ; 0        ; 0        ;
; Controller:control|y.REPORT ; clk                         ; 35       ; 0        ; 0        ; 0        ;
; clk                         ; Controller:control|y.IDLE   ; 11       ; 0        ; 2        ; 0        ;
; Controller:control|y.IDLE   ; Controller:control|y.IDLE   ; 2        ; 2        ; 1        ; 1        ;
; Controller:control|y.REPORT ; Controller:control|y.IDLE   ; 1        ; 1        ; 0        ; 0        ;
; clk                         ; Controller:control|y.REPORT ; 23       ; 0        ; 1        ; 0        ;
; Controller:control|y.IDLE   ; Controller:control|y.REPORT ; 3        ; 3        ; 0        ; 0        ;
; Controller:control|y.REPORT ; Controller:control|y.REPORT ; 0        ; 0        ; 1        ; 1        ;
+-----------------------------+-----------------------------+----------+----------+----------+----------+
Entries labeled "false path" only account for clock-to-clock false paths and not path-based false paths. As a result, actual path counts may be lower than reported.


+----------------------------------------------------------------------------------+
; Recovery Transfers                                                               ;
+---------------------------+----------+----------+----------+----------+----------+
; From Clock                ; To Clock ; RR Paths ; FR Paths ; RF Paths ; FF Paths ;
+---------------------------+----------+----------+----------+----------+----------+
; Controller:control|y.IDLE ; clk      ; 17       ; 0        ; 0        ; 0        ;
+---------------------------+----------+----------+----------+----------+----------+
Entries labeled "false path" only account for clock-to-clock false paths and not path-based false paths. As a result, actual path counts may be lower than reported.


+----------------------------------------------------------------------------------+
; Removal Transfers                                                                ;
+---------------------------+----------+----------+----------+----------+----------+
; From Clock                ; To Clock ; RR Paths ; FR Paths ; RF Paths ; FF Paths ;
+---------------------------+----------+----------+----------+----------+----------+
; Controller:control|y.IDLE ; clk      ; 17       ; 0        ; 0        ; 0        ;
+---------------------------+----------+----------+----------+----------+----------+
Entries labeled "false path" only account for clock-to-clock false paths and not path-based false paths. As a result, actual path counts may be lower than reported.


---------------
; Report TCCS ;
---------------
No dedicated SERDES Transmitter circuitry present in device or used in design


---------------
; Report RSKM ;
---------------
No dedicated SERDES Receiver circuitry present in device or used in design


+------------------------------------------------+
; Unconstrained Paths                            ;
+---------------------------------+-------+------+
; Property                        ; Setup ; Hold ;
+---------------------------------+-------+------+
; Illegal Clocks                  ; 0     ; 0    ;
; Unconstrained Clocks            ; 0     ; 0    ;
; Unconstrained Input Ports       ; 14    ; 14   ;
; Unconstrained Input Port Paths  ; 30    ; 30   ;
; Unconstrained Output Ports      ; 15    ; 15   ;
; Unconstrained Output Port Paths ; 15    ; 15   ;
+---------------------------------+-------+------+


+------------------------------------+
; TimeQuest Timing Analyzer Messages ;
+------------------------------------+
Info: *******************************************************************
Info: Running Quartus II 64-Bit TimeQuest Timing Analyzer
    Info: Version 13.0.1 Build 232 06/12/2013 Service Pack 1 SJ Web Edition
    Info: Processing started: Fri Jan 31 02:36:52 2025
Info: Command: quartus_sta Reciprocal -c Reciprocal
Info: qsta_default_script.tcl version: #1
Warning (20028): Parallel compilation is not licensed and has been disabled
Info (21077): Low junction temperature is 0 degrees C
Info (21077): High junction temperature is 85 degrees C
Warning (335093): TimeQuest Timing Analyzer is analyzing 19 combinational loops as latches.
Critical Warning (332012): Synopsys Design Constraints File file not found: 'Reciprocal.sdc'. A Synopsys Design Constraints File is required by the TimeQuest Timing Analyzer to get proper timing constraints. Without it, the Compiler will not properly optimize the design.
Info (332142): No user constrained base clocks found in the design. Calling "derive_clocks -period 1.0"
Info (332105): Deriving Clocks
    Info (332105): create_clock -period 1.000 -name clk clk
    Info (332105): create_clock -period 1.000 -name Controller:control|y.REPORT Controller:control|y.REPORT
    Info (332105): create_clock -period 1.000 -name Controller:control|y.IDLE Controller:control|y.IDLE
Info (332143): No user constrained clock uncertainty found in the design. Calling "derive_clock_uncertainty"
Info (332123): Deriving Clock Uncertainty. Please refer to report_sdc in TimeQuest to see clock uncertainties.
Info: Found TIMEQUEST_REPORT_SCRIPT_INCLUDE_DEFAULT_ANALYSIS = ON
Info: Analyzing Slow 1200mV 85C Model
Critical Warning (332148): Timing requirements not met
    Info (11105): For recommendations on closing timing, run Report Timing Closure Recommendations in the TimeQuest Timing Analyzer.
Info (332146): Worst-case setup slack is -4.180
    Info (332119):     Slack End Point TNS Clock 
    Info (332119): ========= ============= =====================
    Info (332119):    -4.180       -25.478 Controller:control|y.IDLE 
    Info (332119):    -3.581       -16.070 Controller:control|y.REPORT 
    Info (332119):    -1.958       -83.734 clk 
Info (332146): Worst-case hold slack is -2.530
    Info (332119):     Slack End Point TNS Clock 
    Info (332119): ========= ============= =====================
    Info (332119):    -2.530        -5.598 Controller:control|y.REPORT 
    Info (332119):    -0.829        -1.667 Controller:control|y.IDLE 
    Info (332119):    -0.329        -4.323 clk 
Info (332146): Worst-case recovery slack is -1.285
    Info (332119):     Slack End Point TNS Clock 
    Info (332119): ========= ============= =====================
    Info (332119):    -1.285       -21.227 clk 
Info (332146): Worst-case removal slack is 1.372
    Info (332119):     Slack End Point TNS Clock 
    Info (332119): ========= ============= =====================
    Info (332119):     1.372         0.000 clk 
Info (332146): Worst-case minimum pulse width slack is -3.000
    Info (332119):     Slack End Point TNS Clock 
    Info (332119): ========= ============= =====================
    Info (332119):    -3.000       -90.000 clk 
    Info (332119):     0.345         0.000 Controller:control|y.REPORT 
    Info (332119):     0.359         0.000 Controller:control|y.IDLE 
Info: Analyzing Slow 1200mV 0C Model
Info (334003): Started post-fitting delay annotation
Info (334004): Delay annotation completed successfully
Info (332123): Deriving Clock Uncertainty. Please refer to report_sdc in TimeQuest to see clock uncertainties.
Critical Warning (332148): Timing requirements not met
    Info (11105): For recommendations on closing timing, run Report Timing Closure Recommendations in the TimeQuest Timing Analyzer.
Info (332146): Worst-case setup slack is -3.712
    Info (332119):     Slack End Point TNS Clock 
    Info (332119): ========= ============= =====================
    Info (332119):    -3.712       -22.246 Controller:control|y.IDLE 
    Info (332119):    -3.196       -13.889 Controller:control|y.REPORT 
    Info (332119):    -1.605       -66.900 clk 
Info (332146): Worst-case hold slack is -2.292
    Info (332119):     Slack End Point TNS Clock 
    Info (332119): ========= ============= =====================
    Info (332119):    -2.292        -5.050 Controller:control|y.REPORT 
    Info (332119):    -0.764        -1.506 Controller:control|y.IDLE 
    Info (332119):    -0.303        -4.531 clk 
Info (332146): Worst-case recovery slack is -1.059
    Info (332119):     Slack End Point TNS Clock 
    Info (332119): ========= ============= =====================
    Info (332119):    -1.059       -17.398 clk 
Info (332146): Worst-case removal slack is 1.206
    Info (332119):     Slack End Point TNS Clock 
    Info (332119): ========= ============= =====================
    Info (332119):     1.206         0.000 clk 
Info (332146): Worst-case minimum pulse width slack is -3.000
    Info (332119):     Slack End Point TNS Clock 
    Info (332119): ========= ============= =====================
    Info (332119):    -3.000       -90.000 clk 
    Info (332119):     0.378         0.000 Controller:control|y.REPORT 
    Info (332119):     0.397         0.000 Controller:control|y.IDLE 
Info: Analyzing Fast 1200mV 0C Model
Info (332123): Deriving Clock Uncertainty. Please refer to report_sdc in TimeQuest to see clock uncertainties.
Critical Warning (332148): Timing requirements not met
    Info (11105): For recommendations on closing timing, run Report Timing Closure Recommendations in the TimeQuest Timing Analyzer.
Info (332146): Worst-case setup slack is -2.067
    Info (332119):     Slack End Point TNS Clock 
    Info (332119): ========= ============= =====================
    Info (332119):    -2.067       -11.898 Controller:control|y.IDLE 
    Info (332119):    -1.915        -6.442 Controller:control|y.REPORT 
    Info (332119):    -0.697       -17.195 clk 
Info (332146): Worst-case hold slack is -1.498
    Info (332119):     Slack End Point TNS Clock 
    Info (332119): ========= ============= =====================
    Info (332119):    -1.498        -3.334 Controller:control|y.REPORT 
    Info (332119):    -0.451        -0.955 Controller:control|y.IDLE 
    Info (332119):    -0.278        -5.240 clk 
Info (332146): Worst-case recovery slack is -0.306
    Info (332119):     Slack End Point TNS Clock 
    Info (332119): ========= ============= =====================
    Info (332119):    -0.306        -4.804 clk 
Info (332146): Worst-case removal slack is 0.684
    Info (332119):     Slack End Point TNS Clock 
    Info (332119): ========= ============= =====================
    Info (332119):     0.684         0.000 clk 
Info (332146): Worst-case minimum pulse width slack is -3.000
    Info (332119):     Slack End Point TNS Clock 
    Info (332119): ========= ============= =====================
    Info (332119):    -3.000       -94.134 clk 
    Info (332119):     0.325         0.000 Controller:control|y.REPORT 
    Info (332119):     0.336         0.000 Controller:control|y.IDLE 
Info (332102): Design is not fully constrained for setup requirements
Info (332102): Design is not fully constrained for hold requirements
Info: Quartus II 64-Bit TimeQuest Timing Analyzer was successful. 0 errors, 6 warnings
    Info: Peak virtual memory: 4631 megabytes
    Info: Processing ended: Fri Jan 31 02:36:55 2025
    Info: Elapsed time: 00:00:03
    Info: Total CPU time (on all processors): 00:00:02


