id,user_id,item_id,label
1,1,1,2
2,1,2,4
3,1,3,3.5
4,1,4,3
5,1,5,4
6,1,6,3.5
7,1,7,3.5
8,1,8,3
9,1,9,2.5
10,1,10,4
11,1,11,4
12,1,12,4
13,3,14,0.5
14,3,15,1
15,3,16,4
16,3,17,3
17,3,18,4
18,3,19,4
19,3,20,2.5
20,3,21,1.5
21,3,22,2
22,3,23,3
23,3,24,4
24,3,25,1.5
25,3,26,1
26,3,27,4
27,3,28,3
28,3,29,3
29,3,30,4
30,3,31,3
31,3,32,2
32,3,33,2.5
33,3,34,3
34,3,35,4
35,3,36,2
36,3,37,2
37,3,38,2
38,3,39,4
39,3,40,4
40,3,41,4
41,3,42,0.5
42,3,43,4
43,3,44,4
44,3,45,2.5
45,3,46,1
46,3,47,2.5
47,3,48,4
48,3,49,3
49,3,50,4
50,3,51,0.5
51,3,52,4
52,3,53,4
53,3,54,4
54,3,55,2.5
55,3,56,2.5
56,3,57,0.5
57,3,58,4
58,3,59,4
59,3,60,4
60,3,61,0.5
61,3,62,4
62,3,63,1.5
63,3,64,4
64,3,65,0.5
65,3,66,4
66,3,67,4
67,3,6,0.5
68,3,68,4
69,3,69,3
70,3,70,2.5
71,3,71,4
72,3,72,2.5
73,3,73,0.5
74,3,74,2.5
75,3,75,3.5
76,3,76,0.5
77,3,77,3.5
78,3,78,4
79,3,79,2
80,3,80,2.5
81,3,81,2
82,3,82,3.5
83,3,83,2.5
84,3,84,3.5
85,3,85,3
86,3,86,3.5
87,3,87,3.5
88,3,88,2.5
89,3,89,0.5
90,3,90,3.5
91,3,91,1
92,3,92,2.5
93,3,93,1
94,3,94,4
95,3,95,3
96,3,96,4
97,3,97,4
98,3,98,2.5
99,3,99,3
100,3,100,0.5
101,3,101,3
102,3,102,4
103,3,103,4
104,3,104,2
105,3,105,3
106,3,106,3
107,3,107,4
108,3,108,0.5
109,3,109,3
110,3,110,4
111,3,111,4
112,3,112,3
113,3,113,1
114,3,114,4
115,3,115,4
116,3,116,1
117,3,117,4
118,3,118,4
119,3,119,2
120,3,120,2.5
121,3,121,2
122,3,122,2
123,3,123,3.5
124,3,124,3.5
125,3,125,2.5
126,3,126,4
127,3,127,0.5
128,3,128,0.5
129,3,129,4
130,3,130,2.5
131,3,131,2.5
132,3,132,4
133,3,133,3.5
134,3,134,2.5
135,3,135,3.5
136,3,136,4
137,3,137,1
138,3,138,1.5
139,3,139,3
140,3,140,2.5
141,3,141,4
142,3,142,4
143,3,143,1.5
144,3,144,4
145,3,145,4
146,3,146,1.5
147,3,147,4
148,3,148,3.5
149,3,149,3.5
150,3,150,2
151,3,10,3.5
152,3,151,4
153,3,152,3.5
154,3,153,2
155,3,154,1.5
156,3,155,4
157,3,156,1.5
158,3,157,1.5
159,3,158,4
160,3,159,1.5
161,3,160,3
162,3,161,4
163,3,162,4
164,3,163,3
165,3,164,3.5
166,3,165,3
167,3,166,4
168,3,167,4
169,3,168,4
170,3,169,3.5
171,3,170,2
172,3,171,1
173,3,172,0.5
174,3,173,2
175,3,174,4
176,3,175,1
177,3,176,3.5
178,3,177,2.5
179,3,178,4
180,3,179,2.5
181,3,180,2.5
182,3,181,4
183,3,182,3
184,3,183,2
185,3,184,1
186,3,185,2.5
187,3,186,3
188,3,187,2.5
189,3,188,4
190,3,189,4
191,3,190,4
192,3,191,2.5
193,3,192,4
194,3,193,4
195,3,194,3.5
196,3,195,1.5
197,3,196,1.5
198,3,197,3
199,3,198,4
200,3,199,3
201,3,200,1
202,3,201,3
203,3,202,4
204,3,203,3
205,3,204,3
206,4,205,3
207,4,3,2.5
208,4,206,3
209,4,1,3
210,4,207,2
211,4,17,0.5
212,5,208,3
213,6,17,3.5
214,6,2,4
215,6,209,4
216,6,210,4
217,7,1,1
218,7,212,4
219,7,2,4
220,7,11,4
221,7,213,1.5
222,7,214,1.5
223,7,215,3.5
224,7,10,4
225,7,216,4
226,7,205,2.5
227,7,3,0.5
228,7,13,2
229,8,217,4
230,8,215,4
231,9,218,4
232,10,13,4
233,10,215,4
234,10,213,0.5
235,10,11,4
236,10,10,4
237,11,206,3.5
238,11,1,3
239,11,7,4
240,11,219,3.5
241,12,12,4
242,12,207,4
243,12,3,3
244,12,84,1.5
245,12,11,4
246,12,211,2.5
247,12,220,3.5
248,12,4,3.5
249,12,2,3.5
250,13,218,3
251,13,221,1.5
252,13,222,4
253,13,223,3.5
254,13,206,4
255,13,224,0.5
256,13,225,0.5
257,13,226,2.5
258,13,11,4
259,13,207,2.5
260,13,227,3
261,13,228,4
262,13,229,0.5
263,13,230,3
264,13,231,0.5
265,13,232,3.5
266,13,4,4
267,14,233,3
268,14,205,0.5
269,14,211,4
270,14,234,4
271,14,235,0.5
272,14,7,3.5
273,14,207,0.5
274,14,236,4
275,14,13,4
276,15,2,4
277,16,235,3.5
278,16,207,4
279,16,7,3.5
280,16,213,4
281,16,1,3
282,17,237,2
283,17,215,4
284,18,9,3.5
285,19,238,2
286,19,239,3.5
287,19,2,4
288,19,211,3.5
289,19,240,2.5
290,19,213,3
291,19,17,4
292,19,241,3
293,19,3,2.5
294,20,242,3.5
295,20,207,2
296,20,7,3
297,21,239,3
298,21,243,4
299,21,1,2.5
300,21,9,4
301,21,211,4
302,21,212,3.5
303,21,244,2.5
304,21,245,4
305,21,214,4
306,21,235,3.5
307,21,246,4
308,21,205,4
309,21,210,2.5
310,21,247,4
311,21,248,4
312,21,12,4
313,21,249,3
314,21,17,4
315,21,220,4
316,21,11,4
317,21,215,4
318,21,250,4
319,21,251,4
320,21,84,4
321,21,252,3
322,21,7,2
323,21,233,4
324,21,217,3
325,21,241,4
326,21,6,4
327,21,253,3.5
328,21,254,3
329,21,255,4
330,21,236,4
331,21,206,3
332,21,4,4
333,21,2,4
334,21,13,4
335,21,207,4
336,21,256,3
337,21,219,4
338,21,5,4
339,21,8,4
340,21,213,3
341,21,216,3
342,21,234,3
343,21,121,4
344,21,10,3.5
345,21,3,3
346,21,257,4
347,22,4,4
348,22,255,4
349,22,2,4
350,22,7,4
351,22,235,3.5
352,22,219,3
353,22,257,3
354,22,17,4
355,22,1,4
356,22,11,4
357,22,12,4
358,23,7,2.5
359,23,207,3
360,23,3,4
361,23,1,3
362,23,5,3
363,23,213,2.5
364,23,9,3
365,23,219,2
366,23,8,3.5
367,24,258,4
368,24,259,4
369,25,255,3.5
370,25,207,3  
371,25,214,2
372,25,1,3.5
373,25,84,3.5
374,25,17,3
375,25,234,2.5
376,25,211,4
377,25,249,2
378,25,246,2
379,25,250,4
380,25,9,2
381,25,254,4
382,25,121,3
383,25,241,1
384,25,216,3
385,25,210,3.5
386,25,252,2.5
387,25,219,3.5
388,25,212,2
389,25,6,3.5
390,25,11,4
391,25,2,4
392,25,8,3
393,25,245,3.5
394,25,248,4
395,25,217,2
396,25,239,2
397,25,253,3
398,25,220,0.5
399,25,236,3.5
400,25,243,3.5
401,25,244,3.5
402,25,206,2.5
403,25,7,3.5
404,25,4,2.5
405,25,247,2.5
406,25,257,2.5
407,25,12,1.5
408,25,10,2
409,25,5,3.5
410,25,215,4
411,25,13,4
412,25,251,3
413,25,235,1.5
414,25,256,3.5
415,25,3,4
416,25,233,3
417,25,205,2.5
418,25,213,2.5
419,26,1,3.5
420,26,260,1
421,26,11,3
422,26,214,0.5
423,27,213,4
424,27,255,1.5
425,27,10,4
426,27,5,2.5
427,27,1,1
428,27,234,2
429,27,13,2
430,27,262,2.5
431,27,3,1
432,27,205,3.5
433,27,214,3
434,27,216,2
435,27,252,1.5
436,27,212,3
437,27,11,4
438,27,2,1
439,27,217,3.5
440,27,219,1
441,27,263,2
442,27,239,1.5
443,27,215,0.5
444,27,7,1
445,28,17,3
446,28,253,3
447,28,254,2
448,28,255,3.5
449,28,7,2.5
450,28,236,4
451,28,206,3.5
452,28,4,3
453,28,13,3
454,28,207,2.5
455,28,256,2.5
456,28,5,3.5
457,28,8,4
458,28,213,2.5
459,28,216,2
460,28,234,3
461,28,121,3
462,28,2,3
463,28,3,2
464,28,257,3
465,28,219,3.5
466,28,1,2
467,28,9,3.5
468,28,211,3
469,28,212,3
470,28,245,2.5
471,28,214,3
472,28,235,3
473,28,246,2
474,28,205,3.5
475,28,210,2.5
476,28,10,1.5
477,28,247,3
478,28,239,3
479,28,248,3.5
480,28,12,3
481,28,249,3
482,28,243,3.5
483,28,11,2
484,28,220,3
485,28,215,3
486,28,250,3
487,28,251,3.5
488,28,244,2
489,28,84,2.5
490,28,252,3.5
491,28,233,3
492,28,217,2
493,28,241,3
494,28,6,2
495,29,266,0.5
496,29,267,0.5
497,29,269,3
498,29,271,3.5
499,29,272,3.5
500,29,273,2.5
501,29,275,3.5
502,29,276,3
503,29,277,0.5
504,29,280,0.5
505,29,281,3.5
506,29,285,3.5
507,29,288,3
508,29,290,3.5
509,29,291,4
510,29,59,0.5
511,29,292,3.5
512,29,296,0.5
513,29,297,3.5
514,29,298,3.5
515,29,300,3
516,29,302,3.5
517,29,303,3.5
518,29,305,3
519,29,306,4
520,30,244,1.5
521,30,5,0.5
522,30,12,4
523,30,241,2
524,30,6,1
525,30,8,4
526,30,234,0.5
527,30,216,4
528,30,13,4
529,30,121,4
530,30,84,4
531,30,207,0.5
532,30,251,2.5
533,30,249,1
534,30,250,4
535,30,219,4
536,30,254,3.5
537,30,9,2.5
538,30,7,0.5
539,30,246,0.5
540,30,206,0.5
541,30,257,4
542,30,247,0.5
543,30,235,4
544,30,205,4
545,30,239,4
546,30,213,1.5
547,30,2,0.5
548,30,4,3
549,30,248,2.5
550,30,210,0.5
551,30,233,0.5
552,30,215,2
553,30,3,4
554,30,11,4
555,30,253,1.5
556,30,1,4
557,30,220,0.5
558,30,256,4
559,30,214,1
560,30,217,1.5
561,30,243,2
562,30,17,4
563,30,211,1.5
564,30,10,3
565,30,255,0.5
566,30,212,0.5
567,30,245,1
568,30,252,4
569,30,236,2.5
570,31,11,4
571,31,215,3.5
572,31,213,2
573,31,13,2.5
574,31,1,3.5
575,31,2,2.5
576,31,216,3
577,32,206,3
578,32,1,3
579,32,205,3.5
580,32,12,2.5
581,32,308,4
582,32,236,2.5
583,32,8,3
584,32,13,4
585,32,7,3
586,32,2,3.5
587,33,236,3.5
588,33,213,3
589,33,206,1
590,33,11,4
591,33,7,2.5
592,33,1,1.5
593,33,4,4
594,33,207,3
595,33,12,2.5
596,33,2,3.5
597,33,235,2
598,33,257,3
599,34,234,4
600,34,257,2
601,34,219,4
602,34,241,4
603,34,17,4
604,34,10,4
605,34,3,3
606,34,11,3
607,34,4,2
608,34,205,2
609,34,12,2
610,34,236,4
611,34,7,4
612,34,1,4
613,34,2,2
614,34,216,3
615,34,207,4
616,34,121,4
617,35,309,4
618,35,219,2.5
619,35,9,2.5
620,35,310,4
621,35,311,4
622,35,2,3
623,36,216,3
624,36,3,3.5
625,36,5,4
626,36,241,3.5
627,36,235,3.5
628,36,13,4
629,36,206,4
630,37,17,4
631,37,247,4
632,37,246,3.5
633,37,212,4
634,37,235,2
635,37,9,4
636,37,255,4
637,37,216,4
638,37,210,4
639,37,2,3.5
640,37,205,4
641,37,252,3.5
642,37,1,4
643,37,248,4
644,37,8,4
645,37,254,4
646,37,13,3.5
647,37,251,4
648,37,243,3.5
649,37,245,3.5
650,37,236,4
651,37,217,3.5
652,37,5,4
653,37,213,4
654,37,256,3.5
655,37,241,3
656,37,215,4
657,37,11,3.5
658,37,219,3.5
659,37,84,3.5
660,37,253,4
661,37,4,4
662,37,6,3.5
663,37,233,4
664,37,207,3
665,37,250,4
666,37,206,4
667,37,121,3.5
668,37,244,4
669,37,7,3.5
670,37,12,3.5
671,37,211,4
672,37,234,4
673,37,220,3
674,37,249,4
675,37,239,4
676,37,10,4
677,37,257,3.5
678,37,214,3.5
679,37,3,4
680,38,312,4
681,39,257,3
682,39,84,3.5
683,39,17,4
684,39,213,3.5
685,39,241,3
686,39,11,3
687,39,12,2.5
688,39,5,4
689,39,236,4
690,39,9,4
691,39,7,4
692,39,207,2.5
693,39,215,3.5
694,39,8,4
695,39,235,3
696,39,254,3
697,40,235,1.5
698,41,215,4
699,41,11,4
700,41,216,3
701,41,10,2
702,41,13,3.5
703,42,212,4
704,42,7,4
705,42,278,0.5
706,42,11,4
707,42,213,3
708,43,1,2.5
709,43,213,1.5
710,43,11,3
711,43,10,2
712,43,13,3.5
713,43,3,1.5
714,43,215,3.5
715,44,13,2.5
716,44,10,3.5
717,44,215,1.5
718,44,11,4
719,44,207,4
720,44,4,4
721,45,251,4
722,45,216,2
723,45,256,3.5
724,45,11,1
725,45,4,1.5
726,45,13,1.5
727,45,215,3
728,46,12,3.5
729,46,17,3.5
730,46,251,4
731,46,255,3.5
732,46,239,4
733,46,250,3.5
734,46,219,4
735,46,254,4
736,46,207,3.5
737,46,233,3
738,46,5,3.5
739,46,8,3
740,46,10,3
741,46,11,3
742,46,220,3.5
743,46,2,4
744,46,213,4
745,46,4,3
746,46,13,3
747,47,313,4
748,47,314,3.5
749,47,235,3.5
750,47,12,3
751,47,10,4
752,47,13,4
753,48,4,3.5
754,48,12,3.5
755,48,11,4
756,49,246,3.5
757,49,11,4
758,49,257,4
759,50,8,3.5
760,50,211,4
761,50,3,3.5
762,50,2,3
763,50,219,4
764,50,234,3
765,50,12,3
766,50,254,3
767,50,250,4
768,50,207,3.5
769,50,11,4
770,50,253,4
771,50,236,4
772,50,84,3.5
773,50,10,3.5
774,50,7,2.5
775,50,233,3.5
776,50,13,4
777,50,1,3.5
778,50,5,4
779,50,6,4
780,50,252,3
781,50,241,3
782,50,216,3
783,50,257,3.5
784,50,206,4
785,50,4,4
786,50,217,3
787,50,9,4
788,50,215,3.5
789,50,213,3
790,50,17,4
791,50,255,3.5
792,50,220,3.5
793,50,121,4
794,50,245,3.5
795,50,239,3.5
796,50,251,3.5
797,50,235,3
798,52,13,3
799,52,213,3
800,52,215,4
801,52,11,4
802,52,10,3.5
803,53,7,4
804,53,219,3.5
805,53,211,4
806,53,243,3.5
807,53,236,3.5
808,53,210,3.5
809,53,252,4
810,53,255,2.5
811,53,212,3
812,53,8,3
813,53,215,3.5
814,53,11,3.5
815,53,241,4
816,53,84,4
817,53,13,4
818,53,251,4
819,53,245,2
820,53,4,2.5
821,53,207,4
822,53,1,2.5
823,53,253,3
824,53,9,4
825,53,10,4
826,53,121,3.5
827,53,217,3.5
828,53,244,3
829,53,233,3
830,53,17,3
831,53,246,3
832,53,12,3.5
833,53,206,4
834,53,235,3.5
835,53,239,3.5
836,53,247,3.5
837,53,5,2.5
838,53,213,3.5
839,53,216,4
840,53,257,3.5
841,53,205,4
842,53,214,3
843,53,220,3
844,53,256,4
845,53,254,4
846,53,250,4
847,53,234,3.5
848,53,3,3
849,53,248,4
850,53,249,2.5
851,53,6,3.5
852,53,2,4
853,54,257,3.5
854,54,11,4
855,55,217,3.5
856,55,9,4
857,55,215,4
858,55,17,2.5
859,55,255,3.5
860,55,214,4
861,55,220,3
862,55,245,3.5
863,55,207,2.5
864,55,235,3
865,55,253,3
866,55,8,3
867,55,211,4
868,55,3,3
869,55,2,3
870,55,7,2.5
871,55,12,3
872,55,212,4
873,55,1,3
874,55,6,3.5
875,55,11,3.5
876,55,236,3
877,55,249,4
878,55,84,3
879,55,10,3
880,55,13,4
881,55,216,4
882,55,4,3
883,56,2,1
884,56,11,3.5
885,56,335,3.5
886,56,336,3
887,56,245,4
888,56,9,3.5
889,56,121,0.5
890,56,337,3.5
891,56,338,3
892,56,148,0.5
893,56,219,4
894,56,6,2.5
895,56,4,3.5
896,56,278,4
897,56,8,3.5
898,56,243,1
899,56,236,1.5
900,56,215,3
901,56,7,4
902,56,207,0.5
903,56,10,0.5
904,56,5,3.5
905,56,1,3
906,56,234,0.5
907,56,211,3
908,56,339,2.5
909,56,13,1.5
910,56,3,4
911,56,250,1
912,56,213,0.5
913,56,255,4
914,56,84,4
915,56,17,3.5
916,57,17,1.5
917,57,2,2.5
918,58,239,0.5
919,58,340,3
920,59,243,3
921,60,13,4
922,60,8,0.5
923,60,341,4
924,60,318,1
925,60,215,4
926,61,17,3
927,61,207,1
928,61,211,2
929,61,8,3
930,61,234,2
931,62,7,3
932,62,11,3.5
933,63,198,4
934,63,343,4
935,63,344,4
936,63,218,3.5
937,63,278,3.5
938,63,345,3.5
939,63,9,3.5
940,63,2,4
941,63,346,3.5
942,63,347,4
943,64,4,4
944,64,121,3
945,64,243,2.5
946,64,220,3
947,64,7,4
948,64,212,2
949,64,244,2
950,64,245,3
951,64,9,4
952,64,11,4
953,64,257,2
954,64,206,4
955,64,234,3
956,64,205,2.5
957,64,233,2.5
958,64,250,3.5
959,64,1,3
960,64,247,2
961,64,5,3.5
962,64,10,3.5
963,64,252,3
964,64,255,3.5
965,64,246,3
966,64,2,4
967,64,12,3
968,64,248,2.5
969,64,6,2.5
970,64,216,4
971,64,219,3
972,64,210,2.5
973,64,236,3.5
974,64,13,3.5
975,64,254,3
976,64,217,3.5
977,64,207,3
978,64,249,2.5
979,64,211,3
980,64,213,4
981,64,241,3
982,64,84,3
983,64,251,3
984,64,253,2
985,64,3,3
986,64,17,2.5
987,64,235,2.5
988,64,239,4
989,64,256,3
990,64,215,3.5
991,64,214,3
992,64,8,3.5
993,65,236,2.5
994,65,9,2.5
995,65,348,4
996,65,7,3.5
997,65,2,3
998,65,216,3
999,65,207,1.5
1000,65,220,4
1001,65,239,2.5
1002,65,349,4
1003,65,17,3
1004,65,3,2
1005,66,7,1.5
1006,66,1,3
1007,66,2,3
1008,66,210,4
1009,67,235,2.5
1010,67,239,2.5
1011,67,4,3.5
1012,67,9,4
1013,67,7,4
1014,67,257,2.5
1015,67,17,3
1016,67,11,4
1017,67,1,3
1018,67,220,3
1019,67,245,2
1020,67,236,4
1021,67,12,3.5
1022,67,8,4
1023,67,234,2.5
1024,67,211,3
1025,67,216,3.5
1026,67,207,4
1027,67,250,2.5
1028,67,219,3
1029,67,5,3.5
1030,67,241,3
1031,67,6,3.5
1032,68,244,4
1033,68,206,4
1034,68,7,4
1035,68,4,4
1036,68,247,4
1037,68,257,4
1038,68,12,4
1039,68,10,4
1040,68,5,4
1041,68,215,4
1042,68,13,4
1043,68,251,4
1044,68,235,4
1045,68,3,4
1046,68,233,4
1047,68,256,4
1048,68,205,4
1049,68,213,4
1050,68,255,4
1051,68,207,4
1052,68,214,4
1053,68,1,4
1054,68,84,4
1055,68,17,4
1056,68,234,4
1057,68,211,4
1058,68,249,4
1059,68,246,4
1060,68,245,4
1061,68,250,4
1062,68,9,4
1063,68,254,4
1064,68,121,4
1065,68,241,4
1066,68,216,4
1067,68,210,4
1068,68,252,4
1069,68,219,4
1070,68,212,4
1071,68,6,4
1072,68,11,4
1073,68,2,4
1074,68,8,4
1075,68,248,4
1076,68,217,4
1077,68,239,4
1078,68,253,4
1079,68,220,4
1080,68,243,4
1081,68,236,4
1082,69,216,3
1083,69,215,3.5
1084,69,1,2.5
1085,69,236,2.5
1086,69,11,3
1087,69,2,1
1088,69,219,2.5
1089,69,13,3.5
1090,69,8,3.5
1091,69,205,4
1092,69,211,3.5
1093,69,235,3
1094,69,234,3
1095,69,207,3
1096,69,10,3
1097,69,17,1.5
1098,69,121,2.5
1099,70,13,3
1100,70,11,4
1101,70,234,3
1102,70,17,4
1103,70,2,3.5
1104,70,205,3.5
1105,70,5,4
1106,70,4,4
1107,70,9,4
1108,70,236,3.5
1109,70,215,3.5
1110,70,211,4
1111,70,253,3.5
1112,70,8,4
1113,70,219,3.5
1114,71,207,4
1115,71,1,3.5
1116,71,4,4
1117,71,12,2.5
1118,71,6,3.5
1119,71,9,3.5
1120,71,11,4
1121,71,3,4
1122,71,2,3.5
1123,71,10,3.5
1124,72,1,2.5
1125,72,235,3
1126,72,247,4
1127,72,2,3
1128,72,252,4
1129,72,245,4
1130,72,206,4
1131,72,121,4
1132,72,12,3
1133,72,250,3
1134,72,6,4
1135,72,220,3
1136,72,244,4
1137,72,257,0.5
1138,72,13,4
1139,72,11,2
1140,72,5,4
1141,72,207,4
1142,72,205,3
1143,72,234,4
1144,72,251,4
1145,72,216,3
1146,72,253,4
1147,72,84,4
1148,72,212,4
1149,72,217,4
1150,72,246,4
1151,72,233,4
1152,72,249,4
1153,72,215,3
1154,72,214,3.5
1155,72,213,4
1156,72,8,4
1157,72,248,4
1158,72,17,4
1159,72,243,3
1160,72,241,4
1161,72,255,4
1162,72,256,4
1163,72,236,2.5
1164,72,9,3
1165,72,3,3.5
1166,72,254,4
1167,72,7,4
1168,72,239,4
1169,72,210,4
1170,72,211,4
1171,72,10,4
1172,72,4,4
1173,72,219,4
1174,73,220,3
1175,73,243,0.5
1176,73,236,3
1177,73,244,2.5
1178,73,210,3
1179,73,206,3.5
1180,73,7,4
1181,73,4,3.5
1182,73,247,3.5
1183,73,257,3
1184,73,12,3
1185,73,10,3
1186,73,215,3
1187,73,13,3
1188,73,251,2.5
1189,73,235,3.5
1190,73,3,3.5
1191,73,233,3
1192,73,205,3.5
1193,73,213,3
1194,73,255,3
1195,73,207,3.5
1196,73,214,3
1197,73,5,4
1198,73,1,3.5
1199,73,17,2.5
1200,73,211,3
1201,73,234,3.5
1202,73,249,2.5
1203,73,246,3
1204,73,250,3
1205,73,9,2.5
1206,73,256,3.5
1207,73,254,2.5
1208,73,121,3.5
1209,73,241,4
1210,73,216,4
1211,73,84,2.5
1212,73,252,3
1213,73,219,3.5
1214,73,212,3
1215,73,6,2.5
1216,73,11,3.5
1217,73,2,3.5
1218,73,8,3
1219,73,245,3
1220,73,248,2.5
1221,73,217,3.5
1222,73,239,3
1223,73,253,3
1224,74,261,3
1225,75,216,2.5
1226,75,7,4
1227,75,257,3
1228,75,207,2.5
1229,75,2,3
1230,76,13,4
1231,77,11,2.5
1232,77,215,3
1233,78,183,1
1234,78,352,1
1235,78,353,3
1236,78,354,0.5
1237,78,355,4
1238,78,356,3
1239,78,357,3.5
1240,78,358,3
1241,78,359,1.5
1242,78,360,4
1243,78,361,2.5
1244,78,362,3
1245,78,363,4
1246,78,364,0.5
1247,78,365,3
1248,78,366,3.5
1249,78,367,4
1250,78,368,4
1251,78,369,3
1252,78,370,3.5
1253,78,177,4
1254,78,371,2.5
1255,78,372,2.5
1256,78,373,3.5
1257,78,374,2.5
1258,78,375,2
1259,78,376,2.5
1260,78,377,4
1261,78,378,1
1262,78,379,3
1263,78,380,4
1264,78,381,0.5
1265,78,382,0.5
1266,78,383,2
1267,79,384,4
1268,79,387,0.5
1269,79,390,3.5
1270,79,392,1.5
1271,79,398,4
1272,79,404,0.5
1273,79,413,1
1274,79,237,1
1275,79,172,1
1276,79,416,1
1277,79,420,1
1278,79,423,2.5
1279,79,424,1.5
1280,79,433,3.5
1281,79,437,1
1282,79,439,1.5
1283,79,440,2
1284,79,443,2.5
1285,79,444,2.5
1286,79,446,4
1287,79,361,1.5
1288,79,449,2
1289,79,458,3.5
1290,79,459,0.5
1291,79,462,3
1292,79,463,1
1293,79,466,3.5
1294,79,467,3
1295,79,469,2
1296,79,475,4
1297,79,476,1.5
1298,79,479,4
1299,79,482,2.5
1300,79,484,4
1301,79,492,2
1302,79,495,1.5
1303,79,497,3
1304,79,498,1.5
1305,79,500,4
1306,79,501,1.5
1307,79,506,1.5
1308,79,507,1
1309,79,508,4
1310,79,513,4
1311,79,517,1.5
1312,81,523,1.5
1313,81,379,3
1314,81,524,2.5
1315,81,525,4
1316,81,489,1
1317,81,181,3
1318,81,526,4
1319,81,527,3
1320,81,435,1.5
1321,81,528,1
1322,81,529,4
1323,81,407,4
1324,81,295,4
1325,81,530,4
1326,81,531,1.5
1327,81,244,3
1328,81,356,3
1329,81,214,2.5
1330,81,532,2.5
1331,81,533,1
1332,81,249,2
1333,81,11,1.5
1334,81,90,3.5
1335,81,215,3
1336,81,534,3
1337,81,535,0.5
1338,81,536,0.5
1339,81,537,3
1340,81,538,1.5
1341,81,252,3
1342,81,539,4
1343,81,540,2
1344,81,541,4
1345,81,542,2
1346,81,543,2.5
1347,81,544,2
1348,81,545,4
1349,81,546,4
1350,81,547,2.5
1351,81,548,1
1352,81,549,4
1353,81,550,1.5
1354,81,236,3
1355,81,4,3.5
1356,81,13,2.5
1357,81,207,2.5
1358,82,4,3
1359,82,207,2
1360,82,12,3
1361,82,8,4
1362,82,236,0.5
1363,82,551,3.5
1364,82,239,3
1365,82,7,4
1366,82,2,4
1367,82,11,3.5
1368,83,215,4
1369,83,243,1.5
1370,83,206,4
1371,83,248,4
1372,83,247,3.5
1373,83,249,2.5
1374,83,253,2
1375,83,246,3
1376,83,121,4
1377,83,84,3
1378,83,244,2.5
1379,83,254,2.5
1380,83,256,3
1381,84,12,3.5
1382,84,17,4
1383,84,1,3.5
1384,84,9,4
1385,84,247,3.5
1386,84,5,3.5
1387,84,217,4
1388,84,205,4
1389,84,220,4
1390,84,233,3
1391,84,235,3.5
1392,84,213,4
1393,84,7,4
1394,84,243,3
1395,84,2,4
1396,84,219,2.5
1397,84,236,4
1398,84,4,3.5
1399,84,207,4
1400,84,255,3
1401,84,8,4
1402,84,11,3.5
1403,84,13,3.5
1404,85,213,4
1405,85,245,4
1406,85,8,4
1407,85,11,4
1408,85,4,4
1409,85,13,4
1410,85,219,4
1411,85,211,4
1412,85,207,4
1413,85,255,4
1414,85,215,4
1415,85,212,4
1416,85,7,4
1417,86,121,4
1418,86,241,4
1419,86,216,4
1420,86,210,4
1421,86,252,4
1422,86,219,4
1423,86,212,4
1424,86,6,4
1425,86,11,4
1426,86,2,4
1427,86,8,4
1428,86,245,4
1429,86,248,4
1430,86,217,4
1431,86,239,4
1432,86,253,4
1433,86,220,0.5
1434,86,243,4
1435,86,236,4
1436,86,244,4
1437,86,206,4
1438,86,7,4
1439,86,4,4
1440,86,247,4
1441,86,257,4
1442,86,12,4
1443,86,10,4
1444,86,5,4
1445,86,215,4
1446,86,13,4
1447,86,251,4
1448,86,235,1.5
1449,86,3,4
1450,86,233,4
1451,86,256,4
1452,86,205,4
1453,86,213,4
1454,86,255,4
1455,86,207,4
1456,86,214,4
1457,86,1,4
1458,86,84,4
1459,86,17,4
1460,86,234,4
1461,86,211,4
1462,86,249,4
1463,86,246,4
1464,86,9,4
1465,86,250,4
1466,86,254,4
1467,87,207,2
1468,87,257,2.5
1469,87,205,1.5
1470,87,7,3
1471,87,239,1
1472,87,17,2.5
1473,87,12,3
1474,87,236,3
1475,87,1,3
1476,87,2,2.5
1477,87,219,3
1478,88,1,2
1479,88,250,4
1480,88,251,3.5
1481,88,10,2
1482,90,2,3.5
1483,90,13,3
1484,90,205,3.5
1485,90,10,3.5
1486,90,215,2.5
1487,90,214,4
1488,90,3,3.5
1489,90,1,4
1490,90,213,4
1491,90,11,3
1492,91,292,4
1493,91,242,3
1494,91,8,2.5
1495,91,211,2
1496,91,552,3
1497,91,352,1.5
1498,91,553,2
1499,91,12,1.5
1500,91,212,3
1501,91,254,2
1502,91,554,4
1503,91,6,2
1504,91,11,4
1505,91,555,4
1506,91,236,3
1507,91,556,3
1508,91,84,3
1509,91,557,3
1510,91,558,4
1511,91,559,2
1512,91,560,3.5
1513,91,561,2.5
1514,91,441,3.5
1515,91,562,4
1516,91,563,3.5
1517,91,252,3
1518,91,564,4
1519,91,216,2
1520,91,565,4
1521,91,566,3.5
1522,91,4,4
1523,91,567,3
1524,91,568,1.5
1525,91,425,4
1526,91,121,4
1527,91,569,3.5
1528,91,570,3.5
1529,91,571,4
1530,91,572,4
1531,91,573,4
1532,91,574,3
1533,91,255,3
1534,91,575,1.5
1535,91,220,3
1536,91,576,3
1537,91,245,2.5
1538,91,234,4
1539,91,393,4
1540,92,241,3
1541,92,13,2
1542,92,17,3.5
1543,92,215,2.5
1544,92,9,3.5
1545,92,250,3.5
1546,92,1,3
1547,92,211,2
1548,92,254,3
1549,92,84,4
1550,92,236,3.5
1551,92,206,3.5
1552,92,216,1.5
1553,92,205,3.5
1554,92,207,3
1555,92,11,3
1556,92,8,2.5
1557,92,4,2
1558,92,12,1.5
1559,92,219,3.5
1560,92,253,3.5
1561,92,10,2
1562,92,255,3
1563,92,2,1.5
1564,92,213,3.5
1565,92,7,3.5
1566,93,2,3
1567,93,215,2.5
1568,93,1,2.5
1569,93,216,3
1570,93,9,3.5
1571,93,12,2
1572,93,11,3.5
1573,93,207,3
1574,93,3,3
1575,93,13,3
1576,93,7,2.5
1577,93,4,3
1578,94,235,3
1579,94,10,3
1580,94,5,3
1581,94,254,3.5
1582,94,234,3
1583,94,7,2
1584,95,577,2
1585,95,578,3
1586,95,579,3.5
1587,95,580,4
1588,96,220,1.5
1589,96,121,4
1590,96,241,2.5
1591,96,216,3
1592,96,210,4
1593,96,252,1.5
1594,96,219,3.5
1595,96,6,3
1596,96,11,3.5
1597,96,2,2.5
1598,96,8,3
1599,96,248,4
1600,96,581,2
1601,96,217,2
1602,96,239,2.5
1603,96,253,3.5
1604,96,243,3.5
1605,96,236,3.5
1606,96,244,3.5
1607,96,206,3
1608,96,7,1.5
1609,96,251,1
1610,96,4,2.5
1611,96,247,3.5
1612,96,233,3
1613,96,257,4
1614,96,12,2.5
1615,96,207,2.5
1616,96,10,3.5
1617,96,5,3
1618,96,1,3.5
1619,96,215,2.5
1620,96,211,3
1621,96,13,2
1622,96,235,1.5
1623,96,3,3.5
1624,96,256,3.5
1625,96,205,2
1626,96,213,4
1627,96,255,3
1628,96,214,2.5
1629,96,84,2
1630,96,17,2.5
1631,96,212,2
1632,96,234,3.5
1633,96,249,3
1634,96,246,2.5
1635,96,245,3
1636,96,250,4
1637,96,9,2
1638,96,254,3.5
1639,97,236,4
1640,97,248,1.5
1641,97,6,4
1642,97,235,2
1643,97,215,3
1644,97,212,2.5
1645,97,211,4
1646,97,252,1.5
1647,97,246,2.5
1648,97,244,2
1649,97,3,3.5
1650,97,4,4
1651,97,245,2
1652,97,241,1
1653,97,257,3.5
1654,97,254,3
1655,97,219,3
1656,97,207,3.5
1657,97,256,3
1658,97,243,1.5
1659,97,205,3
1660,97,84,4
1661,97,13,2.5
1662,97,220,3
1663,97,249,2.5
1664,97,8,4
1665,97,7,4
1666,97,210,2
1667,97,11,4
1668,97,12,4
1669,97,17,4
1670,97,253,1
1671,97,239,3.5
1672,97,250,3
1673,97,233,3
1674,97,5,4
1675,97,255,3.5
1676,97,234,2
1677,97,10,2
1678,97,121,3
1679,97,251,2
1680,97,1,0.5
1681,97,213,2.5
1682,97,206,3.5
1683,97,214,3
1684,97,2,4
1685,97,217,1.5
1686,97,216,1.5
1687,97,247,4
1688,97,9,4
1689,98,582,2
1690,98,7,4
1691,98,309,4
1692,98,313,4
1693,98,583,3
1694,98,584,4
1695,98,522,2
1696,98,169,3
1697,98,585,2.5
1698,98,257,1
1699,98,586,4
1700,98,587,3.5
1701,98,588,4
1702,98,217,3
1703,98,589,4
1704,98,590,4
1705,98,341,3.5
1706,98,318,4
1707,98,432,4
1708,98,591,4
1709,98,592,4
1710,98,593,4
1711,98,336,4
1712,98,594,1
1713,98,595,4
1714,98,294,4
1715,98,596,4
1716,98,218,3.5
1717,98,345,2.5
1718,98,512,4
1719,98,2,4
1720,98,597,4
1721,98,12,4
1722,98,254,3
1723,98,91,4
1724,98,207,4
1725,98,365,4
1726,98,236,1
1727,99,233,2
1728,99,215,1
1729,99,12,2
1730,99,241,2
1731,99,254,4
1732,100,215,3
1733,101,2,4
1734,101,216,4
1735,102,12,3.5
1736,102,17,3.5
1737,102,2,3.5
1738,102,9,3
1739,102,207,3
1740,102,7,3.5
1741,102,3,3
1742,103,459,3.5
1743,103,384,4
1744,104,213,2.5
1745,104,17,3.5
1746,104,10,2
1747,104,11,3.5
1748,104,4,4
1749,104,12,2
1750,104,236,2
1751,104,7,4
1752,104,216,2.5
1753,105,17,3
1754,105,211,3.5
1755,105,257,2.5
1756,105,7,3
1757,105,254,2.5
1758,106,239,3.5
1759,106,2,3
1760,106,17,2
1761,106,10,2.5
1762,106,5,3.5
1763,106,213,3.5
1764,106,217,4
1765,106,7,2.5
1766,106,207,2
1767,106,12,3
1768,106,8,1
1769,107,215,4
1770,107,17,3.5
1771,107,205,0.5
1772,107,220,4
1773,107,245,4
1774,107,239,4
1775,107,207,2.5
1776,107,235,3
1777,107,8,2.5
1778,107,211,4
1779,107,3,3
1780,107,598,4
1781,107,2,3.5
1782,107,219,3
1783,107,12,2.5
1784,107,254,4
1785,107,11,4
1786,107,236,3
1787,107,84,2.5
1788,107,10,4
1789,107,7,3
1790,107,210,4
1791,107,233,2.5
1792,107,13,4
1793,107,1,4
1794,107,5,4
1795,107,213,4
1796,107,241,4
1797,107,216,4
1798,107,257,2.5
1799,107,206,4
1800,107,246,4
1801,107,4,3.5
1802,107,217,4
1803,107,9,3
1804,107,121,2.5
1805,108,11,3.5
1806,108,10,4
1807,108,4,4
1808,108,2,3.5
1809,109,599,4
1810,109,318,4
1811,109,600,4
1812,109,410,4
1813,109,512,4
1814,109,358,4
1815,109,601,4
1816,109,602,4
1817,109,603,4
1818,109,432,4
1819,109,59,4
1820,109,604,4
1821,110,3,3.5
1822,110,235,3
1823,110,219,3
1824,110,545,4
1825,110,216,2.5
1826,110,1,3.5
1827,110,605,3
1828,111,244,0.5
1829,111,210,1
1830,111,9,3
1831,111,248,2.5
1832,111,13,2
1833,111,215,2.5
1834,111,5,0.5
1835,111,213,0.5
1836,111,252,2
1837,111,241,1
1838,111,205,3.5
1839,111,216,3
1840,111,206,4
1841,111,246,1.5
1842,111,4,1.5
1843,111,217,2.5
1844,111,220,1
1845,111,121,2.5
1846,111,239,1
1847,111,256,2
1848,111,8,2.5
1849,111,3,0.5
1850,111,17,1.5
1851,111,2,0.5
1852,111,255,1
1853,111,214,0.5
1854,111,243,3
1855,111,245,1
1856,111,234,3
1857,111,254,2.5
1858,111,207,2
1859,111,251,1
1860,111,235,0.5
1861,111,253,1.5
1862,111,211,2.5
1863,111,247,4
1864,111,10,2.5
1865,111,7,2.5
1866,111,233,2.5
1867,111,219,1.5
1868,111,12,3
1869,111,212,3.5
1870,111,250,1.5
1871,111,1,1
1872,111,6,1.5
1873,111,11,1.5
1874,111,236,3
1875,111,249,2
1876,111,257,1.5
1877,111,84,2
1878,112,236,3
1879,112,389,1
1880,112,7,3
1881,112,606,3
1882,112,250,3
1883,112,218,3
1884,112,219,3.5
1885,112,1,3
1886,112,247,2
1887,112,252,0.5
1888,112,207,0.5
1889,112,12,3.5
1890,112,244,1
1891,112,607,2
1892,112,338,4
1893,112,608,1
1894,112,214,2
1895,112,609,1.5
1896,112,235,1
1897,113,9,2.5
1898,114,253,2
1899,114,239,3
1900,114,214,3
1901,114,233,1
1902,114,206,3.5
1903,114,235,4
1904,114,3,3
1905,114,5,3
1906,114,216,3.5
1907,114,257,1.5
1908,114,205,1
1909,114,220,3
1910,114,255,1
1911,114,8,3.5
1912,115,205,3.5
1913,115,2,3.5
1914,115,4,3.5
1915,115,7,2
1916,115,3,4
1917,115,220,3.5
1918,115,17,2
1919,115,233,3
1920,115,11,3.5
1921,115,1,3.5
1922,115,253,2.5
1923,115,212,3.5
1924,115,236,3.5
1925,115,5,3.5
1926,115,12,2
1927,115,241,3
1928,115,10,3.5
1929,115,255,3.5
1930,115,121,3.5
1931,115,84,3
1932,115,207,3.5
1933,115,249,2.5
1934,115,250,3
1935,115,219,2.5
1936,115,206,4
1937,116,299,4
1938,116,610,4
1939,116,4,3.5
1940,116,9,2.5
1941,116,239,3.5
1942,116,6,2.5
1943,116,234,2.5
1944,116,611,4
1945,116,220,3
1946,117,5,3.5
1947,117,7,3.5
1948,117,219,3
1949,117,236,3
1950,117,11,3
1951,117,8,3
1952,117,17,2.5
1953,117,13,3
1954,117,10,3
1955,117,207,3.5
1956,117,12,3.5
1957,118,1,2
1958,118,236,3.5
1959,118,235,2.5
1960,118,12,3
1961,119,207,2
1962,119,7,4
1963,119,17,3
1964,119,4,3
1965,119,11,3.5
1966,120,6,4
1967,120,205,2
1968,121,214,3.5
1969,121,218,4
1970,121,205,3
1971,121,17,4
1972,121,248,2.5
1973,121,210,3
1974,121,233,3
1975,121,215,4
1976,121,3,3
1977,121,11,4
1978,121,253,3
1979,121,1,4
1980,121,220,2
1981,121,256,2.5
1982,121,212,3.5
1983,121,217,3
1984,121,243,2
1985,121,245,3.5
1986,121,236,3.5
1987,121,244,3
1988,121,211,4
1989,121,234,3
1990,121,10,3.5
1991,121,255,3
1992,121,13,3.5
1993,121,84,2.5
1994,121,249,2.5
1995,121,250,3
1996,121,252,3
1997,121,246,3
1998,121,5,3
1999,121,12,3
2000,121,241,3
2001,121,6,3.5
2002,121,8,3
2003,121,216,2.5
2004,121,121,3.5
2005,121,207,3.5
2006,121,251,3
2007,121,235,3.5
2008,121,239,3
2009,121,213,4
2010,121,2,4
2011,121,219,2.5
2012,121,254,3.5
2013,121,4,4
2014,121,9,3
2015,121,7,4
2016,121,206,3
2017,121,257,3.5
2018,121,247,3
2019,122,245,2.5
2020,122,217,1
2021,122,220,1.5
2022,122,236,2
2023,122,244,3.5
2024,122,7,1.5
2025,122,10,0.5
2026,122,215,3
2027,122,13,3
2028,122,233,2.5
2029,122,255,3
2030,122,207,0.5
2031,122,1,1
2032,122,211,3
2033,122,246,2
2034,122,9,3
2035,122,254,1.5
2036,122,121,3
2037,122,2,3
2038,123,257,0.5
2039,123,17,4
2040,123,241,1.5
2041,123,13,4
2042,123,1,1.5
2043,123,250,3
2044,123,207,1
2045,123,11,4
2046,123,4,2
2047,123,206,3
2048,123,205,2.5
2049,123,5,3.5
2050,123,7,3
2051,123,235,0.5
2052,123,236,3.5
2053,124,214,1.5
2054,124,17,3
2055,124,212,2
2056,124,234,2
2057,124,246,1
2058,124,245,3
2059,124,250,3
2060,124,9,2
2061,124,254,3.5
2062,124,220,2
2063,124,121,3
2064,124,241,3.5
2065,124,216,1
2066,124,210,2.5
2067,124,252,1
2068,124,219,2
2069,124,6,0.5
2070,124,11,3.5
2071,124,2,2.5
2072,124,8,3
2073,124,248,1.5
2074,124,217,4
2075,124,239,2
2076,124,253,3.5
2077,124,243,3.5
2078,124,236,2.5
2079,124,244,3.5
2080,124,206,2.5
2081,124,7,1
2082,124,251,3
2083,124,247,1
2084,124,4,1.5
2085,124,233,1.5
2086,124,257,2
2087,124,12,4
2088,124,207,2.5
2089,124,10,4
2090,124,5,0.5
2091,124,1,4
2092,124,215,2
2093,124,211,2
2094,124,13,4
2095,124,235,2
2096,124,249,4
2097,124,3,3.5
2098,124,256,2.5
2099,124,205,1
2100,124,213,2
2101,124,255,1.5
2102,125,219,2
2103,125,1,4
2104,125,11,4
2105,125,236,4
2106,125,10,2.5
2107,125,13,4
2108,125,213,4
2109,125,216,4
2110,125,4,3.5
2111,125,239,4
2112,125,215,3
2113,125,17,3.5
2114,125,205,4
2115,125,254,3.5
2116,125,207,3
2117,125,251,4
2118,125,235,4
2119,125,253,4
2120,125,8,4
2121,125,211,4
2122,125,3,4
2123,125,7,4
2124,126,5,4
2125,126,8,4
2126,126,121,4
2127,126,3,3.5
2128,126,9,4
2129,126,211,1.5
2130,126,245,3.5
2131,126,214,4
2132,126,239,2
2133,126,12,3
2134,126,11,3.5
2135,126,251,2.5
2136,126,84,3.5
2137,126,6,4
2138,126,17,3.5
2139,126,548,2
2140,126,255,4
2141,126,7,2
2142,126,236,4
2143,126,4,3.5
2144,126,207,1.5
2145,127,213,1
2146,127,234,3
2147,127,3,1.5
2148,127,11,2
2149,127,215,4
2150,127,254,2.5
2151,127,13,3
2152,127,612,3
2153,127,613,2.5
2154,127,2,1.5
2155,127,1,1.5
2156,127,10,2
2157,127,614,2.5
2158,128,252,2
2159,128,246,1.5
2160,128,5,3
2161,128,12,1.5
2162,128,241,3.5
2163,128,6,2
2164,128,615,3.5
2165,128,8,3.5
2166,128,121,3
2167,128,207,3
2168,128,251,3.5
2169,128,235,2
2170,128,239,3
2171,128,213,2
2172,128,2,3
2173,128,219,3
2174,128,254,3
2175,128,4,2
2176,128,9,2.5
2177,128,7,3
2178,128,206,3.5
2179,128,257,1
2180,128,247,1.5
2181,128,214,2
2182,128,616,4
2183,128,205,3
2184,128,243,1
2185,128,17,1.5
2186,128,248,1.5
2187,128,210,1
2188,128,233,3
2189,128,215,3
2190,128,3,2.5
2191,128,11,3.5
2192,128,253,3
2193,128,1,1.5
2194,128,220,2
2195,128,256,2
2196,128,212,1
2197,128,617,3
2198,128,217,2.5
2199,128,245,1.5
2200,128,236,2.5
2201,128,244,1.5
2202,128,211,1.5
2203,128,255,2.5
2204,128,234,3
2205,128,10,3.5
2206,128,216,2
2207,128,13,1.5
2208,128,84,1.5
2209,128,599,3
2210,128,249,1.5
2211,128,405,4
2212,128,618,2.5
2213,128,250,1.5
2214,129,219,4
2215,129,244,4
2216,129,9,4
2217,129,213,3.5
2218,129,4,3.5
2219,129,217,4
2220,129,245,4
2221,129,8,3.5
2222,129,3,4
2223,129,2,3
2224,129,214,4
2225,129,253,4
2226,129,10,3.5
2227,129,210,4
2228,130,13,3.5
2229,130,1,2.5
2230,130,10,2.5
2231,130,213,3
2232,130,2,4
2233,130,3,4
2234,130,205,3.5
2235,130,220,0.5
2236,130,235,1.5
2237,130,215,4
2238,130,239,3.5
2239,130,11,3
2240,130,216,3
2241,130,214,3.5
2242,130,234,3
2243,130,212,2.5
2244,131,251,3.5
2245,131,215,3.5
2246,132,7,4
2247,133,619,3.5
2248,133,5,3.5
2249,133,234,2
2250,133,2,3.5
2251,133,11,3
2252,134,235,3.5
2253,134,241,2
2254,134,207,3
2255,135,236,3.5
2256,135,215,3
2257,135,219,3.5
2258,135,1,3
2259,135,11,3
2260,135,210,4
2261,135,7,3.5
2262,136,620,4
2263,136,621,4
2264,136,362,4
2265,136,12,3.5
2266,136,11,4
2267,136,215,3
2268,136,622,4
2269,136,623,4
2270,136,624,4
2271,136,625,4
2272,136,626,4
2273,136,627,4
2274,136,628,2.5
2275,136,610,4
2276,136,629,4
2277,136,630,4
2278,136,631,1
2279,136,632,4
2280,136,17,4
2281,136,372,4
2282,136,373,3
2283,136,633,4
2284,136,255,3.5
2285,136,103,3
2286,136,634,4
2287,136,4,4
2288,136,635,4
2289,136,207,3
2290,136,636,4
2291,136,8,4
2292,136,637,4
2293,136,638,3.5
2294,136,639,2.5
2295,136,640,2.5
2296,136,641,3.5
2297,136,642,4
2298,136,643,4
2299,136,644,4
2300,136,2,4
2301,136,645,3.5
2302,136,646,4
2303,136,647,3
2304,136,648,4
2305,136,649,4
2306,136,219,3.5
2307,136,650,4
2308,136,651,4
2309,136,652,3
2310,137,249,3
2311,137,246,3
2312,137,9,3
2313,137,250,2
2314,137,256,2.5
2315,137,254,3
2316,137,121,3
2317,137,241,3
2318,137,216,3.5
2319,137,210,2.5
2320,137,252,3
2321,137,219,3.5
2322,137,212,3
2323,137,6,3
2324,137,11,4
2325,137,2,3.5
2326,137,8,4
2327,137,245,3.5
2328,137,248,3
2329,137,217,3
2330,137,239,3
2331,137,253,3
2332,137,220,3
2333,137,243,3.5
2334,137,236,3
2335,137,244,2.5
2336,137,206,3.5
2337,137,7,3
2338,137,4,4
2339,137,247,3.5
2340,137,257,2
2341,137,12,3
2342,137,10,4
2343,137,5,3.5
2344,137,215,4
2345,137,13,4
2346,137,251,3.5
2347,137,235,2.5
2348,137,3,3
2349,137,233,3
2350,137,205,3
2351,137,213,4
2352,137,255,3.5
2353,137,207,3.5
2354,137,214,3
2355,137,1,3.5
2356,137,84,3
2357,137,17,4
2358,137,234,2
2359,137,211,3.5
2360,138,12,4
2361,138,212,4
2362,138,254,3.5
2363,138,250,3
2364,138,6,2
2365,138,11,4
2366,138,236,3
2367,138,249,3
2368,138,84,3.5
2369,138,244,2
2370,138,10,3.5
2371,138,210,3
2372,138,233,2
2373,138,248,3
2374,138,13,3.5
2375,138,1,3.5
2376,138,5,3
2377,138,213,3.5
2378,138,252,2
2379,138,241,2
2380,138,216,3.5
2381,138,257,3
2382,138,206,2
2383,138,246,2
2384,138,4,4
2385,138,217,2.5
2386,138,9,3
2387,138,121,3
2388,138,256,2
2389,138,215,3
2390,138,17,4
2391,138,205,4
2392,138,255,3
2393,138,214,2
2394,138,220,2
2395,138,245,2
2396,138,239,3
2397,138,234,2
2398,138,207,2
2399,138,251,2
2400,138,235,3
2401,138,253,2
2402,138,8,3
2403,138,211,1
2404,138,3,3.5
2405,138,247,2
2406,138,2,2
2407,138,7,4
2408,138,243,2.5
2409,138,219,4
2410,139,256,3
2411,139,241,4
2412,139,215,4
2413,139,11,3.5
2414,139,219,2.5
2415,139,84,3
2416,139,253,2.5
2417,139,4,3.5
2418,139,6,3.5
2419,139,233,3
2420,139,250,3.5
2421,139,207,4
2422,139,206,2.5
2423,139,121,2.5
2424,139,244,3
2425,139,7,4
2426,139,12,4
2427,139,211,3
2428,139,234,3
2429,139,220,3
2430,139,249,3.5
2431,139,239,4
2432,139,10,4
2433,139,257,4
2434,139,214,3
2435,139,3,3
2436,139,17,4
2437,139,251,3.5
2438,139,247,2.5
2439,139,246,4
2440,139,212,4
2441,139,213,3
2442,139,235,2.5
2443,139,9,3
2444,139,255,3
2445,139,216,4
2446,139,210,3
2447,139,2,4
2448,139,205,4
2449,139,252,3
2450,139,1,3
2451,139,248,3
2452,139,8,3.5
2453,139,254,4
2454,139,13,4
2455,139,243,3.5
2456,139,245,3
2457,139,236,2.5
2458,139,217,2.5
2459,139,5,3
2460,140,11,4
2461,140,215,2.5
2462,141,653,4
2463,141,654,4
2464,141,655,4
2465,142,236,3.5
2466,142,8,3
2467,142,7,2
2468,142,219,3
2469,142,212,3
2470,142,252,3
2471,142,250,3.5
2472,142,12,1
2473,142,425,4
2474,142,17,2.5
2475,142,1,2.5
2476,142,207,2.5
2477,142,242,4
2478,142,3,3.5
2479,142,205,4
2480,142,5,3.5
2481,143,431,4
2482,144,17,4
2483,144,9,2.5
2484,144,419,2
2485,144,219,3
2486,144,242,4
2487,144,11,4
2488,144,2,3.5
2489,144,656,4
2490,144,278,4
2491,144,8,3
2492,144,352,2
2493,144,236,3
2494,144,7,4
2495,144,434,3
2496,144,148,3.5
2497,144,4,4
2498,144,657,4
2499,144,658,4
2500,144,659,2.5
2501,144,12,3
2502,144,207,3.5
2503,144,5,4
2504,144,218,3
2505,144,1,3
2506,144,215,4
2507,144,211,3
2508,144,660,4
2509,145,257,1
2510,145,2,3
2511,145,207,2
2512,145,236,2.5
2513,145,7,2.5
2514,145,239,3
2515,146,220,3.5
2516,146,243,3
2517,146,244,1
2518,146,210,3
2519,146,206,3.5
2520,146,4,4
2521,146,247,3
2522,146,257,2
2523,146,215,3.5
2524,146,233,2.5
2525,146,205,3
2526,146,213,3.5
2527,146,255,3
2528,146,214,0.5
2529,146,1,3.5
2530,146,234,3
2531,146,211,3.5
2532,146,249,2.5
2533,146,246,2.5
2534,146,250,4
2535,146,9,3.5
2536,146,256,2.5
2537,146,121,2
2538,146,219,3.5
2539,146,252,0.5
2540,146,212,3
2541,146,6,3
2542,146,11,4
2543,146,2,3.5
2544,146,8,3.5
2545,146,245,3
2546,146,248,2.5
2547,147,1,2.5
2548,147,84,2.5
2549,147,17,3.5
2550,147,234,2
2551,147,211,3.5
2552,147,246,2.5
2553,147,249,2
2554,147,9,4
2555,147,250,1
2556,147,254,2
2557,147,121,1.5
2558,147,241,2
2559,147,216,3
2560,147,210,2
2561,147,252,2.5
2562,147,219,2
2563,147,212,2
2564,147,6,3
2565,147,11,4
2566,147,2,4
2567,147,8,4
2568,147,245,3
2569,147,248,2
2570,147,217,3
2571,147,239,1.5
2572,147,253,2
2573,147,220,3.5
2574,147,243,1.5
2575,147,236,4
2576,147,244,2
2577,147,7,3.5
2578,147,206,3
2579,147,4,4
2580,147,247,2
2581,147,257,3
2582,147,12,4
2583,147,10,3
2584,147,5,3
2585,147,215,4
2586,147,13,3.5
2587,147,251,2
2588,147,235,3
2589,147,3,2
2590,147,233,3
2591,147,256,2
2592,147,205,1.5
2593,147,213,2.5
2594,147,255,3
2595,147,207,3.5
2596,147,214,3
2597,148,236,3.5
2598,148,12,2
2599,148,8,4
2600,148,235,3.5
2601,148,206,2.5
2602,148,2,3.5
2603,148,205,4
2604,149,7,3.5
2605,150,243,2.5
2606,150,17,3
2607,150,215,3.5
2608,150,3,3.5
2609,150,11,3.5
2610,150,1,3
2611,150,253,3.5
2612,150,220,2.5
2613,150,242,3.5
2614,150,245,2.5
2615,150,236,4
2616,150,12,2
2617,150,8,4
2618,150,234,2.5
2619,150,10,2.5
2620,150,661,3
2621,150,13,3
2622,150,121,3
2623,150,207,3.5
2624,150,251,3
2625,150,282,4
2626,150,219,3.5
2627,150,5,3.5
2628,150,241,3
2629,150,6,3
2630,150,662,3.5
2631,150,663,4
2632,150,235,2.5
2633,150,239,3
2634,150,213,2.5
2635,150,2,3
2636,150,9,3.5
2637,150,7,2.5
2638,150,210,3
2639,150,247,3
2640,150,205,3
2641,151,12,2.5
2642,151,206,4
2643,151,7,4
2644,151,234,3
2645,151,207,4
2646,151,3,2.5
2647,151,11,3.5
2648,151,9,3.5
2649,151,220,3.5
2650,151,241,3
2651,151,2,3
2652,151,13,3.5
2653,151,8,3
2654,151,1,2
2655,151,236,2
2656,151,211,3.5
2657,152,210,2
2658,152,8,4
2659,152,206,2.5
2660,152,3,4
2661,152,235,2.5
2662,152,2,2.5
2663,152,251,4
2664,152,241,1
2665,152,17,1.5
2666,152,213,2.5
2667,152,219,4
2668,152,215,3.5
2669,152,207,1.5
2670,152,250,4
2671,152,236,4
2672,152,211,4
2673,152,205,1.5
2674,152,1,2.5
2675,152,7,4
2676,152,10,2
2677,152,246,3
2678,152,12,3
2679,153,468,3
2680,153,638,4
2681,154,665,3.5
2682,154,667,3.5
2683,154,669,4
2684,154,670,4
2685,154,671,3.5
2686,154,146,4
2687,154,672,4
2688,154,673,4
2689,154,13,4
2690,154,239,3.5
2691,154,674,3
2692,155,4,2.5
2693,155,241,0.5
2694,155,235,4
2695,155,13,3.5
2696,155,243,4
2697,155,1,3.5
2698,155,236,2
2699,155,248,1.5
2700,155,12,1
2701,155,205,3
2702,155,121,2
2703,155,247,2.5
2704,155,17,3.5
2705,155,251,1
2706,155,255,3
2707,155,249,3
2708,155,6,2.5
2709,155,239,1.5
2710,155,250,2
2711,155,217,1.5
2712,155,210,1
2713,155,219,0.5
2714,155,234,1
2715,155,253,2
2716,155,212,3
2717,155,246,1
2718,155,9,4
2719,155,245,3.5
2720,155,211,3
2721,155,216,1.5
2722,155,254,2.5
2723,155,207,3
2724,155,233,2.5
2725,155,84,3.5
2726,155,244,0.5
2727,155,252,1
2728,155,256,2.5
2729,155,3,4
2730,155,8,1.5
2731,155,5,2
2732,155,214,3.5
2733,155,206,2
2734,155,7,0.5
2735,155,257,3.5
2736,155,10,1
2737,155,11,4
2738,155,220,1.5
2739,155,215,4
2740,155,2,4
2741,155,213,2
2742,156,217,3.5
2743,156,243,2.5
2744,156,245,1.5
2745,156,236,3
2746,156,211,2.5
2747,156,10,2.5
2748,156,255,2
2749,156,13,2.5
2750,156,212,2
2751,156,252,0.5
2752,156,244,4
2753,156,246,4
2754,156,5,3
2755,156,12,3
2756,156,241,4
2757,156,6,1.5
2758,156,8,3
2759,156,234,2
2760,156,216,2
2761,156,121,4
2762,156,84,1.5
2763,156,207,2
2764,156,251,2
2765,156,249,2
2766,156,235,1.5
2767,156,250,1.5
2768,156,213,2.5
2769,156,219,1.5
2770,156,254,3.5
2771,156,4,2
2772,156,9,3.5
2773,156,7,1.5
2774,156,206,2
2775,156,257,2
2776,156,247,2
2777,156,214,3.5
2778,156,205,2.5
2779,156,239,3
2780,156,2,3.5
2781,156,17,2
2782,156,248,2
2783,156,210,3.5
2784,156,233,1
2785,156,215,2
2786,156,3,1.5
2787,156,11,3.5
2788,156,253,3.5
2789,156,1,3
2790,156,220,0.5
2791,156,256,2
2792,157,219,3
2793,157,13,3.5
2794,157,2,4
2795,157,7,3
2796,157,3,4
2797,157,215,3.5
2798,158,10,4
2799,158,11,4
2800,158,7,4
2801,159,236,2.5
2802,159,11,3.5
2803,159,12,1
2804,159,4,3.5
2805,159,2,3
2806,159,241,0.5
2807,159,8,3.5
2808,159,675,4
2809,159,17,4
2810,159,239,2
2811,159,7,3
2812,159,216,0.5
2813,160,3,4
2814,160,2,3.5
2815,160,7,3
2816,160,1,3
2817,160,11,4
2818,160,236,4
2819,160,10,2.5
2820,160,9,3.5
2821,160,13,4
2822,160,5,3
2823,160,213,4
2824,160,241,3.5
2825,160,216,3
2826,160,4,4
2827,160,239,3
2828,160,215,4
2829,160,17,4
2830,160,254,3.5
2831,160,207,3.5
2832,160,251,3.5
2833,160,8,3.5
2834,161,593,2.5
2835,161,657,4
2836,161,13,4
2837,161,676,2
2838,161,677,2.5
2839,161,305,2
2840,161,442,4
2841,161,678,2
2842,161,679,2.5
2843,161,680,2
2844,161,335,4
2845,161,453,2.5
2846,161,314,3
2847,161,682,3
2848,161,419,2.5
2849,161,683,3.5
2850,161,684,2
2851,161,423,2
2852,161,685,0.5
2853,161,686,1.5
2854,161,592,2
2855,161,687,0.5
2856,161,688,2.5
2857,161,522,3
2858,161,689,4
2859,161,690,4
2860,161,691,2.5
2861,161,692,0.5
2862,161,220,4
2863,161,693,3
2864,161,694,2
2865,161,348,4
2866,161,434,4
2867,161,695,0.5
2868,161,597,1.5
2869,161,697,3
2870,161,698,1
2871,161,699,3
2872,161,700,1.5
2873,161,701,4
2874,161,702,3.5
2875,161,250,3.5
2876,161,703,1
2877,161,704,4
2878,161,257,2
2879,161,705,3.5
2880,161,706,2.5
2881,161,606,3
2882,161,707,3
2883,161,708,2
2884,161,604,3
2885,161,709,3
2886,161,286,4
2887,161,452,2.5
2888,161,596,1.5
2889,161,710,2
2890,161,711,1.5
2891,161,712,4
2892,161,298,4
2893,161,713,3.5
2894,161,714,1.5
2895,161,600,3
2896,161,454,3.5
2897,161,585,3
2898,161,564,4
2899,161,5,3.5
2900,161,215,4
2901,161,617,2
2902,161,716,2.5
2903,161,717,4
2904,161,718,3
2905,161,720,2
2906,161,721,0.5
2907,161,584,4
2908,161,722,0.5
2909,161,723,3.5
2910,161,724,0.5
2911,161,474,0.5
2912,161,379,3
2913,161,725,1.5
2914,161,268,1.5
2915,161,726,3.5
2916,161,81,3
2917,161,727,1
2918,161,241,2.5
2919,161,729,2.5
2920,161,730,3
2921,161,365,3.5
2922,161,731,2.5
2923,161,196,3
2924,161,529,2
2925,161,265,3
2926,161,658,3.5
2927,161,486,3.5
2928,161,732,4
2929,161,668,3
2930,161,352,2.5
2931,161,733,0.5
2932,161,528,3
2933,161,734,1
2934,161,26,3
2935,161,735,3
2936,161,598,2
2937,161,490,2
2938,161,736,2
2939,161,737,4
2940,161,738,1.5
2941,161,739,2
2942,161,740,2.5
2943,161,389,4
2944,161,741,1.5
2945,161,336,4
2946,161,742,2
2947,161,743,2.5
2948,161,655,3
2949,161,744,2
2950,161,745,3
2951,161,746,3.5
2952,161,747,3
2953,161,28,0.5
2954,161,748,0.5
2955,161,3,3.5
2956,161,749,2.5
2957,161,750,2.5
2958,161,287,3
2959,161,751,1.5
2960,161,308,4
2961,161,753,3
2962,161,754,3
2963,161,755,2
2964,161,756,2
2965,161,757,4
2966,161,758,3
2967,161,510,2.5
2968,161,509,3
2969,161,537,3
2970,161,12,3.5
2971,161,307,3.5
2972,161,280,3
2973,161,83,3
2974,161,759,2
2975,161,345,3
2976,161,521,3.5
2977,161,339,4
2978,161,618,4
2979,161,588,3.5
2980,161,20,3.5
2981,161,93,3
2982,161,760,3
2983,161,134,3.5
2984,161,761,4
2985,161,620,3.5
2986,161,762,1
2987,161,763,3.5
2988,161,211,2.5
2989,161,675,2.5
2990,161,275,4
2991,161,205,3
2992,161,765,3
2993,161,766,2.5
2994,161,284,2.5
2995,161,767,2.5
2996,161,351,0.5
2997,161,768,2.5
2998,161,769,3.5
2999,161,383,3
3000,162,770,4
3001,163,17,3.5
3002,163,213,4
3003,163,219,3
3004,163,207,3
3005,163,254,3.5
3006,163,11,3.5
3007,163,250,4
3008,163,236,3
3009,163,211,2.5
3010,163,205,1
3011,163,233,3.5
3012,163,5,3.5
3013,163,7,3.5
3014,163,12,3
3015,163,220,4
3016,163,239,4
3017,163,210,2.5
3018,163,8,3
3019,163,253,3.5
3020,163,3,3.5
3021,163,217,3.5
3022,164,771,3.5
3023,164,490,3
3024,164,772,4
3025,164,13,4
3026,164,583,4
3027,164,773,3.5
3028,164,774,4
3029,164,775,4
3030,164,397,3.5
3031,164,776,0.5
3032,164,655,3
3033,164,442,3
3034,164,778,3
3035,164,445,3
3036,164,779,2
3037,164,519,4
3038,164,131,3
3039,164,780,3.5
3040,164,509,3
3041,164,781,3
3042,164,782,3
3043,164,783,2.5
3044,164,696,3.5
3045,164,701,3
3046,164,785,3
3047,164,786,3.5
3048,164,787,3
3049,164,788,3.5
3050,164,789,3
3051,165,790,4
3052,165,791,2
3053,165,360,3.5
3054,165,792,2.5
3055,165,795,1
3056,165,797,3
3057,165,799,3
3058,165,801,3
3059,165,802,2
3060,165,803,2.5
3061,165,804,1.5
3062,165,805,4
3063,166,215,0.5
3064,166,250,4
3065,166,251,3
3066,166,84,3.5
3067,166,233,3
3068,166,241,2
3069,166,254,3
3070,166,2,4
3071,166,256,4
3072,166,8,4
3073,166,212,4
3074,166,257,1
3075,166,243,3
3076,166,9,0.5
3077,166,235,4
3078,166,210,1.5
3079,166,6,3.5
3080,166,248,1.5
3081,166,12,1.5
3082,166,249,3.5
3083,167,8,3
3084,167,121,3
3085,167,2,3.5
3086,167,254,4
3087,167,206,4
3088,167,205,4
3089,167,243,2.5
3090,167,212,4
3091,167,245,4
3092,167,236,3
3093,167,255,4
3094,167,84,3
3095,167,250,3.5
3096,167,252,3.5
3097,167,246,3.5
3098,168,17,2.5
3099,168,251,2.5
3100,168,2,2.5
3101,168,249,2.5
3102,168,4,4
3103,168,217,2.5
3104,168,210,4
3105,168,219,2.5
3106,168,234,3
3107,168,253,3.5
3108,168,246,3.5
3109,168,9,4
3110,168,205,2.5
3111,168,121,3.5
3112,168,216,2.5
3113,168,255,2.5
3114,168,6,3.5
3115,168,207,3
3116,168,239,3.5
3117,168,250,3
3118,168,233,3
3119,168,84,3.5
3120,168,244,3
3121,168,212,2.5
3122,168,245,2.5
3123,168,211,4
3124,168,291,3
3125,168,254,3
3126,168,256,2.5
3127,168,3,3
3128,168,5,3.5
3129,168,214,3
3130,168,8,4
3131,168,252,2.5
3132,168,10,3
3133,168,11,4
3134,168,220,3.5
3135,168,215,4
3136,168,213,4
3137,168,241,3.5
3138,168,235,2.5
3139,168,13,3
3140,168,243,2.5
3141,168,7,3
3142,168,206,3
3143,168,1,2
3144,168,257,3
3145,168,248,2.5
3146,168,236,4
3147,168,12,2.5
3148,168,247,4
3149,169,4,2
3150,169,220,3.5
3151,169,7,2
3152,169,84,3.5
3153,169,9,3.5
3154,169,245,3
3155,169,257,4
3156,169,215,3
3157,169,205,2
3158,169,121,3
3159,169,250,3
3160,169,1,2
3161,169,244,3.5
3162,169,11,2.5
3163,169,5,4
3164,169,10,2
3165,169,206,4
3166,169,234,3
3167,169,233,3
3168,169,255,4
3169,169,246,3
3170,169,2,3
3171,169,12,2
3172,169,216,2.5
3173,169,247,2
3174,169,254,4
3175,169,217,3.5
3176,169,207,2.5
3177,169,249,3
3178,169,211,3.5
3179,169,213,3.5
3180,169,241,2.5
3181,169,6,3
3182,169,219,2.5
3183,169,251,3
3184,169,236,3.5
3185,169,253,3.5
3186,169,235,2.5
3187,169,17,4
3188,169,3,2.5
3189,169,13,3.5
3190,169,239,4
3191,169,214,3
3192,169,8,3
3193,170,341,3
3194,170,318,2
3195,171,254,3.5
3196,171,13,3.5
3197,171,251,3.5
3198,171,243,3.5
3199,171,245,4
3200,171,217,3.5
3201,171,236,3
3202,171,213,4
3203,171,216,4
3204,171,252,3.5
3205,171,205,4
3206,171,256,3.5
3207,171,241,3.5
3208,171,248,3.5
3209,171,215,4
3210,171,11,4
3211,171,84,4
3212,171,253,4
3213,171,4,4
3214,171,5,4
3215,171,6,4
3216,171,207,4
3217,171,121,3.5
3218,171,244,4
3219,171,7,3.5
3220,171,211,3.5
3221,171,234,4
3222,171,219,4
3223,171,239,3.5
3224,171,10,4
3225,171,214,4
3226,171,257,3.5
3227,171,233,3.5
3228,171,206,3.5
3229,171,250,3.5
3230,171,3,4
3231,171,17,4
3232,171,12,4
3233,171,247,4
3234,171,220,3.5
3235,171,246,4
3236,171,249,3.5
3237,171,212,4
3238,171,235,3.5
3239,171,9,2
3240,171,255,4
3241,171,210,3
3242,171,2,4
3243,171,1,4
3244,171,8,4
3245,172,241,4
3246,172,256,4
3247,172,211,4
3248,172,11,4
3249,172,219,4
3250,172,253,4
3251,172,4,4
3252,172,6,4
3253,172,233,4
3254,172,207,4
3255,172,250,4
3256,172,206,4
3257,172,121,4
3258,172,244,4
3259,172,17,4
3260,172,7,4
3261,172,12,4
3262,172,234,4
3263,172,220,4
3264,172,249,4
3265,172,239,4
3266,172,10,4
3267,172,212,4
3268,172,257,4
3269,172,214,4
3270,172,2,4
3271,172,3,4
3272,172,251,4
3273,172,247,4
3274,172,246,4
3275,172,236,4
3276,172,213,4
3277,172,235,4
3278,172,9,4
3279,172,255,4
3280,172,216,4
3281,172,210,4
3282,172,205,4
3283,172,252,4
3284,172,1,4
3285,172,248,4
3286,172,8,4
3287,172,254,4
3288,172,13,4
3289,172,215,4
3290,172,243,4
3291,172,245,4
3292,172,84,4
3293,172,217,4
3294,172,5,4
3295,173,12,1
3296,173,10,3.5
3297,173,5,4
3298,173,216,4
3299,173,241,4
3300,173,207,2.5
3301,173,215,3.5
3302,173,11,4
3303,173,7,4
3304,173,236,3.5
3305,173,13,4
3306,173,2,4
3307,174,249,1
3308,174,6,1.5
3309,174,213,2.5
3310,174,257,3
3311,174,2,4
3312,174,7,3.5
3313,174,243,1.5
3314,174,219,3
3315,174,236,1
3316,174,210,1.5
3317,174,252,2
3318,174,254,1.5
3319,174,8,3.5
3320,174,215,3
3321,174,241,2
3322,174,248,2
3323,174,13,3
3324,174,211,1.5
3325,174,245,1.5
3326,174,4,1
3327,174,207,3.5
3328,174,1,3.5
3329,174,255,1.5
3330,174,212,2
3331,174,10,2
3332,174,121,1.5
3333,174,11,1.5
3334,174,84,2
3335,174,251,1
3336,174,244,2.5
3337,174,12,2
3338,174,206,2.5
3339,174,17,3.5
3340,174,235,2
3341,174,253,1
3342,174,239,1
3343,174,9,1.5
3344,174,247,2
3345,174,5,3
3346,174,216,1.5
3347,174,217,1.5
3348,174,205,2.5
3349,174,214,2
3350,174,220,1.5
3351,174,256,1.5
3352,174,250,1.5
3353,174,233,2.5
3354,174,246,1.5
3355,174,234,2.5
3356,174,3,1.5
3357,175,9,3
3358,175,215,3.5
3359,175,11,3.5
3360,175,7,1.5
3361,175,236,3.5
3362,175,211,3
3363,175,213,2.5
3364,175,3,3
3365,175,4,3
3366,175,17,2
3367,175,219,3.5
3368,175,2,2
3369,175,5,3
3370,175,12,2.5
3371,175,243,2
3372,175,254,3
3373,175,8,3.5
3374,175,207,2.5
3375,176,12,4
3376,176,241,1.5
3377,176,6,2
3378,176,216,1.5
3379,176,219,1.5
3380,176,210,1.5
3381,176,236,2
3382,176,3,2.5
3383,176,17,1.5
3384,176,13,2.5
3385,176,254,3.5
3386,176,239,3
3387,176,256,1
3388,176,207,1.5
3389,176,214,1.5
3390,176,249,2.5
3391,176,211,1
3392,176,4,2
3393,176,213,2.5
3394,176,7,2
3395,176,212,1
3396,176,84,2
3397,176,251,1
3398,176,253,2.5
3399,176,235,4
3400,176,257,2
3401,176,215,1.5
3402,176,8,2.5
3403,176,121,2
3404,176,243,4
3405,176,220,4
3406,176,250,4
3407,176,9,1.5
3408,176,244,0.5
3409,176,245,3.5
3410,176,11,1
3411,176,10,2.5
3412,176,206,3.5
3413,176,234,1
3414,176,205,1.5
3415,176,255,3
3416,176,233,1
3417,176,246,3.5
3418,176,2,3
3419,176,248,2
3420,176,1,4
3421,176,247,2.5
3422,176,217,1
3423,176,5,1
3424,176,252,3
3425,177,806,3
3426,177,17,3.5
3427,177,235,2
3428,177,207,0.5
3429,177,10,0.5
3430,177,216,2
3431,177,121,1.5
3432,177,8,2.5
3433,177,236,3
3434,177,1,2.5
3435,177,5,3
3436,178,4,2
3437,178,257,2.5
3438,178,254,3.5
3439,178,219,1
3440,178,207,3
3441,178,17,3
3442,178,256,1.5
3443,178,243,2.5
3444,178,205,2
3445,178,84,1.5
3446,178,13,3.5
3447,178,220,1.5
3448,178,249,1.5
3449,178,233,2.5
3450,178,8,2
3451,178,7,3.5
3452,178,210,2
3453,178,11,2.5
3454,178,10,3
3455,178,12,1
3456,178,251,2.5
3457,178,2,4
3458,178,253,1
3459,178,239,2.5
3460,178,250,1.5
3461,178,5,1.5
3462,178,255,2
3463,178,234,1.5
3464,178,121,3
3465,178,1,3
3466,178,211,2
3467,178,213,3
3468,178,206,2
3469,178,214,1
3470,178,217,2.5
3471,178,216,3.5
3472,178,247,3
3473,178,9,2
3474,178,245,2
3475,178,236,2
3476,178,248,2.5
3477,178,241,2.5
3478,178,6,2.5
3479,178,235,3.5
3480,178,215,2.5
3481,178,212,2.5
3482,178,252,2
3483,178,246,1
3484,178,244,1.5
3485,178,3,2
3486,179,244,4
3487,179,4,3
3488,179,205,4
3489,179,11,3
3490,179,239,4
3491,179,1,4
3492,179,7,2
3493,179,12,3
3494,179,251,4
3495,179,211,4
3496,179,13,4
3497,179,207,1
3498,179,219,2
3499,179,807,4
3500,179,241,3
3501,179,236,4
3502,180,1,2.5
3503,180,236,4
3504,180,253,2.5
3505,180,241,2.5
3506,180,5,3.5
3507,180,7,2.5
3508,180,216,3.5
3509,180,235,2.5
3510,181,212,1.5
3511,181,2,2
3512,181,205,3
3513,181,1,1.5
3514,181,10,4
3515,181,13,3.5
3516,181,213,2.5
3517,181,234,2
3518,181,3,2
3519,181,214,2.5
3520,181,11,3
3521,181,215,3
3522,181,239,1.5
3523,181,216,2
3524,182,255,3.5
3525,182,246,3.5
3526,182,219,3
3527,182,217,1
3528,182,7,3.5
3529,182,245,3.5
3530,183,212,3.5
3531,183,245,3
3532,183,211,3.5
3533,183,254,3.5
3534,183,256,3
3535,183,3,4
3536,183,8,3.5
3537,183,5,3
3538,183,214,4
3539,183,252,3
3540,183,10,4
3541,183,11,4
3542,183,220,3.5
3543,183,215,4
3544,183,213,4
3545,183,241,3
3546,183,13,3.5
3547,183,206,4
3548,183,7,3
3549,183,257,3
3550,183,1,3
3551,183,248,4
3552,183,247,3
3553,183,17,3
3554,183,2,3.5
3555,183,249,4
3556,183,4,4
3557,183,217,3
3558,183,210,3
3559,183,236,3
3560,183,253,3
3561,183,12,3
3562,183,246,3
3563,183,9,3
3564,183,205,3.5
3565,183,121,3
3566,183,216,3.5
3567,183,251,4
3568,183,255,4
3569,183,207,3
3570,183,6,3
3571,183,239,4
3572,183,250,4
3573,183,233,3
3574,183,84,3.5
3575,183,219,3
3576,183,244,4
3577,183,234,3.5
3578,184,342,4
3579,184,7,4
3580,184,17,4
3581,184,4,4
3582,184,215,4
3583,184,9,4
3584,184,236,4
3585,184,233,4
3586,184,11,4
3587,184,8,4
3588,185,9,3
3589,185,219,3.5
3590,185,212,3.5
3591,185,11,3.5
3592,185,2,3.5
3593,185,8,3
3594,185,239,3.5
3595,185,220,3
3596,185,243,4
3597,185,236,3
3598,185,244,3.5
3599,185,206,3.5
3600,185,7,3
3601,185,257,4
3602,185,12,2.5
3603,185,10,2
3604,185,5,3
3605,185,235,4
3606,185,233,3
3607,185,205,3.5
3608,185,213,4
3609,185,207,4
3610,185,1,4
3611,185,17,2
3612,185,234,3.5
3613,186,215,3
3614,187,808,3.5
3615,187,17,3
3616,187,220,3
3617,187,253,3
3618,187,215,3.5
3619,187,250,4
3620,187,251,3.5
3621,187,255,3
3622,187,7,3
3623,187,236,3.5
3624,187,4,2.5
3625,187,13,3
3626,187,207,2
3627,187,5,3.5
3628,187,8,3
3629,187,254,1.5
3630,187,234,2
3631,187,2,2.5
3632,187,257,2.5
3633,187,219,3.5
3634,187,1,3
3635,187,9,3.5
3636,187,211,4
3637,187,213,2.5
3638,187,246,3
3639,187,3,3
3640,187,10,1.5
3641,187,239,3
3642,187,12,2
3643,187,11,3
3644,187,245,2.5
3645,187,84,3.5
3646,187,241,3
3647,188,760,3
3648,188,809,4
3649,188,73,2.5
3650,188,811,3.5
3651,188,460,4
3652,188,813,4
3653,188,814,1.5
3654,188,815,4
3655,188,365,3.5
3656,188,816,4
3657,188,817,4
3658,188,510,2
3659,188,196,3.5
3660,188,819,4
3661,188,820,1
3662,188,732,3
3663,188,699,4
3664,188,728,4
3665,188,81,3.5
3666,188,83,3.5
3667,188,480,3
3668,188,822,4
3669,188,823,3
3670,188,824,4
3671,188,825,4
3672,188,828,2.5
3673,188,829,0.5
3674,188,360,1.5
3675,188,830,4
3676,188,655,3
3677,188,831,4
3678,188,832,1
3679,188,29,2.5
3680,188,833,1
3681,188,93,2.5
3682,188,742,0.5
3683,188,836,1.5
3684,188,20,3
3685,188,31,4
3686,188,455,3
3687,188,412,3
3688,188,717,3
3689,188,28,4
3690,188,838,2.5
3691,188,426,2.5
3692,189,255,4
3693,189,207,3
3694,189,206,4
3695,189,257,3
3696,189,12,4
3697,189,6,4
3698,189,3,3
3699,189,236,4
3700,189,205,2.5
3701,189,250,4
3702,189,233,3
3703,189,842,3.5
3704,189,213,3.5
3705,189,11,3.5
3706,189,2,3.5
3707,189,17,2.5
3708,189,244,4
3709,189,7,3
3710,189,13,4
3711,189,10,3
3712,189,9,4
3713,189,210,4
3714,189,220,4
3715,189,84,3.5
3716,189,1,3.5
3717,189,241,4
3718,189,215,4
3719,189,216,4
3720,190,214,3
3721,190,256,2.5
3722,190,233,2.5
3723,190,250,3.5
3724,190,246,3
3725,190,206,2.5
3726,190,234,3
3727,190,235,2.5
3728,190,3,2.5
3729,190,5,3
3730,190,213,2.5
3731,190,216,3.5
3732,190,257,4
3733,190,7,2
3734,190,205,3.5
3735,190,243,3.5
3736,190,220,2.5
3737,190,254,2.5
3738,190,248,2
3739,190,249,2
3740,190,6,2.5
3741,190,2,2.5
3742,190,219,3
3743,190,211,3.5
3744,190,236,4
3745,190,245,2
3746,190,210,2
3747,190,252,2
3748,190,255,2.5
3749,190,212,2
3750,190,8,4
3751,190,215,4
3752,190,11,3
3753,190,241,3.5
3754,190,84,2.5
3755,190,13,3
3756,190,251,3
3757,190,244,2.5
3758,190,4,2.5
3759,190,12,2.5
3760,190,207,2
3761,190,17,4
3762,190,1,3.5
3763,190,253,2.5
3764,190,239,2.5
3765,190,9,3
3766,190,247,2
3767,190,10,2.5
3768,190,121,3
3769,190,217,3
3770,191,3,4
3771,191,11,3.5
3772,191,212,4
3773,191,10,3.5
3774,191,211,3.5
3775,191,13,4
3776,191,254,4
3777,191,205,3.5
3778,192,432,4
3779,192,17,3
3780,192,241,2.5
3781,192,512,4
3782,192,207,3.5
3783,192,12,2.5
3784,192,5,3
3785,192,7,4
3786,192,2,3.5
3787,192,318,4
3788,193,9,4
3789,193,216,4
3790,193,207,2
3791,193,233,3
3792,193,84,2.5
3793,193,3,3
3794,193,214,3.5
3795,193,257,1.5
3796,193,10,1
3797,193,2,2.5
3798,193,4,3.5
3799,193,235,1.5
3800,193,243,0.5
3801,193,12,2.5
3802,193,205,2
3803,193,251,4
3804,193,255,4
3805,193,249,4
3806,193,6,4
3807,193,239,2.5
3808,193,210,2
3809,193,219,4
3810,193,234,2
3811,194,255,4
3812,195,7,2
3813,195,11,3
3814,195,1,2
3815,195,207,2
3816,195,4,3.5
3817,195,2,1.5
3818,195,12,2
3819,196,10,1.5
3820,196,216,2
3821,196,257,2
3822,196,241,3
3823,196,233,2.5
3824,196,234,4
3825,197,211,4
3826,197,304,3.5
3827,197,216,3.5
3828,197,254,3
3829,197,207,2.5
3830,197,233,3.5
3831,197,84,3
3832,197,252,3.5
3833,197,244,2
3834,197,256,1.5
3835,197,3,3
3836,197,8,2.5
3837,197,5,2
3838,197,214,1.5
3839,197,7,4
3840,197,206,2.5
3841,197,257,4
3842,197,10,4
3843,197,11,3.5
3844,197,220,2
3845,197,215,3.5
3846,197,2,2
3847,197,213,2
3848,197,4,2
3849,197,241,3.5
3850,197,235,2
3851,197,13,2
3852,197,243,4
3853,197,1,4
3854,197,236,3
3855,197,248,2
3856,197,12,1.5
3857,197,205,4
3858,197,121,1
3859,197,247,3
3860,197,17,4
3861,197,251,3
3862,197,255,3
3863,197,249,1.5
3864,197,6,3
3865,197,239,2.5
3866,197,250,2
3867,197,217,2
3868,197,210,1.5
3869,197,219,3.5
3870,197,234,1
3871,197,253,2.5
3872,197,212,2
3873,197,246,2
3874,197,9,4
3875,197,245,1.5
3876,198,217,3.5
3877,198,243,3.5
3878,198,17,1.5
3879,198,211,4
3880,198,10,3
3881,198,255,4
3882,198,13,4
3883,198,212,2.5
3884,198,245,2.5
3885,198,252,2
3886,198,236,3.5
3887,198,244,2
3888,198,5,3
3889,198,12,4
3890,198,241,4
3891,198,6,4
3892,198,8,4
3893,198,234,3
3894,198,216,3.5
3895,198,121,3
3896,198,84,2.5
3897,198,207,4
3898,198,251,4
3899,198,249,4
3900,198,235,3
3901,198,250,3.5
3902,198,213,4
3903,198,9,4
3904,198,219,4
3905,198,254,0.5
3906,198,4,3
3907,198,7,3.5
3908,198,246,3
3909,198,206,4
3910,198,257,4
3911,198,247,3.5
3912,198,214,3
3913,198,205,4
3914,198,239,4
3915,198,2,2
3916,198,248,1
3917,198,210,3
3918,198,233,3.5
3919,198,215,3.5
3920,198,3,4
3921,198,11,4
3922,198,253,2.5
3923,198,1,2.5
3924,198,220,4
3925,198,256,4
3926,199,844,3.5
3927,199,518,1
3928,199,522,0.5
3929,199,490,2
3930,199,845,2
3931,199,293,1
3932,199,846,2
3933,199,389,2
3934,199,529,0.5
3935,199,339,3.5
3936,199,13,3
3937,199,196,2
3938,199,675,1.5
3939,199,638,1
3940,199,521,3
3941,199,597,1
3942,199,847,1.5
3943,199,848,3
3944,199,849,2.5
3945,199,211,4
3946,199,486,2.5
3947,199,510,0.5
3948,199,850,2
3949,199,539,1.5
3950,199,452,2.5
3951,199,459,1.5
3952,199,806,2.5
3953,199,851,4
3954,199,734,0.5
3955,199,436,2.5
3956,199,754,1
3957,199,750,3
3958,199,593,1.5
3959,199,700,1
3960,199,852,3
3961,199,697,2.5
3962,199,853,0.5
3963,199,854,4
3964,199,478,2
3965,199,855,2
3966,199,425,3
3967,199,856,3
3968,199,318,3.5
3969,199,501,4
3970,199,857,2
3971,199,591,1.5
3972,199,52,4
3973,199,455,4
3974,199,1,1.5
3975,199,858,2
3976,199,859,0.5
3977,199,364,0.5
3978,199,860,2
3979,199,299,1.5
3980,199,861,1.5
3981,199,126,4
3982,199,787,0.5
3983,199,8,2
3984,199,862,2
3985,199,286,2
3986,199,699,1.5
3987,199,509,2
3988,199,863,2
3989,199,864,0.5
3990,199,302,3.5
3991,199,242,2.5
3992,199,91,3
3993,199,865,3.5
3994,199,713,2
3995,199,745,1
3996,199,866,1.5
3997,199,432,3
3998,199,867,4
3999,199,868,3
4000,199,869,2
4001,199,870,3.5
4002,199,871,1.5
4003,199,218,3.5
4004,199,512,3
4005,199,872,0.5
4006,199,26,2.5
4007,199,275,2.5
4008,199,739,1
4009,199,873,2.5
4010,199,874,0.5
4011,199,875,1.5
4012,199,798,0.5
4013,199,336,2
4014,199,753,1
4015,199,876,2
4016,199,877,1.5
4017,199,215,1
4018,199,878,3.5
4019,199,879,1
4020,199,760,1.5
4021,199,448,0.5
4022,199,282,0.5
4023,199,880,1
4024,199,3,1
4025,199,441,1
4026,199,881,3
4027,199,882,0.5
4028,199,883,3.5
4029,199,335,4
4030,199,668,1
4031,199,220,2
4032,199,548,2.5
4033,199,884,0.5
4034,199,885,1
4035,199,251,2
4036,199,687,1
4037,199,523,0.5
4038,199,297,3
4039,199,236,2.5
4040,199,886,2
4041,199,735,1.5
4042,199,595,2.5
4043,199,365,2
4044,199,887,2.5
4045,199,73,2
4046,199,888,4
4047,199,719,2
4048,199,216,0.5
4049,199,889,0.5
4050,199,728,3.5
4051,199,658,3
4052,199,716,1
4053,199,433,0.5
4054,199,657,3
4055,199,292,2.5
4056,199,890,2.5
4057,199,17,3.5
4058,199,891,3.5
4059,199,892,2.5
4060,199,606,3.5
4061,199,704,3.5
4062,199,893,3
4063,199,894,4
4064,199,235,1.5
4065,199,655,1.5
4066,199,895,0.5
4067,199,790,1.5
4068,199,896,1.5
4069,199,684,2
4070,199,712,1.5
4071,199,303,2
4072,199,897,1.5
4073,199,691,0.5
4074,199,743,3
4075,199,898,2.5
4076,199,536,2.5
4077,199,899,3
4078,200,248,3.5
4079,200,392,3.5
4080,200,876,3.5
4081,200,205,4
4082,200,628,3.5
4083,200,159,3.5
4084,200,255,3
4085,200,214,3.5
4086,200,675,3.5
4087,200,245,3
4088,200,251,3.5
4089,200,8,4
4090,200,211,4
4091,200,3,3.5
4092,200,291,3.5
4093,200,900,4
4094,200,243,2
4095,200,219,4
4096,200,429,3.5
4097,200,250,4
4098,200,207,3
4099,200,11,4
4100,200,236,4
4101,200,193,3.5
4102,200,434,4
4103,200,268,4
4104,200,10,2
4105,200,7,3.5
4106,200,143,3.5
4107,200,13,4
4108,200,604,3.5
4109,200,1,3.5
4110,200,901,3.5
4111,200,241,3.5
4112,200,51,3
4113,200,216,3.5
4114,200,257,2.5
4115,200,206,4
4116,200,246,3.5
4117,200,4,3.5
4118,200,460,4
4119,200,217,3.5
4120,200,9,3
4121,200,121,3.5
4122,201,902,2.5
4123,201,405,3.5
4124,201,903,3
4125,201,904,2.5
4126,202,11,3.5
4127,202,2,2.5
4128,202,245,2.5
4129,202,9,2.5
4130,202,248,3.5
4131,202,217,1.5
4132,202,253,3
4133,202,220,3
4134,202,121,3
4135,202,244,3.5
4136,202,210,3.5
4137,202,206,3
4138,202,219,0.5
4139,202,6,2.5
4140,202,4,4
4141,202,247,4
4142,202,8,3
4143,202,239,2.5
4144,202,12,2.5
4145,202,236,3
4146,202,243,3
4147,202,215,2
4148,202,7,1.5
4149,202,251,3
4150,202,3,4
4151,202,233,2.5
4152,202,213,2
4153,202,255,3
4154,202,257,2
4155,202,207,2.5
4156,202,10,3.5
4157,202,5,2.5
4158,202,1,3.5
4159,202,211,3
4160,202,234,2.5
4161,202,13,2.5
4162,202,235,2
4163,202,249,2.5
4164,202,246,3.5
4165,202,250,3.5
4166,202,256,3.5
4167,202,205,3
4168,202,254,2.5
4169,202,214,2
4170,202,241,3.5
4171,202,84,2
4172,202,216,2.5
4173,202,17,2.5
4174,202,252,2
4175,202,212,3
4176,203,905,2
4177,203,906,1.5
4178,203,907,1.5
4179,204,253,4
4180,204,1,4
4181,204,220,4
4182,204,256,4
4183,204,212,4
4184,204,245,4
4185,204,236,4
4186,204,244,4
4187,204,5,4
4188,204,12,4
4189,204,241,4
4190,204,6,4
4191,204,8,4
4192,204,211,4
4193,204,234,4
4194,204,10,4
4195,204,255,4
4196,204,216,4
4197,204,13,4
4198,204,121,4
4199,204,84,4
4200,204,207,4
4201,204,251,4
4202,204,249,4
4203,204,250,4
4204,204,219,4
4205,204,254,3.5
4206,204,252,4
4207,204,246,4
4208,204,257,4
4209,204,235,4
4210,204,239,4
4211,204,213,4
4212,204,2,3.5
4213,204,4,4
4214,204,9,4
4215,204,7,4
4216,204,210,4
4217,204,206,4
4218,204,247,4
4219,204,214,4
4220,204,217,4
4221,204,205,3.5
4222,204,243,4
4223,204,17,4
4224,204,248,4
4225,204,233,4
4226,204,215,4
4227,204,3,4
4228,204,11,4
4229,205,1,4
4230,205,9,3.5
4231,205,10,4
4232,205,121,3.5
4233,205,217,4
4234,205,214,3
4235,205,256,4
4236,205,250,4
4237,205,233,3
4238,205,235,4
4239,205,206,4
4240,205,17,2
4241,205,234,4
4242,205,5,2.5
4243,205,213,2.5
4244,205,216,4
4245,205,257,4
4246,205,7,3
4247,205,205,4
4248,205,3,4
4249,205,248,3
4250,205,6,3
4251,205,2,3
4252,205,219,4
4253,205,243,3
4254,205,236,3
4255,205,245,4
4256,205,210,4
4257,205,252,4
4258,205,255,3
4259,205,212,4
4260,205,8,3
4261,205,215,4
4262,205,11,3.5
4263,205,241,4
4264,205,84,3.5
4265,205,13,3.5
4266,205,251,4
4267,205,4,2.5
4268,205,207,2
4269,206,255,4
4270,206,214,4
4271,206,220,2
4272,206,243,2.5
4273,206,245,3.5
4274,206,234,3
4275,206,254,2.5
4276,206,207,2.5
4277,206,251,3
4278,206,235,3.5
4279,206,253,2
4280,206,8,4
4281,206,211,4
4282,206,3,3
4283,206,247,3.5
4284,206,2,3.5
4285,206,7,3
4286,206,233,3
4287,206,219,4
4288,206,12,2.5
4289,206,212,4
4290,206,1,3
4291,206,6,3
4292,206,11,4
4293,206,236,4
4294,206,257,2.5
4295,206,249,2
4296,206,84,2.5
4297,206,244,2.5
4298,206,10,3.5
4299,206,210,3.5
4300,206,9,3.5
4301,206,248,3
4302,206,13,4
4303,206,5,4
4304,206,213,3
4305,206,252,2.5
4306,206,241,3
4307,206,216,3
4308,206,206,3.5
4309,206,246,3
4310,206,4,3
4311,206,217,4
4312,206,121,3
4313,206,239,2.5
4314,206,256,2.5
4315,206,215,4
4316,206,17,4
4317,206,205,3
4318,207,10,3
4319,207,13,3
4320,207,205,3
4321,207,235,3.5
4322,207,12,2
4323,207,1,3.5
4324,208,257,4
4325,208,239,3.5
4326,208,12,2
4327,208,10,2
4328,208,13,4
4329,208,251,3.5
4330,208,3,3
4331,208,233,2.5
4332,208,205,2
4333,208,213,2.5
4334,208,908,3
4335,208,255,3
4336,208,207,2.5
4337,208,214,3.5
4338,208,5,3.5
4339,208,1,2.5
4340,208,17,3
4341,208,234,3
4342,208,211,4
4343,208,909,4
4344,208,235,1.5
4345,208,910,4
4346,208,250,3.5
4347,208,9,4
4348,208,911,2
4349,208,241,1.5
4350,208,216,3
4351,208,252,3.5
4352,208,219,4
4353,208,212,3
4354,208,6,3.5
4355,208,11,3.5
4356,208,2,4
4357,208,912,4
4358,208,245,3
4359,208,217,4
4360,208,220,3
4361,208,236,3
4362,208,210,3
4363,208,7,3.5
4364,208,4,3
4365,208,913,2
4366,208,8,4
4367,209,12,4
4368,209,9,2.5
4369,209,205,3.5
4370,209,121,3
4371,209,247,3
4372,209,216,2
4373,209,251,3
4374,209,255,2
4375,209,249,3
4376,209,6,2.5
4377,209,239,2.5
4378,209,250,1.5
4379,209,233,3
4380,209,217,2.5
4381,209,219,2.5
4382,209,84,2.5
4383,209,244,3
4384,209,234,1.5
4385,209,253,4
4386,209,212,3.5
4387,209,246,2
4388,209,245,3
4389,209,211,2.5
4390,209,254,2.5
4391,209,256,2.5
4392,209,207,3
4393,209,3,3.5
4394,209,8,2.5
4395,209,214,3.5
4396,209,252,1
4397,209,11,3
4398,209,213,2.5
4399,209,241,1.5
4400,209,13,3
4401,209,5,3
4402,209,206,2.5
4403,209,7,1.5
4404,209,257,2
4405,209,10,4
4406,209,220,2.5
4407,209,215,4
4408,209,17,3
4409,209,2,4
4410,209,4,4
4411,209,235,1.5
4412,209,210,3
4413,209,243,3.5
4414,209,1,4
4415,209,236,2.5
4416,209,248,3.5
4417,210,7,3.5
4418,210,2,4
4419,210,207,2
4420,211,13,0.5
4421,211,121,3.5
4422,211,207,3
4423,211,10,1.5
4424,211,7,2.5
4425,211,239,3.5
4426,211,8,2.5
4427,211,2,3
4428,211,17,2
4429,212,2,3
4430,212,7,0.5
4431,212,219,3
4432,212,12,2
4433,212,1,1
4434,212,11,4
4435,212,236,2.5
4436,212,10,2
4437,212,13,4
4438,212,5,4
4439,212,213,4
4440,212,4,4
4441,212,215,4
4442,212,205,4
4443,212,239,2.5
4444,212,207,1
4445,212,8,3.5
4446,212,211,3
4447,212,3,3.5
4448,213,714,4
4449,214,212,3.5
4450,214,236,3
4451,214,13,3
4452,214,207,3.5
4453,214,7,3
4454,214,1,3.5
4455,214,17,3
4456,214,219,4
4457,214,234,3
4458,214,8,3.5
4459,214,11,4
4460,214,9,3.5
4461,214,3,3.5
4462,214,211,3.5
4463,214,2,3.5
4464,214,10,2.5
4465,215,246,1
4466,215,234,3.5
4467,215,253,2.5
4468,215,84,1
4469,215,233,2
4470,215,257,2
4471,215,217,2.5
4472,216,10,1.5
4473,216,236,2.5
4474,216,13,3
4475,216,207,3.5
4476,216,7,4
4477,216,215,3.5
4478,216,241,1.5
4479,216,11,4
4480,216,17,2.5
4481,216,257,3
4482,216,8,3
4483,216,9,2.5
4484,216,2,3
4485,217,10,4
4486,217,205,3
4487,217,17,4
4488,217,254,4
4489,217,13,3.5
4490,217,12,3
4491,217,7,3.5
4492,217,2,4
4493,217,241,4
4494,217,215,3.5
4495,217,239,3
4496,217,11,4
4497,218,207,2
4498,218,235,1
4499,218,239,2
4500,218,213,4
4501,218,2,2.5
4502,218,254,1.5
4503,218,4,2.5
4504,218,9,2.5
4505,218,7,1.5
4506,218,210,3.5
4507,218,206,1
4508,218,257,3.5
4509,218,247,2
4510,218,214,2.5
4511,218,205,2.5
4512,218,243,1.5
4513,218,17,2.5
4514,218,248,3
4515,218,233,2.5
4516,218,215,2.5
4517,218,3,3
4518,218,11,2.5
4519,218,253,4
4520,218,1,3
4521,218,220,1.5
4522,218,256,3
4523,218,212,3
4524,218,217,1
4525,218,245,2
4526,218,236,4
4527,218,244,2.5
4528,218,211,3.5
4529,218,234,2
4530,218,10,1
4531,218,255,3.5
4532,218,216,2
4533,218,13,1.5
4534,218,84,2
4535,218,251,2
4536,218,249,2
4537,218,250,3.5
4538,218,219,3
4539,218,252,2
4540,218,246,3
4541,218,5,3.5
4542,218,12,3
4543,218,241,2
4544,218,6,1.5
4545,218,8,3.5
4546,218,121,1.5
4547,219,236,4
4548,219,341,2.5
4549,219,330,2
4550,219,842,4
4551,220,6,3
4552,220,121,3
4553,220,7,4
4554,220,214,4
4555,220,218,3.5
4556,220,3,3
4557,220,17,4
4558,220,247,3
4559,220,255,2.5
4560,220,1,3.5
4561,220,8,4
4562,220,13,4
4563,220,236,4
4564,220,5,3.5
4565,220,241,3
4566,220,211,4
4567,220,215,4
4568,220,11,2.5
4569,220,914,4
4570,221,915,4
4571,222,213,4
4572,222,8,3.5
4573,223,210,1
4574,223,253,4
4575,223,121,2.5
4576,223,216,4
4577,223,233,3.5
4578,223,234,3.5
4579,223,243,2.5
4580,223,206,1
4581,223,257,3
4582,223,220,4
4583,223,247,3.5
4584,224,235,4
4585,224,2,3.5
4586,224,4,3.5
4587,224,9,3
4588,224,7,4
4589,224,3,3
4590,224,206,4
4591,224,217,4
4592,224,205,2.5
4593,224,17,2
4594,224,215,3.5
4595,224,11,3
4596,224,1,4
4597,224,245,4
4598,224,252,4
4599,224,236,0.5
4600,224,5,4
4601,224,12,4
4602,224,241,3
4603,224,234,3
4604,224,10,4
4605,224,255,3.5
4606,224,13,4
4607,224,207,4
4608,224,250,4
4609,224,219,4
4610,224,257,3.5
4611,225,3,3
4612,225,247,2
4613,225,7,3
4614,225,233,3
4615,225,219,3.5
4616,225,12,2
4617,225,212,4
4618,225,250,4
4619,225,1,2.5
4620,225,6,3.5
4621,225,11,3
4622,225,236,4
4623,225,249,3.5
4624,225,257,4
4625,225,84,3
4626,225,244,3
4627,225,10,4
4628,225,210,3
4629,225,9,3.5
4630,225,248,3.5
4631,225,13,4
4632,225,215,4
4633,225,5,2.5
4634,225,213,4
4635,225,252,1.5
4636,225,241,3.5
4637,225,216,1.5
4638,225,206,3.5
4639,225,246,4
4640,225,4,3.5
4641,225,217,1.5
4642,225,220,2.5
4643,225,121,3
4644,225,239,2.5
4645,225,256,3.5
4646,225,17,4
4647,225,205,2
4648,225,2,4
4649,225,255,4
4650,225,214,2
4651,225,243,4
4652,225,245,4
4653,225,234,2.5
4654,225,254,3.5
4655,225,207,3.5
4656,225,251,3
4657,225,235,2
4658,225,253,3
4659,225,8,4
4660,225,211,3.5
4661,226,17,4
4662,226,236,4
4663,226,2,3.5
4664,226,7,3.5
4665,227,4,4
4666,227,213,4
4667,227,212,3.5
4668,227,84,3.5
4669,227,251,4
4670,227,253,3.5
4671,227,235,3
4672,227,17,3.5
4673,227,257,3
4674,227,215,4
4675,227,8,4
4676,227,121,3.5
4677,227,243,3.5
4678,227,220,3
4679,227,244,4
4680,227,9,3.5
4681,227,245,3.5
4682,227,11,4
4683,227,10,3.5
4684,227,206,3.5
4685,227,234,4
4686,227,205,4
4687,227,233,3.5
4688,227,246,3
4689,227,248,4
4690,227,250,3.5
4691,227,1,3.5
4692,227,247,3
4693,227,217,3.5
4694,227,5,4
4695,227,916,3.5
4696,227,252,4
4697,227,255,3
4698,227,12,3
4699,227,241,3.5
4700,227,6,3
4701,227,216,4
4702,227,219,3.5
4703,227,210,3.5
4704,227,3,4
4705,227,13,4
4706,227,254,4
4707,227,239,3.5
4708,227,256,3.5
4709,227,214,4
4710,227,249,4
4711,228,241,3
4712,228,425,3.5
4713,228,9,3.5
4714,228,11,3.5
4715,228,219,3
4716,228,207,3
4717,228,12,3
4718,228,205,1
4719,229,404,4
4720,230,208,1
4721,231,257,1
4722,231,144,4
4723,231,917,3.5
4724,231,236,4
4725,231,918,4
4726,231,7,2
4727,231,10,3
4728,231,920,3.5
4729,232,494,2
4730,232,918,4
4731,233,5,3
4732,233,11,3
4733,233,3,2.5
4734,234,233,3
4735,234,11,4
4736,234,5,4
4737,234,12,3
4738,234,219,2.5
4739,234,10,2
4740,234,241,1
4741,234,1,4
4742,234,4,4
4743,234,13,2
4744,234,2,2.5
4745,234,207,4
4746,234,7,2
4747,235,11,2.5
4748,235,248,3
4749,235,250,3
4750,235,236,1
4751,235,249,2
4752,235,211,1
4753,235,13,3
4754,235,205,2.5
4755,235,252,2.5
4756,235,9,1
4757,235,1,3
4758,235,243,0.5
4759,235,7,4
4760,235,255,3.5
4761,235,214,2.5
4762,235,10,2.5
4763,235,245,3.5
4764,235,246,3
4765,235,12,2
4766,235,247,3
4767,235,220,2.5
4768,235,121,1.5
4769,235,239,4
4770,235,3,3
4771,235,256,3
4772,235,210,4
4773,235,8,2
4774,235,217,4
4775,235,84,3
4776,235,206,4
4777,235,253,1.5
4778,235,6,2
4779,235,4,1
4780,235,213,4
4781,235,207,1.5
4782,235,216,3
4783,235,235,2
4784,235,2,4
4785,235,212,2
4786,235,233,2
4787,235,251,4
4788,235,5,2
4789,235,241,2.5
4790,235,257,2
4791,235,17,1
4792,235,219,3.5
4793,235,215,3
4794,235,244,4
4795,235,254,3
4796,235,234,1.5
4797,236,10,1.5
4798,236,234,2
4799,236,13,2
4800,236,213,3
4801,236,11,2.5
4802,236,220,3.5
4803,236,2,3.5
4804,237,251,4
4805,237,220,4
4806,237,3,4
4807,237,233,3.5
4808,237,1,2.5
4809,237,5,4
4810,237,11,4
4811,237,12,3.5
4812,237,4,4
4813,237,205,3.5
4814,237,211,2
4815,237,207,3.5
4816,237,7,2.5
4817,237,243,0.5
4818,238,213,2.5
4819,238,235,3
4820,238,5,3.5
4821,238,206,4
4822,238,257,1.5
4823,238,220,3
4824,238,17,3.5
4825,238,253,3
4826,238,246,3.5
4827,238,205,3
4828,238,121,3.5
4829,238,216,2.5
4830,238,255,3
4831,238,239,2
4832,238,233,3.5
4833,238,244,1.5
4834,238,922,4
4835,238,254,3
4836,238,8,4
4837,239,9,4
4838,239,1,2
4839,239,11,3.5
4840,239,4,4
4841,239,6,3.5
4842,239,219,2.5
4843,239,205,2.5
4844,239,211,3.5
4845,239,234,3
4846,239,207,2.5
4847,239,10,2.5
4848,239,3,3
4849,239,7,3
4850,239,213,2
4851,239,247,2.5
4852,241,210,2.5
4853,241,239,3.5
4854,241,211,4
4855,241,3,3.5
4856,241,253,3
4857,243,215,3
4858,243,13,4
4859,243,923,3
4860,243,3,3
4861,243,233,3
4862,243,205,2.5
4863,243,213,3
4864,243,59,2
4865,243,255,3
4866,243,214,2
4867,243,488,3.5
4868,243,663,2.5
4869,243,84,3
4870,243,17,2.5
4871,243,234,2.5
4872,243,211,4
4873,243,339,1.5
4874,243,924,1
4875,243,336,2.5
4876,243,925,1
4877,243,246,3
4878,243,926,2
4879,243,9,3
4880,243,254,3
4881,243,927,4
4882,243,928,2
4883,243,435,1.5
4884,243,694,4
4885,243,921,0.5
4886,243,241,3.5
4887,243,847,1
4888,243,216,2.5
4889,243,210,1
4890,243,929,3
4891,243,219,3
4892,243,209,0.5
4893,243,930,1
4894,243,11,3.5
4895,243,2,3
4896,243,931,3
4897,243,8,3.5
4898,243,245,3.5
4899,243,577,3.5
4900,243,511,3
4901,243,341,1
4902,243,217,3.5
4903,243,239,2
4904,243,253,3.5
4905,243,220,3.5
4906,243,236,3.5
4907,243,206,2
4908,243,7,3
4909,243,598,1.5
4910,243,391,4
4911,243,4,3.5
4912,243,247,2
4913,243,584,3.5
4914,243,779,3.5
4915,243,932,0.5
4916,243,12,2.5
4917,243,10,3.5
4918,243,5,3.5
4919,243,933,1
4920,244,11,4
4921,244,1,3
4922,244,6,2.5
4923,244,12,1.5
4924,244,219,2.5
4925,244,2,4
4926,244,236,0.5
4927,244,4,3.5
4928,244,7,4
4929,245,84,3
4930,245,13,4
4931,245,251,3.5
4932,245,244,3
4933,245,12,3
4934,245,4,3
4935,245,207,4
4936,245,17,3
4937,245,1,2.5
4938,245,253,3
4939,245,239,3
4940,245,9,2.5
4941,245,247,2.5
4942,245,10,4
4943,245,121,3
4944,245,217,4
4945,245,214,3.5
4946,245,256,2
4947,245,235,3
4948,245,250,3
4949,245,233,4
4950,245,206,3
4951,245,246,3.5
4952,245,234,2.5
4953,245,3,4
4954,245,5,3
4955,245,213,3
4956,245,216,4
4957,245,257,2
4958,245,7,3
4959,245,205,2.5
4960,245,243,3
4961,245,220,3
4962,245,254,3
4963,245,248,3.5
4964,245,249,3
4965,245,6,3.5
4966,245,2,4
4967,245,219,3
4968,245,211,3.5
4969,245,236,3
4970,245,245,3
4971,245,210,3
4972,245,252,3
4973,245,255,3
4974,245,212,3
4975,245,8,4
4976,245,215,3
4977,245,11,4
4978,245,241,3
4979,246,736,3
4980,246,591,1.5
4981,247,279,4
4982,248,247,2
4983,248,216,3
4984,248,233,2
4985,248,5,2.5
4986,248,934,0.5
4987,248,121,2
4988,248,6,2.5
4989,248,213,2.5
4990,248,2,4
4991,248,214,3.5
4992,248,250,2.5
4993,248,17,3
4994,248,408,3
4995,248,7,2
4996,248,239,2.5
4997,248,13,3.5
4998,248,8,3
4999,248,11,3.5
5000,248,217,2
5001,248,935,0.5
5002,248,4,2
5003,248,254,2
5004,248,84,2
5005,248,10,3.5
5006,248,9,2
5007,248,220,1.5
5008,248,215,4
5009,248,207,1.5
5010,248,206,2
5011,248,12,1.5
5012,248,251,2
5013,248,3,4
5014,248,205,4
5015,248,1,2.5
5016,248,241,2
5017,250,2,4
5018,250,243,4
5019,250,219,1.5
5020,250,12,4
5021,250,212,1
5022,250,254,1.5
5023,250,250,2.5
5024,250,207,4
5025,250,6,3.5
5026,250,11,3.5
5027,250,253,3.5
5028,250,236,2
5029,250,249,3
5030,250,84,1.5
5031,250,247,4
5032,250,244,2
5033,250,10,3.5
5034,250,7,3.5
5035,250,210,4
5036,250,233,3.5
5037,250,13,2
5038,250,1,3.5
5039,250,5,4
5040,250,252,2
5041,250,241,1.5
5042,250,257,2
5043,250,216,4
5044,250,206,1.5
5045,250,246,3.5
5046,250,4,1.5
5047,250,217,3.5
5048,250,9,3.5
5049,250,121,3.5
5050,250,256,3
5051,250,248,4
5052,250,215,3
5053,250,213,4
5054,250,17,2
5055,250,205,1.5
5056,250,255,1.5
5057,250,214,2.5
5058,250,220,4
5059,250,245,1.5
5060,250,239,4
5061,250,234,3
5062,250,251,2.5
5063,250,235,2.5
5064,250,8,2
5065,250,211,2
5066,250,3,2.5
5067,251,239,3
5068,251,2,4
5069,251,220,3.5
5070,251,12,4
5071,251,236,3.5
5072,251,4,3.5
5073,251,8,4
5074,251,121,2
5075,251,5,3
5076,251,219,3
5077,251,257,2.5
5078,251,6,3
5079,251,9,3.5
5080,251,205,4
5081,251,11,3.5
5082,251,7,3.5
5083,251,241,2.5
5084,252,484,3
5085,253,2,3
5086,253,7,3.5
5087,254,936,4
5088,255,17,4
5089,255,1,3
5090,255,207,2
5091,255,2,2.5
5092,255,205,3.5
5093,255,5,3
5094,255,4,2.5
5095,255,213,3.5
5096,255,236,4
5097,255,211,3.5
5098,255,7,3.5
5099,255,8,2.5
5100,255,9,4
5101,255,11,4
5102,255,12,3
5103,255,253,3
5104,256,239,3
5105,256,255,0.5
5106,256,217,4
5107,256,215,4
5108,256,1,3
5109,256,13,2
5110,257,7,4
5111,257,309,4
5112,258,7,3
5113,258,17,3
5114,258,210,0.5
5115,258,250,3.5
5116,258,205,3.5
5117,258,10,2
5118,258,241,2.5
5119,258,235,1.5
5120,258,1,2.5
5121,258,207,2
5122,259,5,3.5
5123,259,84,2.5
5124,259,253,1.5
5125,259,2,2
5126,259,13,3
5127,259,219,2.5
5128,259,211,3
5129,259,17,3
5130,259,10,2.5
5131,259,217,2.5
5132,259,7,2.5
5133,259,251,2.5
5134,259,220,3
5135,259,3,2.5
5136,259,245,2
5137,259,250,3
5138,260,1,3.5
5139,260,207,2
5140,260,239,3
5141,260,5,4
5142,260,211,3.5
5143,260,255,3
5144,260,7,2.5
5145,260,2,3.5
5146,260,17,0.5
5147,261,84,3
5148,261,256,4
5149,262,245,4
5150,262,12,3
5151,262,1,4
5152,262,220,4
5153,262,210,4
5154,262,216,4
5155,262,239,3
5156,262,3,3
5157,262,235,2
5158,262,4,4
5159,262,241,4
5160,262,17,2
5161,262,213,4
5162,262,207,4
5163,262,254,2
5164,262,11,3
5165,262,13,4
5166,262,205,4
5167,262,233,2
5168,262,7,4
5169,263,239,3.5
5170,263,213,2.5
5171,263,10,2
5172,263,3,2.5
5173,263,11,4
5174,263,205,2
5175,263,212,4
5176,263,12,2
5177,263,5,3.5
5178,263,252,3.5
5179,263,13,2.5
5180,263,214,2
5181,263,1,2.5
5182,263,2,3
5183,263,216,3
5184,263,215,2.5
5185,264,215,3
5186,264,13,2.5
5187,264,251,3.5
5188,264,3,2.5
5189,264,205,3
5190,264,1,0.5
5191,264,17,0.5
5192,264,234,3.5
5193,264,536,3.5
5194,264,926,3.5
5195,264,250,4
5196,264,937,4
5197,264,252,3
5198,264,219,3.5
5199,264,11,3
5200,264,183,4
5201,264,938,4
5202,264,341,4
5203,264,253,0.5
5204,264,7,3.5
5205,264,206,3.5
5206,264,712,4
5207,264,4,3
5208,264,779,2
5209,264,10,4
5210,264,5,3.5
5211,265,248,3.5
5212,265,8,3.5
5213,265,254,3.5
5214,265,13,4
5215,265,251,3.5
5216,265,243,3.5
5217,265,245,3.5
5218,265,236,3
5219,265,217,3.5
5220,265,5,3.5
5221,265,213,3.5
5222,265,216,3.5
5223,265,252,3
5224,265,256,3
5225,265,241,3
5226,265,215,4
5227,265,11,4
5228,265,84,3.5
5229,265,253,3
5230,265,4,3.5
5231,265,6,3
5232,265,233,3
5233,265,207,3
5234,265,206,4
5235,265,121,3
5236,265,244,3.5
5237,265,7,3.5
5238,265,12,3
5239,265,211,3
5240,265,234,3
5241,265,220,3.5
5242,265,249,3
5243,265,219,3.5
5244,265,239,3.5
5245,265,10,3.5
5246,265,257,3.5
5247,265,214,3.5
5248,265,250,3.5
5249,265,3,3.5
5250,265,17,3
5251,265,247,3.5
5252,265,246,3
5253,265,212,3.5
5254,265,235,4
5255,265,9,3
5256,265,255,3.5
5257,265,210,3.5
5258,265,2,4
5259,265,205,3.5
5260,265,1,4
5261,266,235,2.5
5262,266,219,3
5263,266,17,2.5
5264,266,10,4
5265,266,206,4
5266,266,1,4
5267,266,207,3
5268,266,12,3
5269,266,7,3.5
5270,266,2,3.5
5271,267,17,2
5272,268,13,3
5273,269,376,3.5
5274,269,17,2
5275,269,11,3.5
5276,269,207,2
5277,269,425,4
5278,269,7,1
5279,269,2,3
5280,270,256,2.5
5281,270,241,2.5
5282,270,211,2.5
5283,270,11,4
5284,270,219,2.5
5285,270,253,2.5
5286,270,4,4
5287,270,6,2.5
5288,270,233,2.5
5289,270,250,2.5
5290,270,206,2.5
5291,270,121,2.5
5292,270,244,2.5
5293,270,17,2.5
5294,270,7,4
5295,270,12,2.5
5296,270,234,2.5
5297,270,247,2.5
5298,270,220,2.5
5299,270,249,2.5
5300,270,239,2.5
5301,270,10,4
5302,270,212,2.5
5303,270,9,4
5304,270,257,3
5305,270,214,2.5
5306,270,210,2.5
5307,270,2,2.5
5308,270,3,3
5309,270,1,2.5
5310,270,251,2.5
5311,270,246,2.5
5312,270,236,2.5
5313,270,213,3
5314,270,235,2.5
5315,270,255,3
5316,270,216,2.5
5317,270,205,2.5
5318,270,252,2.5
5319,270,248,2.5
5320,270,8,2.5
5321,270,254,2.5
5322,270,13,4
5323,270,215,2.5
5324,270,243,2.5
5325,270,245,2.5
5326,270,84,2.5
5327,270,217,2.5
5328,270,5,2.5
5329,270,207,2.5
5330,271,219,2
5331,271,254,0.5
5332,271,246,2
5333,271,206,1
5334,271,257,1.5
5335,271,247,2.5
5336,271,235,1
5337,271,205,2
5338,271,239,3
5339,271,213,3.5
5340,271,2,2
5341,271,4,0.5
5342,271,9,4
5343,271,248,1
5344,271,7,1.5
5345,271,210,2.5
5346,271,3,1.5
5347,271,220,4
5348,271,214,3
5349,271,217,2
5350,271,243,0.5
5351,271,17,3
5352,271,233,3
5353,271,215,2.5
5354,271,11,3.5
5355,271,253,1
5356,271,1,1.5
5357,271,211,4
5358,271,256,1
5359,271,212,4
5360,271,245,4
5361,271,252,2
5362,271,236,1.5
5363,271,244,1
5364,271,5,3
5365,271,12,1
5366,271,241,1
5367,271,6,3.5
5368,271,8,3.5
5369,271,234,4
5370,271,10,2
5371,271,255,4
5372,271,216,3.5
5373,271,13,4
5374,271,121,3.5
5375,271,84,3
5376,271,207,1
5377,271,251,4
5378,271,249,1
5379,271,250,3
5380,272,939,3.5
5381,272,925,1.5
5382,272,941,2.5
5383,272,588,3
5384,272,445,3.5
5385,272,690,0.5
5386,272,942,3
5387,272,943,3
5388,272,705,4
5389,272,781,3
5390,272,675,2.5
5391,272,944,1.5
5392,272,31,2.5
5393,272,945,4
5394,272,520,4
5395,272,946,2.5
5396,272,204,4
5397,272,12,2
5398,272,947,3
5399,272,735,3
5400,272,723,3
5401,272,948,3.5
5402,272,736,3
5403,272,923,1
5404,272,302,3.5
5405,272,318,4
5406,272,716,2.5
5407,272,724,0.5
5408,272,949,2.5
5409,272,950,2.5
5410,272,951,1.5
5411,272,389,2
5412,272,220,2.5
5413,272,952,4
5414,272,953,3
5415,272,954,2.5
5416,272,134,3
5417,272,889,3
5418,272,282,4
5419,272,955,2.5
5420,272,335,3
5421,272,26,2.5
5422,272,704,3.5
5423,272,956,2.5
5424,272,452,2.5
5425,272,957,3
5426,272,486,4
5427,272,958,3
5428,272,510,2.5
5429,272,959,3.5
5430,272,960,3
5431,272,739,3
5432,272,768,2.5
5433,272,745,3
5434,272,59,2.5
5435,272,299,3.5
5436,272,758,2.5
5437,272,292,3.5
5438,272,536,2
5439,272,604,3
5440,272,961,2.5
5441,272,537,1.5
5442,272,365,3.5
5443,272,962,3.5
5444,272,963,3
5445,272,964,2.5
5446,272,832,2.5
5447,272,615,3
5448,272,69,3
5449,272,710,1.5
5450,272,593,3.5
5451,272,965,2
5452,272,928,3.5
5453,272,13,3
5454,272,684,2.5
5455,272,210,4
5456,272,967,1.5
5457,272,336,3
5458,272,968,3.5
5459,272,592,2
5460,272,701,0.5
5461,272,740,2.5
5462,272,969,1.5
5463,272,11,3
5464,272,971,2.5
5465,272,972,3.5
5466,272,591,1.5
5467,272,787,3.5
5468,272,305,3.5
5469,272,172,3.5
5470,272,480,2.5
5471,272,721,2.5
5472,272,973,2.5
5473,272,974,1.5
5474,272,975,2.5
5475,272,52,3.5
5476,272,397,2.5
5477,272,976,3.5
5478,272,978,2
5479,272,598,3
5480,272,979,3
5481,272,214,4
5482,272,899,2.5
5483,272,391,3
5484,272,980,2.5
5485,272,70,4
5486,272,981,3
5487,272,589,3
5488,272,691,3
5489,272,810,2
5490,272,720,1
5491,272,587,1
5492,272,897,3
5493,272,743,3.5
5494,272,313,3
5495,272,473,3.5
5496,272,425,3.5
5497,272,727,2.5
5498,272,982,1
5499,272,932,2.5
5500,272,933,2.5
5501,272,20,2.5
5502,272,983,2.5
5503,272,984,3
5504,272,712,3
5505,272,985,1
5506,272,694,2.5
5507,272,419,3.5
5508,272,516,3
5509,272,986,3.5
5510,272,717,2.5
5511,272,847,1.5
5512,272,521,3
5513,272,987,3
5514,272,597,3.5
5515,272,988,3
5516,272,304,4
5517,272,989,0.5
5518,272,738,2.5
5519,272,990,2
5520,272,991,2
5521,272,992,3
5522,272,993,0.5
5523,272,296,4
5524,272,314,3
5525,272,352,3
5526,272,766,1.5
5527,272,994,3.5
5528,272,742,1.5
5529,272,700,0.5
5530,272,708,3
5531,272,995,2.5
5532,272,594,3
5533,272,750,3
5534,272,996,1.5
5535,272,284,2
5536,272,657,4
5537,272,754,3.5
5538,272,679,1.5
5539,272,997,2.5
5540,272,998,2.5
5541,272,550,3
5542,272,308,3
5543,272,707,3
5544,272,718,3
5545,272,91,2.5
5546,272,686,1.5
5547,272,806,4
5548,272,595,2.5
5549,272,753,2.5
5550,272,528,1.5
5551,272,268,2.5
5552,272,697,1.5
5553,272,1000,3
5554,272,1001,3
5555,272,1002,2.5
5556,272,293,3
5557,272,698,2.5
5558,272,557,3
5559,272,1003,1.5
5560,272,1004,2.5
5561,272,432,4
5562,272,383,3
5563,272,126,3.5
5564,272,765,1.5
5565,272,1005,2
5566,272,529,2.5
5567,272,668,3
5568,272,468,3.5
5569,272,1006,2
5570,272,406,3
5571,272,1007,1.5
5572,272,688,2
5573,272,1008,1
5574,272,835,3
5575,272,1009,1
5576,272,1010,4
5577,272,489,3
5578,272,218,3.5
5579,272,585,1
5580,272,379,3.5
5581,272,148,3
5582,272,746,3
5583,272,747,2
5584,272,709,3
5585,272,1012,2.5
5586,272,1013,2.5
5587,272,1014,3
5588,272,681,1.5
5589,272,924,2
5590,272,606,3.5
5591,272,295,3.5
5592,272,1015,4
5593,272,1016,1
5594,272,837,4
5595,272,453,2
5596,272,732,3.5
5597,273,236,3.5
5598,273,659,2
5599,273,255,3
5600,273,250,3.5
5601,273,1017,2
5602,273,5,3.5
5603,273,251,3.5
5604,273,235,3
5605,273,2,3.5
5606,273,219,3.5
5607,273,254,2.5
5608,273,4,3
5609,273,7,3.5
5610,273,205,3.5
5611,273,215,3
5612,273,11,3.5
5613,273,253,3
5614,273,1,2.5
5615,274,252,4
5616,274,205,4
5617,274,256,4
5618,274,248,4
5619,274,13,4
5620,274,215,4
5621,274,84,3.5
5622,274,650,3.5
5623,274,4,4
5624,274,5,4
5625,274,6,4
5626,274,207,4
5627,274,7,4
5628,274,241,4
5629,274,211,4
5630,274,234,4
5631,274,11,4
5632,274,219,4
5633,274,253,4
5634,274,257,4
5635,274,233,4
5636,274,206,4
5637,274,250,4
5638,274,121,4
5639,274,3,4
5640,274,244,4
5641,274,17,4
5642,274,12,4
5643,274,247,4
5644,274,220,4
5645,274,246,4
5646,274,249,4
5647,274,239,3.5
5648,274,10,3.5
5649,274,212,4
5650,274,9,4
5651,274,214,3.5
5652,274,643,4
5653,274,210,4
5654,274,2,4
5655,274,1,4
5656,274,8,4
5657,274,251,4
5658,274,245,4
5659,274,236,4
5660,274,217,4
5661,274,213,4
5662,274,235,4
5663,274,255,4
5664,274,216,4
5665,275,554,3
5666,276,4,3.5
5667,276,247,3.5
5668,276,8,3
5669,276,257,1
5670,276,239,3.5
5671,276,12,2
5672,276,10,3.5
5673,276,215,4
5674,276,13,4
5675,276,251,4
5676,276,3,4
5677,276,205,3.5
5678,276,213,3
5679,276,255,3.5
5680,276,207,1.5
5681,276,214,4
5682,276,5,3.5
5683,276,1,3.5
5684,276,17,4
5685,276,234,1.5
5686,276,211,4
5687,276,235,3.5
5688,276,249,4
5689,276,246,4
5690,276,250,4
5691,276,9,4
5692,276,254,3.5
5693,276,241,4
5694,276,216,4
5695,276,84,4
5696,276,252,3.5
5697,276,219,4
5698,276,212,2
5699,276,6,2.5
5700,276,2,2.5
5701,276,11,4
5702,276,245,4
5703,276,217,2
5704,276,253,2.5
5705,276,220,2.5
5706,276,236,2.5
5707,276,244,4
5708,276,210,3.5
5709,276,206,2.5
5710,276,7,2
5711,277,588,4
5712,278,220,4
5713,278,91,4
5714,278,363,4
5715,278,1018,4
5716,278,579,3.5
5717,278,943,4
5718,278,518,4
5719,278,1019,3.5
5720,278,588,4
5721,278,1020,3
5722,278,432,3.5
5723,278,348,4
5724,278,512,3
5725,278,1021,3.5
5726,278,318,4
5727,278,1022,3
5728,278,239,3.5
5729,278,1023,4
5730,279,205,3
5731,279,255,3.5
5732,279,233,2.5
5733,279,246,3
5734,279,2,4
5735,279,248,3
5736,279,247,3
5737,279,254,4
5738,279,217,3
5739,279,207,2
5740,279,252,2.5
5741,279,211,3
5742,279,12,3.5
5743,279,241,4
5744,279,6,3
5745,279,216,2.5
5746,279,219,2.5
5747,279,210,2
5748,279,236,2.5
5749,279,3,3.5
5750,279,13,4
5751,279,17,2
5752,279,235,2.5
5753,279,239,2.5
5754,279,256,3
5755,279,214,3
5756,279,8,3.5
5757,279,249,3
5758,279,4,1.5
5759,279,213,3
5760,279,7,3.5
5761,279,212,3
5762,279,84,2
5763,279,251,3.5
5764,279,245,3.5
5765,279,253,2.5
5766,279,257,1.5
5767,279,215,3.5
5768,279,121,3.5
5769,279,243,3.5
5770,279,220,2
5771,279,250,3
5772,279,1,3.5
5773,279,244,2.5
5774,279,9,3.5
5775,279,11,3.5
5776,279,5,2.5
5777,279,10,3
5778,279,206,2.5
5779,280,4,2.5
5780,280,12,1
5781,280,239,1
5782,280,3,1.5
5783,280,217,1
5784,280,219,1
5785,280,244,1
5786,280,234,2
5787,280,253,2
5788,280,214,1.5
5789,280,210,3
5790,280,243,1
5791,280,2,3
5792,280,251,2
5793,280,7,1.5
5794,280,212,3
5795,280,241,1
5796,280,6,1
5797,280,13,2.5
5798,280,10,2
5799,280,255,2
5800,280,17,2
5801,280,213,2
5802,280,215,3.5
5803,280,9,1.5
5804,280,250,2.5
5805,280,1,2
5806,280,247,2
5807,280,211,2
5808,280,257,1
5809,280,245,2
5810,280,233,3
5811,280,236,1.5
5812,280,216,1.5
5813,280,220,3
5814,280,205,3.5
5815,280,207,1
5816,280,11,3.5
5817,280,252,1.5
5818,280,8,3.5
5819,281,7,2.5
5820,281,239,4
5821,281,254,3.5
5822,281,13,1.5
5823,281,219,1
5824,281,10,1.5
5825,281,256,3
5826,281,210,3.5
5827,281,8,3.5
5828,281,246,3
5829,281,251,2
5830,281,212,3.5
5831,281,248,3.5
5832,281,84,3.5
5833,281,243,3
5834,281,9,3.5
5835,281,234,2
5836,281,1,1.5
5837,281,220,3.5
5838,281,252,1
5839,281,215,3.5
5840,281,235,2.5
5841,281,216,3.5
5842,281,253,3
5843,281,245,3.5
5844,281,207,4
5845,281,206,3
5846,281,211,3
5847,281,12,3.5
5848,281,121,3.5
5849,281,236,2
5850,281,3,4
5851,281,205,3
5852,281,241,3.5
5853,281,214,3.5
5854,281,250,4
5855,281,247,2.5
5856,281,255,2.5
5857,281,233,2.5
5858,281,5,3.5
5859,281,249,3.5
5860,281,257,3
5861,281,6,3.5
5862,281,213,2.5
5863,281,11,2.5
5864,281,2,3.5
5865,281,17,4
5866,281,244,3.5
5867,281,217,2
5868,281,4,2.5
5869,283,213,3.5
5870,283,11,3.5
5871,283,1024,4
5872,283,12,4
5873,283,13,3.5
5874,283,1025,4
5875,283,215,4
5876,283,239,4
5877,283,219,4
5878,284,363,4
5879,284,912,3.5
5880,284,911,4
5881,284,1027,4
5882,284,805,4
5883,284,913,3.5
5884,284,1028,3
5885,284,1029,3.5
5886,284,1031,4
5887,284,190,3.5
5888,284,1032,4
5889,284,233,3
5890,284,1033,4
5891,284,908,4
5892,284,1034,3
5893,284,732,3.5
5894,284,909,2
5895,284,1035,4
5896,284,910,3.5
5897,285,84,4
5898,285,452,3
5899,285,11,4
5900,285,335,4
5901,285,9,3.5
5902,285,6,4
5903,285,278,4
5904,285,4,4
5905,285,588,4
5906,285,12,3
5907,285,1036,4
5908,285,236,3.5
5909,285,7,3
5910,285,787,4
5911,285,1037,2
5912,285,1038,4
5913,285,207,3
5914,285,5,4
5915,285,676,3.5
5916,285,234,3.5
5917,285,211,4
5918,285,1039,4
5919,285,3,4
5920,285,93,4
5921,286,236,4
5922,286,241,3.5
5923,286,219,4
5924,286,246,4
5925,286,13,3.5
5926,286,4,4
5927,286,257,3.5
5928,286,11,4
5929,286,254,3
5930,286,207,4
5931,286,205,3.5
5932,286,220,3.5
5933,286,7,4
5934,286,8,3.5
5935,286,10,3.5
5936,286,12,3
5937,286,206,4
5938,286,2,3.5
5939,286,235,4
5940,286,5,4
5941,286,121,4
5942,286,1,4
5943,286,3,3
5944,287,7,4
5945,287,17,1
5946,287,207,2.5
5947,287,219,4
5948,288,121,1
5949,288,257,2
5950,288,2,3.5
5951,288,207,3.5
5952,288,7,4
5953,288,8,1.5
5954,289,8,2.5
5955,289,207,3.5
5956,289,7,4
5957,289,257,2
5958,289,2,3.5
5959,289,121,1
5960,290,17,2
5961,290,3,2.5
5962,290,206,2.5
5963,290,7,3
5964,290,241,3
5965,290,257,2.5
5966,290,1,3
5967,290,5,3.5
5968,290,11,3.5
5969,290,6,3
5970,290,205,3.5
5971,290,207,3
5972,291,9,3
5973,291,245,3.5
5974,291,211,4
5975,291,254,3.5
5976,291,207,2
5977,291,233,2.5
5978,291,3,3
5979,291,8,3.5
5980,291,5,3.5
5981,291,206,2
5982,291,7,4
5983,291,257,3
5984,291,10,3
5985,291,11,3.5
5986,291,215,3
5987,291,213,3
5988,291,4,4
5989,291,241,2.5
5990,291,1,3
5991,291,236,4
5992,291,12,3.5
5993,291,205,4
5994,291,247,2
5995,291,17,3.5
5996,291,251,4
5997,291,6,3
5998,291,239,2
5999,291,250,3.5
6000,291,217,3.5
6001,291,210,4
6002,291,219,3.5
6003,291,234,3.5
6004,292,206,4
6005,292,121,4
6006,292,245,3
6007,292,251,4
6008,292,8,4
6009,292,211,3
6010,292,3,4
6011,292,17,4
6012,292,243,4
6013,292,12,4
6014,292,212,4
6015,292,250,4
6016,292,207,2
6017,292,235,3
6018,292,11,3
6019,292,253,4
6020,292,236,4
6021,292,7,3.5
6022,292,219,4
6023,292,13,2.5
6024,292,1,3.5
6025,292,216,4
6026,292,215,4
6027,293,235,4
6028,293,234,3.5
6029,293,3,3.5
6030,293,213,3.5
6031,293,216,4
6032,293,257,2
6033,293,7,4
6034,293,243,3
6035,293,210,3.5
6036,293,254,3.5
6037,293,248,3
6038,293,249,2
6039,293,6,2.5
6040,293,2,4
6041,293,219,2.5
6042,293,211,3.5
6043,293,236,2
6044,293,245,3
6045,293,4,2.5
6046,293,207,3.5
6047,293,252,2.5
6048,293,255,3
6049,293,212,3
6050,293,8,2.5
6051,293,215,3.5
6052,293,11,3.5
6053,293,241,3
6054,293,84,2
6055,293,13,4
6056,293,251,3
6057,293,244,3
6058,293,12,2.5
6059,293,206,3.5
6060,293,253,3.5
6061,293,17,3
6062,293,1,2.5
6063,293,239,3
6064,293,9,2.5
6065,293,121,2.5
6066,293,247,3
6067,293,10,4
6068,293,5,3
6069,293,217,3.5
6070,293,205,3.5
6071,293,220,3.5
6072,293,214,3.5
6073,293,256,2
6074,293,250,3
6075,293,233,2.5
6076,293,246,3.5
6077,294,215,3.5
6078,294,244,2
6079,294,207,2
6080,294,254,3
6081,294,11,4
6082,294,250,2.5
6083,294,236,2
6084,294,2,3
6085,294,249,2
6086,294,13,3.5
6087,294,211,3.5
6088,294,205,0.5
6089,294,233,3
6090,294,252,2
6091,294,5,4
6092,294,7,3
6093,294,243,2
6094,294,214,3.5
6095,294,234,3
6096,294,10,2
6097,294,248,2
6098,294,245,3
6099,294,246,2
6100,294,12,1.5
6101,294,9,3
6102,294,1,2
6103,294,255,3.5
6104,294,220,3
6105,294,121,2
6106,294,210,2
6107,294,84,1.5
6108,294,206,2
6109,294,253,2
6110,294,6,4
6111,294,247,2
6112,294,239,3
6113,294,216,2
6114,294,3,2.5
6115,294,256,2
6116,294,235,2
6117,294,8,3
6118,294,217,2
6119,294,212,2
6120,294,4,4
6121,294,251,3
6122,294,241,2
6123,294,17,4
6124,294,257,2
6125,294,213,3
6126,294,219,1.5
6127,295,244,2
6128,295,245,2
6129,295,252,2
6130,295,84,3
6131,295,233,3
6132,295,217,2
6133,295,241,2
6134,295,6,3
6135,295,248,2
6136,295,17,3.5
6137,295,220,2
6138,295,253,2.5
6139,295,215,3.5
6140,295,255,3
6141,295,251,2
6142,295,7,1.5
6143,295,236,3.5
6144,295,206,2
6145,295,4,4
6146,295,13,0.5
6147,295,207,2.5
6148,295,5,2.5
6149,295,8,3.5
6150,295,254,2.5
6151,295,216,1
6152,295,234,3.5
6153,295,2,2.5
6154,295,257,2
6155,295,256,2
6156,295,219,3
6157,295,1,2.5
6158,295,9,3
6159,295,211,3
6160,295,212,3.5
6161,295,213,2.5
6162,295,214,2.5
6163,295,235,3
6164,295,246,2
6165,295,205,1.5
6166,295,210,2
6167,295,121,3
6168,295,3,3
6169,295,10,1
6170,295,247,2
6171,295,239,1.5
6172,295,12,3
6173,295,249,2
6174,295,243,2
6175,295,11,4
6176,295,250,2.5
6177,296,213,3.5
6178,296,13,3
6179,296,7,3.5
6180,296,1,3.5
6181,296,12,3
6182,296,251,3
6183,296,2,3.5
6184,296,4,1.5
6185,296,210,3.5
6186,296,219,1.5
6187,296,234,3
6188,296,205,3.5
6189,296,121,3.5
6190,296,216,3.5
6191,296,207,3.5
6192,296,252,3
6193,296,3,2
6194,296,5,3
6195,296,214,2
6196,296,10,3
6197,296,11,1
6198,296,220,3
6199,296,215,3
6200,297,235,0.5
6201,297,3,4
6202,297,220,0.5
6203,298,339,1
6204,299,13,4
6205,299,207,2.5
6206,299,5,3
6207,299,8,3.5
6208,299,213,3
6209,299,216,2.5
6210,299,234,3
6211,299,256,3.5
6212,299,219,4
6213,299,1,2.5
6214,299,9,4
6215,299,211,4
6216,299,212,4
6217,299,214,3
6218,299,205,3.5
6219,299,3,3.5
6220,299,239,4
6221,299,12,3
6222,299,249,3.5
6223,299,11,3
6224,299,215,4
6225,299,250,4
6226,299,251,3.5
6227,299,245,3
6228,299,84,4
6229,299,233,3.5
6230,299,241,2.5
6231,299,6,2.5
6232,299,17,4
6233,299,253,4
6234,299,255,1.5
6235,299,7,3.5
6236,299,236,2
6237,300,898,3.5
6238,300,1054,2.5
6239,300,398,0.5
6240,300,1059,2.5
6241,300,638,1.5
6242,300,719,2.5
6243,301,220,3.5
6244,301,6,4
6245,301,121,3.5
6246,301,11,4
6247,301,12,3
6248,301,250,3.5
6249,301,9,4
6250,301,249,3
6251,301,2,3
6252,301,236,3
6253,301,219,3.5
6254,301,239,3.5
6255,301,4,4
6256,301,215,3
6257,302,5,2.5
6258,302,1,2
6259,302,17,3
6260,302,234,0.5
6261,302,211,2.5
6262,302,246,2.5
6263,302,249,3
6264,302,250,2.5
6265,302,9,4
6266,302,256,3
6267,302,254,4
6268,302,121,3.5
6269,302,241,3
6270,302,216,4
6271,302,84,1.5
6272,302,252,0.5
6273,302,219,3
6274,302,212,3.5
6275,302,6,2.5
6276,302,11,4
6277,302,2,4
6278,302,8,4
6279,302,245,4
6280,302,248,2
6281,302,217,3
6282,302,253,3.5
6283,302,220,3
6284,302,243,3.5
6285,302,236,4
6286,302,244,3
6287,302,210,3
6288,302,7,0.5
6289,302,206,3.5
6290,302,4,3
6291,302,247,2
6292,302,257,2.5
6293,302,239,1
6294,302,12,2.5
6295,302,10,4
6296,302,215,4
6297,302,13,3.5
6298,302,251,4
6299,302,235,4
6300,302,3,3.5
6301,302,233,3.5
6302,302,213,3
6303,302,205,4
6304,302,255,2.5
6305,302,207,2.5
6306,302,214,3.5
6307,303,12,1.5
6308,303,254,3
6309,303,250,2
6310,303,207,1.5
6311,303,235,3
6312,303,11,1.5
6313,303,253,2
6314,303,236,3.5
6315,303,244,1.5
6316,303,7,2
6317,303,13,2.5
6318,303,1,3
6319,303,5,3
6320,303,252,1.5
6321,303,9,1.5
6322,303,215,3
6323,303,241,0.5
6324,303,205,1.5
6325,303,220,1
6326,303,245,2
6327,303,239,1.5
6328,303,251,2.5
6329,303,8,2
6330,303,211,1
6331,303,3,1.5
6332,303,17,3.5
6333,303,214,4
6334,304,187,4
6335,304,442,1
6336,305,350,2
6337,306,215,2.5
6338,306,11,3
6339,306,12,1.5
6340,306,17,4
6341,306,1069,4
6342,306,10,1.5
6343,306,207,3.5
6344,306,4,4
6345,306,2,2
6346,306,3,3.5
6347,307,1070,2
6348,307,453,2.5
6349,307,443,4
6350,307,1010,1.5
6351,307,242,2
6352,307,1071,3.5
6353,307,1072,3.5
6354,307,304,4
6355,308,5,3
6356,308,207,3.5
6357,308,235,4
6358,308,219,3.5
6359,308,12,4
6360,308,257,4
6361,308,216,2
6362,308,1073,4
6363,308,616,3.5
6364,308,1034,0.5
6365,308,1074,3.5
6366,308,1075,3.5
6367,308,205,2
6368,308,1076,3.5
6369,308,252,3.5
6370,308,1077,4
6371,308,611,1
6372,308,495,1.5
6373,308,1078,1.5
6374,308,291,3
6375,308,1079,3
6376,308,659,0.5
6377,308,148,4
6378,308,1080,0.5
6379,308,451,2.5
6380,308,1081,4
6381,308,1082,3.5
6382,308,207,3
6383,308,1083,2
6384,308,1084,3.5
6385,308,1085,2
6386,308,497,2
6387,308,656,3.5
6388,308,657,3.5
6389,308,13,1
6390,308,214,0.5
6391,308,1086,1
6392,308,1087,3.5
6393,308,1088,0.5
6394,308,263,1.5
6395,308,1089,3.5
6396,308,1090,4
6397,308,1091,2.5
6398,308,1092,3
6399,308,660,1.5
6400,308,1093,4
6401,308,839,2.5
6402,308,10,1
6403,308,407,3
6404,308,1094,2.5
6405,308,1095,0.5
6406,308,1096,3.5
6407,308,1097,1.5
6408,308,1098,3
6409,308,1099,3.5
6410,308,1100,3.5
6411,308,1101,2
6412,308,1102,2
6413,308,235,1.5
6414,308,434,1
6415,308,1103,2
6416,308,1104,1
6417,308,2,3
6418,308,90,2.5
6419,308,1105,2.5
6420,308,240,1
6421,308,1106,2.5
6422,308,278,2.5
6423,308,1107,2
6424,308,121,2.5
6425,308,887,4
6426,308,247,3
6427,308,239,3.5
6428,308,1108,1
6429,308,244,1
6430,308,236,3
6431,308,1109,1
6432,308,1110,1
6433,308,7,3.5
6434,308,12,4
6435,308,743,0.5
6436,308,489,1
6437,308,1111,4
6438,308,1112,4
6439,308,447,0.5
6440,308,1113,0.5
6441,308,536,4
6442,308,1114,3.5
6443,308,220,3.5
6444,308,1115,4
6445,308,930,0.5
6446,308,1116,4
6447,308,6,2.5
6448,308,1117,3.5
6449,308,210,2
6450,308,4,4
6451,308,1118,3.5
6452,308,1119,2.5
6453,308,1120,1.5
6454,309,4,3
6455,309,9,4
6456,309,7,2.5
6457,309,205,3.5
6458,309,215,2.5
6459,309,11,3.5
6460,309,253,3
6461,309,1,2.5
6462,309,220,3
6463,309,242,3.5
6464,309,252,4
6465,309,236,3
6466,309,244,3.5
6467,309,5,2.5
6468,309,241,1
6469,309,6,3
6470,309,8,2.5
6471,309,207,2.5
6472,309,251,3.5
6473,309,250,3.5
6474,310,446,4
6475,310,1121,4
6476,310,218,2
6477,310,38,2.5
6478,310,318,4
6479,310,241,1.5
6480,310,522,1
6481,310,704,3
6482,310,793,4
6483,310,1122,2.5
6484,310,688,2
6485,310,498,0.5
6486,310,1123,0.5
6487,310,330,2
6488,310,787,2.5
6489,310,455,2.5
6490,310,585,2.5
6491,310,142,2.5
6492,310,1124,2.5
6493,310,116,1
6494,310,657,3
6495,310,278,3.5
6496,311,806,3.5
6497,311,239,2.5
6498,311,2,3.5
6499,311,211,2.5
6500,311,17,3
6501,311,3,3.5
6502,311,11,3.5
6503,311,5,3.5
6504,311,210,2.5
6505,311,7,4
6506,311,4,3
6507,311,8,3
6508,312,793,4
6509,312,255,2
6510,312,719,0.5
6511,312,398,4
6512,312,1054,0.5
6513,312,638,4
6514,312,898,4
6515,312,347,4
6516,312,1059,2
6517,313,246,1.5
6518,313,234,4
6519,313,31,3
6520,313,1125,4
6521,313,1126,4
6522,313,210,3
6523,313,834,4
6524,313,252,3.5
6525,313,658,3.5
6526,313,293,3
6527,313,777,4
6528,313,1127,2
6529,313,235,4
6530,313,5,2.5
6531,313,1128,4
6532,313,1129,4
6533,313,1130,3.5
6534,313,699,3
6535,313,216,4
6536,314,220,3.5
6537,314,4,4
6538,314,787,3.5
6539,314,6,2.5
6540,314,7,4
6541,314,8,3
6542,314,11,3.5
6543,314,12,4
6544,314,251,4
6545,314,17,2
6546,314,2,3
6547,314,207,3.5
6548,315,3,4
6549,315,213,4
6550,316,11,2
6551,316,213,0.5
6552,316,1131,4
6553,316,1132,4
6554,316,214,4
6555,316,239,0.5
6556,316,1133,4
6557,316,1134,3
6558,316,121,3.5
6559,316,212,4
6560,316,84,3.5
6561,316,256,0.5
6562,316,234,3.5
6563,316,1135,4
6564,316,1136,4
6565,316,17,0.5
6566,316,245,0.5
6567,316,255,4
6568,316,1137,4
6569,316,8,4
6570,316,1138,4
6571,316,1139,4
6572,316,254,0.5
6573,316,10,1.5
6574,316,3,4
6575,316,205,3.5
6576,316,1140,4
6577,316,1,0.5
6578,316,1141,3
6579,316,1142,1
6580,316,250,3.5
6581,316,241,0.5
6582,316,1143,4
6583,316,207,3.5
6584,316,210,1
6585,316,220,1.5
6586,316,1144,3.5
6587,316,233,3
6588,316,1145,4
6589,316,244,0.5
6590,316,1146,3
6591,316,219,4
6592,316,9,4
6593,316,215,4
6594,316,1147,3
6595,316,248,4
6596,316,6,3
6597,316,1148,4
6598,316,13,2
6599,316,253,2.5
6600,316,247,0.5
6601,316,1149,3.5
6602,316,257,0.5
6603,316,1150,3.5
6604,316,211,4
6605,316,1151,3
6606,316,1152,3
6607,316,7,0.5
6608,316,235,0.5
6609,316,5,4
6610,316,1153,4
6611,316,236,4
6612,316,243,2
6613,316,1154,3
6614,316,1155,4
6615,316,2,4
6616,316,1156,4
6617,316,181,4
6618,316,252,0.5
6619,316,1157,3.5
6620,316,206,2.5
6621,316,251,2
6622,316,4,0.5
6623,316,246,1
6624,316,216,0.5
6625,316,1158,0.5
6626,316,12,0.5
6627,316,217,0.5
6628,316,249,0.5
6629,317,366,3.5
6630,317,565,3
6631,317,653,3.5
6632,317,419,3.5
6633,317,436,3
6634,317,217,3
6635,317,1159,4
6636,317,1160,3.5
6637,317,801,3.5
6638,317,305,3.5
6639,317,336,3.5
6640,317,1161,3.5
6641,317,575,3
6642,317,1162,2
6643,317,798,3
6644,317,1163,2.5
6645,317,835,3.5
6646,317,1164,2
6647,317,1165,1
6648,317,657,3
6649,318,3,0.5
6650,318,205,3
6651,318,213,2
6652,318,255,3
6653,318,214,4
6654,318,10,3
6655,318,1,2.5
6656,318,234,2.5
6657,318,216,4
6658,318,252,2
6659,318,219,3
6660,318,212,2.5
6661,318,11,3.5
6662,318,2,4
6663,318,217,3
6664,318,239,3
6665,318,215,3
6666,318,7,3
6667,318,13,3
6668,319,8,3.5
6669,319,255,1
6670,319,234,2.5
6671,319,10,1
6672,319,211,2
6673,319,216,1
6674,319,13,3.5
6675,319,121,1.5
6676,319,84,2
6677,319,207,2
6678,319,251,2.5
6679,319,249,1.5
6680,319,250,2
6681,319,219,3.5
6682,319,252,1
6683,319,246,1.5
6684,319,5,1.5
6685,319,241,1.5
6686,319,6,1
6687,319,235,1
6688,319,239,3
6689,319,213,2
6690,319,2,1
6691,319,254,1
6692,319,4,1.5
6693,319,9,1
6694,319,7,3
6695,319,210,1.5
6696,319,206,1
6697,319,257,2
6698,319,247,3.5
6699,319,214,3
6700,319,205,1
6701,319,243,0.5
6702,319,17,3.5
6703,319,215,2.5
6704,319,233,2
6705,319,248,1
6706,319,3,2.5
6707,319,11,3.5
6708,319,1,0.5
6709,319,253,1.5
6710,319,220,2
6711,319,256,1
6712,319,212,0.5
6713,319,278,4
6714,319,217,3.5
6715,319,245,3
6716,319,236,3.5
6717,319,244,2
6718,319,12,2
6719,320,1166,2
6720,320,215,4
6721,320,1167,4
6722,320,1168,3
6723,320,4,3
6724,320,1169,0.5
6725,320,10,3
6726,320,11,3.5
6727,320,1170,3.5
6728,320,1171,2
6729,320,1172,4
6730,320,251,3.5
6731,320,1011,4
6732,320,12,3
6733,320,1173,4
6734,320,1174,3.5
6735,320,213,3
6736,320,1175,4
6737,320,1176,3.5
6738,320,234,3
6739,320,1177,3
6740,320,1178,3.5
6741,320,297,4
6742,320,1179,4
6743,320,6,3.5
6744,320,1180,1
6745,320,219,4
6746,320,631,4
6747,320,210,3
6748,320,1181,2.5
6749,321,207,3
6750,321,205,3
6751,321,11,3
6752,321,7,3
6753,321,206,3.5
6754,321,239,3
6755,321,9,3.5
6756,321,236,2
6757,321,211,3.5
6758,321,220,3
6759,321,1,2.5
6760,321,13,3
6761,321,2,3.5
6762,321,10,3
6763,322,217,4
6764,322,5,3.5
6765,322,220,3
6766,322,12,2
6767,322,10,1
6768,322,11,4
6769,322,3,3
6770,322,8,3.5
6771,322,254,3
6772,322,207,2
6773,322,239,3
6774,322,213,3
6775,322,7,4
6776,322,4,4
6777,322,244,3.5
6778,322,2,4
6779,322,236,2
6780,323,287,2.5
6781,323,1182,4
6782,323,256,4
6783,323,1183,2
6784,323,392,2.5
6785,323,318,3.5
6786,323,1026,3
6787,323,689,4
6788,323,8,3
6789,323,743,2
6790,323,1184,4
6791,323,704,4
6792,323,763,3.5
6793,323,293,2.5
6794,323,592,1.5
6795,323,257,2.5
6796,323,604,4
6797,323,235,3
6798,323,706,1.5
6799,323,734,1
6800,323,686,3.5
6801,323,1185,3.5
6802,323,676,1
6803,323,765,1
6804,323,835,3
6805,323,593,2.5
6806,323,522,4
6807,323,875,1.5
6808,323,709,3.5
6809,323,365,4
6810,323,205,2.5
6811,323,490,2
6812,323,336,4
6813,323,858,3
6814,323,1186,4
6815,323,211,4
6816,323,805,3.5
6817,323,391,4
6818,323,753,3
6819,323,760,1
6820,323,510,3
6821,323,486,3.5
6822,323,218,4
6823,323,899,3
6824,323,196,3
6825,323,10,1
6826,323,598,3.5
6827,323,1,3
6828,323,850,4
6829,323,599,2
6830,323,278,2.5
6831,323,275,3
6832,323,723,3.5
6833,323,729,4
6834,323,442,2
6835,323,398,3
6836,323,728,3
6837,323,870,4
6838,323,657,4
6839,323,509,3
6840,323,675,3
6841,323,400,4
6842,323,711,4
6843,323,1165,4
6844,323,744,3
6845,323,3,3.5
6846,323,866,3.5
6847,323,17,2.5
6848,323,712,2.5
6849,323,1187,4
6850,323,163,2.5
6851,323,1188,4
6852,323,13,2.5
6853,323,236,3
6854,323,142,4
6855,323,1189,4
6856,323,453,0.5
6857,323,7,4
6858,323,1190,3
6859,323,1191,3
6860,323,73,3
6861,323,683,3
6862,323,1029,3.5
6863,323,242,3.5
6864,323,26,3.5
6865,323,715,3
6866,323,699,4
6867,323,300,3
6868,323,1192,3
6869,323,2,1.5
6870,323,609,3.5
6871,323,585,4
6872,323,425,3.5
6873,323,727,2.5
6874,323,1193,4
6875,323,1194,4
6876,323,717,2.5
6877,323,695,3
6878,323,432,3
6879,323,769,3
6880,323,207,2
6881,323,379,1.5
6882,323,1195,3
6883,323,494,4
6884,323,733,3.5
6885,323,658,4
6886,323,31,2.5
6887,323,15,1.5
6888,323,702,4
6889,323,245,3.5
6890,323,512,3
6891,324,8,3.5
6892,324,220,3.5
6893,324,250,4
6894,324,9,4
6895,324,11,4
6896,324,10,3.5
6897,324,205,4
6898,324,255,3
6899,324,2,4
6900,324,1,3.5
6901,324,207,3
6902,324,5,3.5
6903,324,12,3
6904,324,6,3.5
6905,324,219,3
6906,324,236,4
6907,324,3,3.5
6908,324,17,3.5
6909,324,13,4
6910,324,211,4
6911,324,4,3.5
6912,324,213,3
6913,324,7,4
6914,324,212,4
6915,324,215,3.5
6916,325,236,2
6917,325,245,4
6918,325,4,4
6919,325,207,3
6920,325,215,4
6921,325,11,4
6922,325,13,4
6923,325,244,3.5
6924,325,12,3
6925,325,206,4
6926,325,1,3.5
6927,325,239,3
6928,325,10,4
6929,325,217,3
6930,325,205,4
6931,325,250,4
6932,325,246,4
6933,325,235,4
6934,325,3,3.5
6935,325,213,3.5
6936,325,216,3.5
6937,325,257,3.5
6938,325,7,4
6939,325,210,3
6940,325,2,4
6941,326,8,3.5
6942,326,217,3
6943,326,206,4
6944,326,4,2.5
6945,326,251,3
6946,326,17,4
6947,326,257,1.5
6948,326,213,4
6949,326,219,2.5
6950,326,254,4
6951,326,11,3
6952,326,250,4
6953,326,13,4
6954,326,2,4
6955,326,7,2
6956,326,215,3.5
6957,326,10,3
6958,326,245,3
6959,326,236,3.5
6960,326,9,3
6961,326,1,2.5
6962,326,255,3.5
6963,326,220,3
6964,326,84,3
6965,327,207,3
6966,327,17,4
6967,327,239,4
6968,327,7,3.5
6969,327,251,4
6970,327,250,4
6971,327,1,3
6972,327,236,3.5
6973,327,11,3
6974,327,12,3
6975,327,4,4
6976,327,2,4
6977,327,241,2
6978,327,205,2.5
6979,327,211,4
6980,327,235,3
6981,328,12,2
6982,328,247,2.5
6983,328,239,3
6984,328,121,3
6985,328,220,1.5
6986,328,3,3
6987,328,256,0.5
6988,328,210,2.5
6989,328,8,3.5
6990,328,217,3
6991,328,84,1
6992,328,206,3
6993,328,253,4
6994,328,6,1.5
6995,328,4,3
6996,328,213,3.5
6997,328,207,3
6998,328,216,3
6999,328,235,2
7000,328,11,3.5
7001,328,249,0.5
7002,328,2,4
7003,328,212,2
7004,328,233,0.5
7005,328,251,3.5
7006,328,5,2
7007,328,241,3
7008,328,17,2.5
7009,328,257,1.5
7010,328,219,4
7011,328,215,4
7012,328,244,2.5
7013,328,254,3
7014,328,234,2
7015,328,248,0.5
7016,328,250,3.5
7017,328,236,1.5
7018,328,13,4
7019,328,211,4
7020,328,205,2.5
7021,328,252,1.5
7022,328,9,1
7023,328,1,4
7024,328,255,2
7025,328,7,4
7026,328,243,0.5
7027,328,214,3.5
7028,328,10,3.5
7029,328,245,3
7030,328,246,2
7031,329,17,3.5
7032,329,241,1
7033,329,206,2.5
7034,329,207,1
7035,329,12,1
7036,329,5,3
7037,329,9,4
7038,329,7,3
7039,329,1,0.5
7040,329,2,3
7041,330,250,3.5
7042,330,233,2.5
7043,330,84,3
7044,330,244,4
7045,330,212,3.5
7046,330,245,4
7047,330,211,3
7048,330,254,3.5
7049,330,256,3
7050,330,3,4
7051,330,8,3.5
7052,330,5,2.5
7053,330,214,3
7054,330,10,4
7055,330,252,2.5
7056,330,11,3.5
7057,330,220,0.5
7058,330,215,4
7059,330,213,3.5
7060,330,241,3.5
7061,330,235,1.5
7062,330,13,3
7063,330,243,3.5
7064,330,206,4
7065,330,7,2
7066,330,12,4
7067,330,257,3.5
7068,330,1,3.5
7069,330,236,3
7070,330,248,4
7071,330,247,3
7072,330,17,2.5
7073,330,2,2.5
7074,330,249,4
7075,330,4,3
7076,330,217,4
7077,330,210,3
7078,330,219,3
7079,330,234,2.5
7080,330,253,4
7081,330,246,2
7082,330,9,4
7083,330,205,4
7084,330,121,3.5
7085,330,216,4
7086,330,251,4
7087,330,255,2.5
7088,330,207,3.5
7089,330,6,4
7090,330,239,3
7091,331,7,3.5
7092,331,13,4
7093,331,1,4
7094,331,5,3.5
7095,331,216,3.5
7096,331,4,4
7097,331,9,4
7098,331,215,3.5
7099,331,205,3.5
7100,331,255,3
7101,331,220,3
7102,331,234,3.5
7103,331,251,3.5
7104,331,253,3.5
7105,331,211,4
7106,331,3,4
7107,331,2,4
7108,331,219,3.5
7109,331,12,3.5
7110,331,254,3
7111,331,250,3
7112,331,6,4
7113,331,11,4
7114,331,84,4
7115,332,2,4
7116,332,253,3
7117,332,211,3
7118,332,236,3
7119,333,254,3
7120,333,205,3.5
7121,333,220,3.5
7122,333,7,4
7123,333,5,3
7124,333,216,2.5
7125,333,10,1.5
7126,333,207,2.5
7127,333,11,4
7128,333,17,2.5
7129,333,243,0.5
7130,333,2,1.5
7131,334,243,1
7132,334,12,3.5
7133,334,205,4
7134,334,219,4
7135,334,241,3
7136,334,8,2
7137,334,235,2.5
7138,334,1,3.5
7139,334,17,3.5
7140,334,211,3.5
7141,334,2,4
7142,334,207,3
7143,334,7,3.5
7144,334,216,4
7145,335,215,3
7146,335,13,3
7147,335,251,3
7148,335,235,3
7149,335,3,3
7150,335,233,3
7151,335,205,3
7152,335,213,2.5
7153,335,255,3.5
7154,335,207,3
7155,335,1,4
7156,335,84,3
7157,335,17,2.5
7158,335,234,3
7159,335,211,4
7160,335,246,3
7161,335,249,2.5
7162,335,250,3
7163,335,9,4
7164,335,256,3
7165,335,254,3
7166,335,121,3
7167,335,241,4
7168,335,216,3.5
7169,335,210,3
7170,335,219,3.5
7171,335,252,2.5
7172,335,212,3
7173,335,6,2.5
7174,335,11,3.5
7175,335,2,3
7176,335,245,3
7177,335,8,3.5
7178,335,248,3
7179,335,217,3
7180,335,239,3
7181,335,253,2
7182,335,220,3
7183,335,243,3
7184,335,236,3.5
7185,335,244,3.5
7186,335,7,4
7187,335,206,3.5
7188,335,4,3
7189,335,247,3
7190,335,257,3
7191,335,12,4
7192,335,10,3
7193,335,5,4
7194,337,207,4
7195,337,12,3.5
7196,337,5,3
7197,337,8,3.5
7198,337,236,4
7199,337,7,4
7200,338,4,3.5
7201,338,207,3
7202,338,8,4
7203,338,215,3.5
7204,338,11,4
7205,338,241,3
7206,338,13,4
7207,338,251,3
7208,338,206,3.5
7209,338,1,3.5
7210,338,10,4
7211,338,121,3
7212,338,217,3
7213,338,205,3
7214,338,233,3
7215,338,235,3
7216,338,234,3
7217,338,213,4
7218,338,7,3.5
7219,338,2,3.5
7220,338,211,4
7221,339,5,3.5
7222,339,7,3.5
7223,339,1196,3.5
7224,339,1,4
7225,339,207,3
7226,339,215,3.5
7227,339,220,4
7228,339,234,4
7229,339,235,2.5
7230,339,211,4
7231,339,84,3.5
7232,339,17,4
7233,339,213,3
7234,339,10,4
7235,339,241,4
7236,339,206,4
7237,340,211,3.5
7238,340,2,3
7239,340,313,3
7240,340,7,2
7241,340,236,4
7242,340,4,4
7243,340,11,4
7244,341,17,4
7245,341,84,3.5
7246,341,216,4
7247,342,241,2.5
7248,342,235,2.5
7249,342,207,3
7250,342,4,3
7251,342,257,3.5
7252,342,2,3
7253,342,236,3
7254,342,12,2.5
7255,342,11,3.5
7256,342,10,3.5
7257,342,8,3.5
7258,343,3,3
7259,343,255,3.5
7260,343,7,3.5
7261,344,207,3
7262,344,7,2
7263,344,4,2.5
7264,344,257,1
7265,344,8,3.5
7266,344,11,3.5
7267,344,17,2
7268,344,2,3
7269,344,254,2.5
7270,345,246,2
7271,345,4,4
7272,345,3,3
7273,345,11,4
7274,345,307,4
7275,345,310,3.5
7276,345,244,1.5
7277,345,5,2
7278,345,59,4
7279,345,241,2.5
7280,345,8,3
7281,345,512,4
7282,346,245,3
7283,346,236,4
7284,346,244,3
7285,346,12,2.5
7286,346,1010,4
7287,346,8,4
7288,346,10,3.5
7289,346,211,4
7290,346,234,3.5
7291,346,255,4
7292,346,216,3
7293,346,13,3
7294,346,84,4
7295,346,207,4
7296,346,251,3
7297,346,249,2.5
7298,346,250,3
7299,346,219,4
7300,346,252,3
7301,346,246,3
7302,346,5,4
7303,346,241,3
7304,346,6,4
7305,346,121,3.5
7306,346,235,1
7307,346,239,4
7308,346,213,3
7309,346,2,4
7310,346,254,4
7311,346,4,4
7312,346,9,4
7313,346,7,4
7314,346,210,2.5
7315,346,206,3
7316,346,257,4
7317,346,247,4
7318,346,214,4
7319,346,205,3
7320,346,243,3
7321,346,17,3
7322,346,215,2.5
7323,346,233,4
7324,346,248,2.5
7325,346,3,4
7326,346,11,3
7327,346,1,3.5
7328,346,253,4
7329,346,220,1
7330,346,256,3
7331,346,212,3
7332,346,217,2.5
7333,347,719,4
7334,347,134,4
7335,347,242,4
7336,347,138,4
7337,347,877,3
7338,347,55,4
7339,347,101,4
7340,347,1123,4
7341,347,111,4
7342,347,23,4
7343,347,1197,4
7344,347,180,4
7345,347,133,4
7346,347,79,4
7347,347,729,4
7348,347,21,4
7349,347,498,4
7350,347,434,3.5
7351,347,793,4
7352,347,143,4
7353,347,330,4
7354,347,2,4
7355,347,172,4
7356,347,185,4
7357,347,164,4
7358,347,159,4
7359,347,140,4
7360,347,787,4
7361,347,109,3
7362,347,236,3.5
7363,347,446,4
7364,347,74,4
7365,347,1121,4
7366,347,1124,4
7367,347,29,3.5
7368,347,96,4
7369,347,33,4
7370,347,195,3.5
7371,348,9,3
7372,348,13,3.5
7373,348,5,3
7374,348,213,3.5
7375,348,216,2.5
7376,348,121,3
7377,348,239,2.5
7378,348,215,3
7379,348,17,3.5
7380,348,205,2
7381,348,255,3.5
7382,348,245,3
7383,348,234,3
7384,348,235,2.5
7385,348,253,3.5
7386,348,8,3.5
7387,348,211,3.5
7388,348,3,3
7389,348,7,3
7390,348,219,3.5
7391,348,12,2.5
7392,348,250,3.5
7393,348,1,2.5
7394,348,11,3
7395,348,236,3
7396,348,249,3
7397,349,256,3
7398,349,3,3
7399,349,8,1.5
7400,349,5,2.5
7401,349,214,2.5
7402,349,206,1.5
7403,349,7,3
7404,349,257,2
7405,349,10,3.5
7406,349,11,3.5
7407,349,220,0.5
7408,349,215,3.5
7409,349,2,2
7410,349,213,4
7411,349,4,2
7412,349,241,3
7413,349,235,0.5
7414,349,13,4
7415,349,243,2.5
7416,349,1,4
7417,349,236,3
7418,349,248,3.5
7419,349,12,3.5
7420,349,205,0.5
7421,349,121,2.5
7422,349,247,2
7423,349,17,2
7424,349,251,2
7425,349,255,2.5
7426,349,249,3.5
7427,349,6,2
7428,349,239,3
7429,349,250,4
7430,349,217,3
7431,349,210,1.5
7432,349,219,3
7433,349,253,2.5
7434,349,234,2.5
7435,349,212,3
7436,349,246,2.5
7437,349,9,3.5
7438,349,245,1.5
7439,349,211,2
7440,349,216,1.5
7441,349,254,3
7442,349,207,2.5
7443,349,233,2
7444,349,84,3.5
7445,349,252,3
7446,349,244,3
7447,350,251,3.5
7448,350,255,3
7449,350,207,3
7450,350,6,3.5
7451,350,239,3.5
7452,350,250,3.5
7453,350,233,4
7454,350,219,3.5
7455,350,84,3.5
7456,350,234,3
7457,350,245,3.5
7458,350,211,4
7459,350,3,4
7460,350,5,4
7461,350,8,4
7462,350,214,3
7463,350,10,2.5
7464,350,11,4
7465,350,215,3
7466,350,241,4
7467,350,13,4
7468,350,235,3.5
7469,350,243,3
7470,350,7,3.5
7471,350,1,3
7472,350,257,3
7473,350,220,4
7474,350,247,3.5
7475,350,17,4
7476,350,2,2.5
7477,350,249,3.5
7478,350,4,3.5
7479,350,217,4
7480,350,253,4
7481,350,236,3.5
7482,350,12,4
7483,350,246,4
7484,350,9,4
7485,350,205,3
7486,350,121,4
7487,350,216,3.5
7488,351,235,3.5
7489,351,7,4
7490,351,12,3.5
7491,351,255,3
7492,351,257,4
7493,351,217,3.5
7494,352,206,4
7495,352,246,3.5
7496,352,255,2.5
7497,352,214,4
7498,352,220,2.5
7499,352,121,3
7500,352,245,2
7501,352,239,2.5
7502,352,256,1.5
7503,352,251,2
7504,352,8,2
7505,352,211,2.5
7506,352,3,4
7507,352,17,3
7508,352,2,4
7509,352,243,2.5
7510,352,212,3
7511,352,234,3.5
7512,352,12,3
7513,352,254,3
7514,352,250,4
7515,352,207,4
7516,352,235,3
7517,352,236,2.5
7518,352,11,3.5
7519,352,253,3
7520,352,249,3
7521,352,84,2.5
7522,352,247,2.5
7523,352,244,2.5
7524,352,10,4
7525,352,7,2
7526,352,210,2.5
7527,352,233,3.5
7528,352,219,4
7529,352,13,2.5
7530,352,1,4
7531,352,5,4
7532,352,6,3.5
7533,352,252,4
7534,352,216,3
7535,352,257,2
7536,352,4,3
7537,352,217,3.5
7538,352,9,4
7539,352,248,2
7540,352,215,3.5
7541,352,213,3
7542,352,241,4
7543,352,205,4
7544,354,4,4
7545,354,247,3
7546,354,11,4
7547,354,233,4
7548,354,5,4
7549,354,10,2
7550,354,207,4
7551,354,13,3
7552,355,11,3
7553,355,509,3
7554,355,411,3.5
7555,355,257,1
7556,355,515,1
7557,355,9,2
7558,355,445,2
7559,355,234,3
7560,355,235,1.5
7561,355,17,3.5
7562,355,512,3
7563,355,249,3
7564,355,729,3.5
7565,355,805,4
7566,355,352,3.5
7567,355,769,3
7568,355,397,1.5
7569,355,250,4
7570,355,245,3.5
7571,355,389,0.5
7572,355,265,2.5
7573,355,453,1
7574,355,216,4
7575,355,1,3.5
7576,355,518,4
7577,355,386,0.5
7578,355,215,3
7579,355,396,3.5
7580,355,705,3
7581,355,511,3.5
7582,355,385,3
7583,355,1054,0.5
7584,355,148,4
7585,355,488,2.5
7586,355,496,3.5
7587,355,606,2.5
7588,355,378,2
7589,355,13,4
7590,355,583,1.5
7591,355,431,2.5
7592,355,278,1
7593,355,434,4
7594,355,516,3.5
7595,355,239,1
7596,355,341,0.5
7597,355,428,1
7598,355,435,3.5
7599,355,218,3.5
7600,355,217,1
7601,355,12,2
7602,355,480,3
7603,355,473,1
7604,355,429,1
7605,355,510,2
7606,355,432,3
7607,355,406,2.5
7608,355,309,3
7609,355,10,3
7610,355,219,4
7611,355,253,2.5
7612,355,7,3.5
7613,355,477,3
7614,355,536,3
7615,355,8,1
7616,355,452,2.5
7617,355,251,4
7618,355,1010,3
7619,355,638,0.5
7620,355,206,3.5
7621,355,270,1
7622,355,211,3.5
7623,355,220,2
7624,355,256,4
7625,355,5,2.5
7626,355,4,4
7627,355,318,4
7628,355,212,2.5
7629,355,414,3.5
7630,355,409,1
7631,355,442,1
7632,355,403,1
7633,355,589,0.5
7634,355,472,3
7635,355,59,3.5
7636,355,427,3
7637,355,620,3
7638,355,1198,3
7639,355,468,3.5
7640,355,84,1.5
7641,355,490,1
7642,355,493,3
7643,355,405,4
7644,355,447,3
7645,355,255,2
7646,355,487,3.5
7647,355,242,4
7648,355,787,3
7649,355,675,3.5
7650,355,491,3.5
7651,355,294,2.5
7652,355,347,2.5
7653,356,213,0.5
7654,356,216,0.5
7655,356,235,4
7656,356,2,0.5
7657,356,212,0.5
7658,356,5,0.5
7659,356,17,0.5
7660,356,257,4
7661,356,219,1.5
7662,356,215,0.5
7663,356,234,0.5
7664,356,11,0.5
7665,356,13,0.5
7666,356,205,1
7667,356,252,0.5
7668,356,1,4
7669,356,7,4
7670,356,255,0.5
7671,356,214,0.5
7672,356,10,0.5
7673,356,245,0.5
7674,356,246,1
7675,356,12,4
7676,356,239,0.5
7677,356,3,4
7678,356,210,3.5
7679,356,217,0.5
7680,357,7,3.5
7681,357,2,2
7682,357,17,3.5
7683,358,10,3
7684,358,215,3
7685,358,2,4
7686,358,11,4
7687,358,3,3.5
7688,359,12,3
7689,359,207,4
7690,359,10,3
7691,359,5,3.5
7692,359,1,3.5
7693,359,234,3
7694,359,211,4
7695,359,13,3
7696,359,235,3
7697,359,3,4
7698,359,205,3.5
7699,359,213,4
7700,359,17,3
7701,359,245,3.5
7702,359,219,4
7703,359,6,4
7704,359,11,3.5
7705,359,278,4
7706,359,236,3
7707,359,7,3.5
7708,359,257,3
7709,360,12,3.5
7710,360,17,2.5
7711,360,220,3.5
7712,360,215,3.5
7713,360,250,4
7714,360,251,3.5
7715,360,7,3.5
7716,360,217,2
7717,360,241,2.5
7718,360,253,3
7719,360,236,3
7720,360,234,2.5
7721,360,13,2
7722,360,207,3
7723,360,219,3
7724,360,5,3.5
7725,360,213,4
7726,360,3,3
7727,360,257,2.5
7728,360,1,3
7729,360,9,3
7730,360,211,3
7731,361,251,3.5
7732,361,796,4
7733,361,1199,3
7734,361,242,3.5
7735,361,486,3.5
7736,361,638,4
7737,361,1200,3
7738,361,1201,3.5
7739,361,1101,4
7740,361,743,3.5
7741,361,1202,2.5
7742,361,307,4
7743,361,11,3.5
7744,361,1003,0.5
7745,361,800,3
7746,361,641,3.5
7747,361,1203,4
7748,361,794,4
7749,361,267,4
7750,361,236,3.5
7751,361,274,3
7752,361,12,1.5
7753,361,793,3
7754,361,17,3.5
7755,361,218,3
7756,361,752,2
7757,361,219,3
7758,361,1204,3.5
7759,361,253,4
7760,361,141,3
7761,361,1205,3.5
7762,361,1206,4
7763,361,806,3.5
7764,361,664,3.5
7765,362,17,3
7766,362,7,3.5
7767,362,12,2.5
7768,362,249,4
7769,362,10,3
7770,362,212,3.5
7771,362,214,4
7772,362,257,2
7773,362,2,2
7774,362,3,3.5
7775,362,251,4
7776,362,236,3.5
7777,362,213,4
7778,362,9,3
7779,362,255,3.5
7780,362,210,3
7781,362,205,2.5
7782,362,1,3.5
7783,362,8,3
7784,362,248,3
7785,362,13,4
7786,362,215,3.5
7787,362,243,2
7788,362,245,3.5
7789,362,217,4
7790,362,5,4
7791,362,241,3.5
7792,362,211,3
7793,362,11,4
7794,362,219,3
7795,362,253,3
7796,362,4,3
7797,362,250,4
7798,362,244,4
7799,363,251,3.5
7800,363,17,4
7801,363,245,2.5
7802,363,215,4
7803,363,2,3
7804,363,213,3
7805,363,205,3
7806,363,239,3
7807,363,10,3
7808,363,254,3
7809,364,236,2.5
7810,364,1,4
7811,364,2,2
7812,364,219,4
7813,364,356,4
7814,364,235,3
7815,364,391,4
7816,364,1118,4
7817,364,207,2.5
7818,364,11,3
7819,364,7,3.5
7820,365,256,3
7821,365,3,2.5
7822,365,13,4
7823,365,8,3
7824,365,5,3
7825,365,7,3
7826,365,206,3.5
7827,365,257,4
7828,365,10,3
7829,365,220,2
7830,365,215,3.5
7831,365,17,4
7832,365,2,2.5
7833,365,213,3.5
7834,365,4,3
7835,365,241,3
7836,365,235,3
7837,365,243,3
7838,365,1,3.5
7839,365,248,2.5
7840,365,236,2.5
7841,365,12,2
7842,365,205,3.5
7843,365,121,2.5
7844,365,247,2
7845,365,251,3.5
7846,365,255,3
7847,365,249,3.5
7848,365,6,3.5
7849,365,239,3.5
7850,365,250,4
7851,365,217,2.5
7852,365,210,2.5
7853,365,219,3.5
7854,365,234,4
7855,365,253,3
7856,365,212,3
7857,365,246,4
7858,365,9,3
7859,365,245,4
7860,365,211,4
7861,365,216,3
7862,365,254,3.5
7863,365,207,2.5
7864,365,214,2.5
7865,365,318,4
7866,365,233,3
7867,365,84,2
7868,365,252,2.5
7869,365,244,3.5
7870,365,11,3.5
7871,366,213,3.5
7872,366,10,2.5
7873,366,3,3
7874,366,205,3.5
7875,366,5,3.5
7876,366,7,3.5
7877,366,1,3.5
7878,366,207,2.5
7879,366,215,4
7880,367,8,3
7881,367,239,3
7882,367,12,3
7883,367,243,3
7884,367,236,3
7885,367,215,3
7886,367,7,3
7887,367,251,3
7888,367,3,3
7889,367,233,3
7890,367,205,3
7891,367,213,3
7892,367,255,3
7893,367,257,3
7894,367,207,2
7895,367,10,4
7896,367,5,4
7897,367,1,4
7898,367,17,2
7899,367,234,4
7900,367,211,4
7901,367,13,4
7902,367,235,3
7903,367,246,3
7904,367,249,3
7905,367,250,3.5
7906,367,256,3
7907,367,254,3
7908,367,214,3
7909,367,241,3
7910,367,216,3
7911,367,84,3.5
7912,367,252,3
7913,367,219,3
7914,367,212,3
7915,367,6,3
7916,367,2,3
7917,367,11,3.5
7918,367,245,3
7919,367,9,4
7920,367,248,3
7921,367,217,3
7922,367,253,3
7923,367,220,3
7924,367,121,3
7925,367,244,3
7926,367,210,3
7927,367,206,3
7928,367,4,3
7929,367,247,3
7930,368,211,4
7931,368,257,1
7932,368,254,4
7933,368,121,1
7934,368,233,3
7935,368,236,4
7936,368,206,4
7937,368,216,3
7938,368,205,1
7939,368,5,3.5
7940,368,207,3
7941,368,11,2
7942,368,8,4
7943,368,4,2.5
7944,368,12,3
7945,368,239,2.5
7946,368,3,3
7947,368,219,2
7948,368,234,1
7949,368,214,3
7950,368,210,1
7951,368,2,4
7952,368,251,3
7953,368,7,4
7954,368,235,1.5
7955,368,245,2
7956,368,241,3
7957,368,6,2.5
7958,368,10,0.5
7959,368,17,4
7960,368,213,3
7961,368,9,4
7962,368,1,2.5
7963,369,1207,4
7964,369,215,4
7965,369,13,4
7966,369,11,2.5
7967,370,250,4
7968,370,3,3.5
7969,370,17,3
7970,370,12,3
7971,370,9,3.5
7972,370,2,2.5
7973,370,1,3
7974,370,236,2.5
7975,370,235,3
7976,370,8,4
7977,370,13,4
7978,370,215,4
7979,370,84,3
7980,370,5,4
7981,370,207,3
7982,370,1208,4
7983,370,585,1.5
7984,370,7,4
7985,370,253,3
7986,371,1209,4
7987,371,7,3
7988,372,8,3.5
7989,372,207,4
7990,372,7,4
7991,373,248,3.5
7992,373,254,4
7993,374,246,2
7994,374,4,1.5
7995,374,255,2
7996,374,217,4
7997,374,220,1
7998,374,121,2.5
7999,374,245,2
8000,374,239,3
8001,374,256,1
8002,374,8,3
8003,374,3,1
8004,374,17,3.5
8005,374,2,4
8006,374,214,1.5
8007,374,243,3
8008,374,12,2.5
8009,374,234,3.5
8010,374,212,3
8011,374,254,1.5
8012,374,250,1
8013,374,207,4
8014,374,251,1
8015,374,235,2
8016,374,236,1.5
8017,374,11,3
8018,374,253,2.5
8019,374,211,2.5
8020,374,247,2.5
8021,374,10,2.5
8022,374,7,3
8023,374,210,2
8024,374,233,3.5
8025,374,219,1.5
8026,374,13,3.5
8027,374,1,3
8028,374,5,2
8029,374,6,3
8030,374,249,2.5
8031,374,216,3.5
8032,374,257,2.5
8033,374,84,2.5
8034,374,244,0.5
8035,374,9,2
8036,374,248,2
8037,374,215,4
8038,374,213,2
8039,374,252,2
8040,374,241,1
8041,374,205,3.5
8042,374,206,4
8043,375,207,2
8044,375,17,1.5
8045,375,522,4
8046,375,245,1
8047,375,218,4
8048,375,236,1.5
8049,375,5,2
8050,375,213,2
8051,375,47,0.5
8052,375,335,4
8053,375,1210,0.5
8054,375,211,2
8055,375,234,3
8056,376,2,4
8057,376,241,3
8058,377,11,4
8059,377,10,4
8060,377,13,4
8061,377,215,4
8062,378,216,4
8063,378,257,0.5
8064,378,211,4
8065,378,246,3
8066,378,17,4
8067,378,11,4
8068,378,218,4
8069,378,212,4
8070,378,236,4
8071,378,251,3.5
8072,378,13,4
8073,378,9,3
8074,378,4,4
8075,378,7,3
8076,378,2,3.5
8077,378,207,1.5
8078,379,10,4
8079,379,13,4
8080,379,5,3.5
8081,379,255,2.5
8082,379,3,3
8083,379,7,4
8084,379,11,4
8085,380,220,4
8086,380,7,3
8087,380,1211,3
8088,380,236,0.5
8089,380,217,3
8090,380,206,3.5
8091,380,216,4
8092,380,235,2.5
8093,380,1,3.5
8094,380,207,2
8095,380,2,3.5
8096,381,255,3
8097,381,214,3
8098,381,220,3
8099,381,245,3
8100,381,239,3
8101,381,234,3
8102,381,251,3
8103,381,235,3
8104,381,8,2.5
8105,381,211,3.5
8106,381,3,3.5
8107,381,2,2.5
8108,381,243,3
8109,381,219,3
8110,381,12,2.5
8111,381,212,3
8112,381,254,3.5
8113,381,250,2.5
8114,381,207,2.5
8115,381,6,3
8116,381,11,4
8117,381,253,2.5
8118,381,236,4
8119,381,249,3
8120,381,84,3
8121,381,247,3
8122,381,244,2.5
8123,381,10,2.5
8124,381,7,2
8125,381,210,2.5
8126,381,233,2.5
8127,381,248,3
8128,381,13,3.5
8129,381,1,3
8130,381,5,4
8131,381,252,3
8132,381,241,2.5
8133,381,216,3
8134,381,257,3
8135,381,206,3
8136,381,246,3
8137,381,4,4
8138,381,217,3
8139,381,9,4
8140,381,121,3.5
8141,381,256,3
8142,381,215,3.5
8143,381,213,3
8144,381,17,2.5
8145,381,205,4
8146,382,234,4
8147,382,250,3
8148,382,216,2.5
8149,382,1,4
8150,382,7,3.5
8151,382,1212,2.5
8152,382,1213,4
8153,382,13,1.5
8154,382,233,1.5
8155,382,235,3.5
8156,382,5,3.5
8157,382,255,3.5
8158,382,245,4
8159,382,205,3
8160,382,12,1.5
8161,382,219,3
8162,382,217,4
8163,383,220,1
8164,383,12,3.5
8165,383,241,3.5
8166,383,219,4
8167,383,1,4
8168,383,205,4
8169,383,5,3.5
8170,383,214,4
8171,383,7,4
8172,383,252,1.5
8173,384,7,3
8174,384,219,3
8175,384,211,3.5
8176,384,243,0.5
8177,384,236,4
8178,384,210,2.5
8179,384,252,3
8180,384,255,3.5
8181,384,212,3
8182,384,215,4
8183,384,8,4
8184,384,11,3
8185,384,241,3
8186,384,84,3.5
8187,384,13,3
8188,384,251,3
8189,384,245,4
8190,384,4,2.5
8191,384,207,2
8192,384,1,1
8193,384,253,2.5
8194,384,239,4
8195,384,9,4
8196,384,10,1
8197,384,121,3.5
8198,384,217,3.5
8199,384,214,3.5
8200,384,244,3.5
8201,384,234,3
8202,384,256,2.5
8203,384,206,4
8204,384,233,3.5
8205,384,12,2.5
8206,384,246,3.5
8207,384,17,3.5
8208,384,235,2.5
8209,384,247,3.5
8210,384,5,3.5
8211,384,213,4
8212,384,216,0.5
8213,384,257,2.5
8214,384,205,0.5
8215,384,220,4
8216,384,254,4
8217,384,250,2.5
8218,384,3,2
8219,384,248,2
8220,384,249,3
8221,384,6,4
8222,384,2,2.5
8223,385,211,3.5
8224,385,13,2.5
8225,385,3,2.5
8226,385,250,2.5
8227,385,205,1
8228,385,255,3
8229,385,216,1
8230,385,17,3.5
8231,385,2,1.5
8232,385,220,2
8233,385,241,2
8234,385,253,3
8235,385,236,2.5
8236,385,7,2.5
8237,385,251,3.5
8238,385,10,2
8239,385,5,1
8240,385,1,2
8241,385,215,2
8242,386,244,3.5
8243,386,1214,3.5
8244,386,210,3
8245,386,9,2
8246,386,248,2.5
8247,386,215,4
8248,386,5,3.5
8249,386,213,3
8250,386,252,3.5
8251,386,241,3
8252,386,205,2
8253,386,216,1
8254,386,206,3.5
8255,386,4,4
8256,386,217,3
8257,386,1215,4
8258,386,220,3
8259,386,121,3.5
8260,386,245,4
8261,386,239,3.5
8262,386,256,3
8263,386,8,3.5
8264,386,3,3.5
8265,386,17,3.5
8266,386,359,3.5
8267,386,255,3.5
8268,386,214,3.5
8269,386,12,4
8270,386,234,3.5
8271,386,254,3.5
8272,386,250,4
8273,386,207,1.5
8274,386,251,3.5
8275,386,253,3
8276,386,236,3.5
8277,386,211,3
8278,386,247,3.5
8279,386,10,4
8280,386,7,4
8281,386,233,3.5
8282,386,219,3.5
8283,386,13,4
8284,386,212,4
8285,386,1,2
8286,386,6,1
8287,386,11,4
8288,386,249,4
8289,386,257,3.5
8290,386,84,2
8291,387,1216,0.5
8292,387,1217,3
8293,387,805,3.5
8294,387,451,3.5
8295,387,1218,1
8296,387,1034,3
8297,387,1219,3
8298,388,11,3
8299,388,10,2
8300,388,213,1
8301,388,233,4
8302,388,7,4
8303,388,216,1.5
8304,388,1,3
8305,389,249,2
8306,389,246,2
8307,389,245,2
8308,389,250,2
8309,389,9,2.5
8310,389,254,2
8311,389,220,2
8312,389,121,2
8313,389,241,2
8314,389,216,2
8315,389,210,2
8316,389,252,2
8317,389,219,3
8318,389,212,2
8319,389,6,3
8320,389,11,4
8321,389,2,3
8322,389,8,4
8323,389,248,2
8324,389,217,2
8325,389,239,3
8326,389,253,2
8327,389,243,2
8328,389,236,3.5
8329,389,244,2
8330,389,7,4
8331,389,206,3
8332,389,251,2
8333,389,4,4
8334,389,247,2
8335,389,257,2
8336,389,12,3.5
8337,389,207,4
8338,389,10,2
8339,389,5,3.5
8340,389,1,2
8341,389,215,3
8342,389,13,3
8343,389,235,2.5
8344,389,3,2
8345,389,233,2
8346,389,256,2
8347,389,205,2
8348,389,213,2
8349,389,255,2
8350,389,214,2
8351,389,84,2
8352,389,17,3.5
8353,389,234,3.5
8354,389,211,3.5
8355,390,10,3
8356,390,234,2.5
8357,390,11,4
8358,390,4,3.5
8359,390,7,3
8360,391,210,3.5
8361,391,3,3.5
8362,391,17,1
8363,391,239,3.5
8364,391,4,3
8365,391,7,3
8366,391,84,3
8367,391,251,3.5
8368,391,215,3.5
8369,391,220,3.5
8370,391,1,3
8371,391,244,3.5
8372,391,11,4
8373,391,205,3
8374,391,233,3
8375,391,2,4
8376,391,207,3.5
8377,391,211,3.5
8378,391,12,3.5
8379,391,241,2.5
8380,392,257,4
8381,392,1220,4
8382,392,5,4
8383,392,207,4
8384,392,206,4
8385,392,12,4
8386,392,220,3
8387,392,13,4
8388,392,11,4
8389,392,205,4
8390,392,17,4
8391,392,702,2.5
8392,392,241,4
8393,392,236,4
8394,392,3,4
8395,392,159,2.5
8396,392,7,4
8397,392,210,4
8398,392,10,4
8399,392,219,4
8400,392,235,3
8401,392,239,4
8402,393,13,4
8403,393,5,3.5
8404,393,213,3
8405,393,241,3.5
8406,393,216,3
8407,393,246,4
8408,393,206,3.5
8409,393,4,3
8410,393,217,3
8411,393,9,3.5
8412,393,121,3
8413,393,215,4
8414,393,17,3.5
8415,393,205,3
8416,393,220,3
8417,393,245,3
8418,393,239,3.5
8419,393,234,3
8420,393,207,1.5
8421,393,251,3
8422,393,253,3.5
8423,393,8,4
8424,393,211,3.5
8425,393,3,3.5
8426,393,2,2
8427,393,7,2
8428,393,243,2.5
8429,393,219,3.5
8430,393,12,3
8431,393,254,3.5
8432,393,250,4
8433,393,1,3
8434,393,6,3.5
8435,393,11,3
8436,393,236,3.5
8437,393,249,3
8438,393,257,3
8439,393,84,3.5
8440,393,10,3
8441,393,233,3
8442,394,13,4
8443,395,234,3
8444,395,216,3
8445,395,10,3
8446,395,211,3
8447,395,255,3
8448,395,13,4
8449,395,84,0.5
8450,395,249,1
8451,395,250,1.5
8452,395,5,2.5
8453,395,12,2
8454,395,241,2
8455,395,8,2.5
8456,395,121,2.5
8457,395,207,1.5
8458,395,251,3
8459,395,235,2
8460,395,239,3.5
8461,395,213,3.5
8462,395,2,3
8463,395,254,2.5
8464,395,219,2.5
8465,395,4,1.5
8466,395,9,3.5
8467,395,7,3.5
8468,395,206,2
8469,395,257,1.5
8470,395,247,1
8471,395,205,3.5
8472,395,243,1
8473,395,17,3.5
8474,395,215,3.5
8475,395,248,0.5
8476,395,233,2.5
8477,395,210,3
8478,395,3,3
8479,395,11,2.5
8480,395,1,3.5
8481,395,253,2.5
8482,395,220,2.5
8483,395,256,0.5
8484,395,212,2
8485,395,217,3.5
8486,395,245,4
8487,395,236,3
8488,395,244,2.5
8489,396,1221,3.5
8490,396,391,3.5
8491,396,850,3
8492,396,211,3.5
8493,396,1222,2.5
8494,396,712,3.5
8495,396,216,3
8496,396,304,3
8497,396,26,3.5
8498,396,600,3.5
8499,396,1223,3.5
8500,396,699,3.5
8501,396,830,3
8502,396,501,3
8503,396,878,3
8504,396,755,3.5
8505,396,1029,3.5
8506,396,1224,1
8507,396,1225,2
8508,396,492,2.5
8509,396,1226,3
8510,396,1227,3
8511,396,3,3.5
8512,396,604,3
8513,396,1228,3.5
8514,396,297,3
8515,396,1011,3
8516,396,1229,3
8517,396,1194,3.5
8518,396,2,3.5
8519,396,213,4
8520,396,483,4
8521,396,764,3.5
8522,396,389,1.5
8523,396,235,1.5
8524,396,859,4
8525,396,7,4
8526,396,392,3.5
8527,396,606,2.5
8528,396,1230,3.5
8529,396,1,3
8530,396,12,2.5
8531,396,947,2.5
8532,396,1231,3
8533,396,520,3
8534,396,866,2.5
8535,396,805,4
8536,396,17,2.5
8537,396,459,3.5
8538,396,31,3
8539,396,339,3.5
8540,396,218,3.5
8541,396,831,3
8542,396,454,3
8543,396,536,3.5
8544,396,885,3.5
8545,397,247,2.5
8546,397,2,3
8547,397,837,4
8548,397,245,3
8549,397,12,4
8550,397,1232,3.5
8551,397,220,3.5
8552,397,13,3.5
8553,397,11,3.5
8554,397,207,2
8555,397,205,2
8556,397,234,1
8557,397,251,4
8558,397,216,2.5
8559,397,246,1.5
8560,397,249,3
8561,397,1233,4
8562,397,241,3.5
8563,397,9,3.5
8564,397,3,3
8565,397,214,3
8566,397,7,2
8567,397,280,4
8568,397,10,3
8569,397,4,4
8570,397,219,4
8571,397,1234,0.5
8572,397,1,2.5
8573,397,352,3.5
8574,398,12,4
8575,398,207,1
8576,398,1,3
8577,398,235,2
8578,398,2,4
8579,399,7,3
8580,399,207,0.5
8581,399,12,3
8582,399,219,2
8583,399,1,4
8584,399,5,3
8585,399,2,3.5
8586,400,10,1
8587,400,11,4
8588,400,215,2
8589,400,13,2
8590,401,2,4
8591,401,7,4
8592,401,219,4
8593,401,243,3.5
8594,401,236,4
8595,401,210,3.5
8596,401,252,3
8597,401,254,3
8598,401,255,3.5
8599,401,212,3.5
8600,401,8,4
8601,401,215,3.5
8602,401,241,3
8603,401,248,3.5
8604,401,13,3.5
8605,401,211,3.5
8606,401,245,3.5
8607,401,4,4
8608,401,207,4
8609,401,1,4
8610,401,9,4
8611,401,121,3.5
8612,401,10,4
8613,401,11,4
8614,401,84,3.5
8615,401,251,3.5
8616,401,244,3.5
8617,401,235,3.5
8618,401,12,4
8619,401,206,3
8620,401,253,3
8621,401,17,4
8622,401,239,4
8623,401,247,3
8624,401,5,3.5
8625,401,213,4
8626,401,216,3
8627,401,257,3.5
8628,401,217,3.5
8629,401,205,3.5
8630,401,214,3
8631,401,220,3.5
8632,401,256,3
8633,401,250,4
8634,401,233,3.5
8635,401,246,3.5
8636,401,234,3.5
8637,401,3,3.5
8638,401,249,3
8639,401,6,3.5
8640,402,1235,1
8641,402,289,0.5
8642,402,767,4
8643,402,1236,0.5
8644,402,1237,0.5
8645,402,1238,2
8646,402,1,4
8647,402,1239,0.5
8648,402,723,2
8649,402,1240,2
8650,402,1241,3
8651,402,1242,2
8652,402,1243,1
8653,402,1244,3
8654,402,1245,3.5
8655,402,1246,1.5
8656,402,499,0.5
8657,402,1247,2.5
8658,402,1248,1.5
8659,402,1249,2
8660,402,1250,1.5
8661,402,1251,3
8662,402,1252,3.5
8663,402,1253,3
8664,402,1254,4
8665,403,220,3.5
8666,403,11,3
8667,403,233,2
8668,403,241,3
8669,403,17,3
8670,403,255,2.5
8671,403,7,2.5
8672,403,236,2.5
8673,403,207,3
8674,403,5,3
8675,403,8,2.5
8676,403,2,3.5
8677,403,219,3
8678,403,1,4
8679,403,3,3
8680,403,10,4
8681,403,239,2.5
8682,403,12,1.5
8683,404,13,3.5
8684,404,11,3
8685,404,5,4
8686,404,234,4
8687,404,251,4
8688,404,216,3.5
8689,404,253,4
8690,404,233,3
8691,404,215,4
8692,404,8,4
8693,404,17,4
8694,404,255,3.5
8695,404,241,3.5
8696,404,236,4
8697,404,9,3.5
8698,404,7,3
8699,404,250,4
8700,404,210,4
8701,404,257,4
8702,404,10,3.5
8703,404,211,4
8704,404,4,3.5
8705,404,219,4
8706,404,1,4
8707,404,235,4
8708,404,2,3.5
8709,404,252,4
8710,404,121,3.5
8711,404,12,0.5
8712,404,6,3
8713,405,341,3
8714,405,13,3.5
8715,406,219,4
8716,406,5,4
8717,406,8,4
8718,406,213,2.5
8719,406,216,3.5
8720,406,234,4
8721,406,121,4
8722,406,2,4
8723,406,3,3
8724,406,10,2.5
8725,406,239,3.5
8726,406,9,4
8727,406,211,3.5
8728,406,212,4
8729,406,245,2.5
8730,406,214,4
8731,406,246,3
8732,406,205,4
8733,406,210,2.5
8734,406,247,4
8735,406,12,3.5
8736,406,249,4
8737,406,17,4
8738,406,11,4
8739,406,220,4
8740,406,215,4
8741,406,250,4
8742,406,251,3.5
8743,406,84,3.5
8744,406,252,4
8745,406,7,3.5
8746,406,233,4
8747,406,217,2.5
8748,406,6,4
8749,406,253,4
8750,406,255,4
8751,406,236,4
8752,406,4,4
8753,406,13,3
8754,406,207,3.5
8755,406,256,3
8756,407,215,2.5
8757,407,3,3.5
8758,407,10,3.5
8759,407,1,3.5
8760,407,11,4
8761,407,13,2
8762,408,12,0.5
8763,408,207,0.5
8764,408,1,4
8765,408,239,4
8766,408,250,3.5
8767,408,206,4
8768,408,17,3
8769,408,235,2
8770,408,3,4
8771,408,5,4
8772,408,213,2.5
8773,408,7,4
8774,408,205,4
8775,408,211,4
8776,408,236,0.5
8777,408,210,4
8778,408,8,4
8779,408,215,3
8780,408,13,3
8781,408,251,3
8782,409,434,4
8783,409,7,2.5
8784,409,218,3.5
8785,409,17,4
8786,409,134,4
8787,409,236,3
8788,409,11,2
8789,409,207,2.5
8790,409,10,1
8791,409,242,4
8792,409,255,3
8793,409,5,3
8794,409,4,2
8795,410,206,2.5
8796,410,7,4
8797,410,207,3
8798,410,10,3
8799,410,257,2.5
8800,410,236,2.5
8801,410,11,3.5
8802,410,2,3.5
8803,410,219,3.5
8804,410,1,3
8805,410,12,3
8806,411,217,3
8807,411,210,1
8808,411,253,4
8809,411,236,4
8810,411,12,3
8811,411,246,3.5
8812,411,9,3
8813,411,205,4
8814,411,121,4
8815,411,216,0.5
8816,411,251,4
8817,411,255,2
8818,411,249,3.5
8819,411,6,3
8820,411,207,3.5
8821,411,239,4
8822,411,250,4
8823,411,233,4
8824,411,219,3
8825,411,84,1.5
8826,411,234,4
8827,411,212,1.5
8828,411,245,4
8829,411,211,4
8830,411,254,3.5
8831,411,3,4
8832,411,214,4
8833,411,8,4
8834,411,10,1
8835,411,252,4
8836,411,11,4
8837,411,215,3
8838,411,213,4
8839,411,241,4
8840,411,13,4
8841,411,5,3
8842,411,7,1
8843,411,206,4
8844,411,257,4
8845,411,1,4
8846,411,220,4
8847,411,247,4
8848,411,17,4
8849,411,2,3
8850,411,4,3.5
8851,412,214,2
8852,412,243,2
8853,412,234,3.5
8854,412,212,4
8855,412,12,2
8856,412,254,2
8857,412,250,3.5
8858,412,207,4
8859,412,235,2.5
8860,412,11,2
8861,412,253,2
8862,412,236,2
8863,412,247,2.5
8864,412,244,3
8865,412,10,2
8866,412,7,4
8867,412,210,4
8868,412,233,4
8869,412,219,2
8870,412,13,4
8871,412,1,4
8872,412,5,2
8873,412,6,2
8874,412,252,2
8875,412,249,2
8876,412,216,4
8877,412,257,1
8878,412,84,1
8879,412,1255,1
8880,412,712,3
8881,412,217,4
8882,412,9,2
8883,412,248,2
8884,412,215,3
8885,412,213,2
8886,412,241,3.5
8887,412,205,4
8888,412,246,2.5
8889,412,206,3.5
8890,412,4,2
8891,412,255,2
8892,412,220,3
8893,412,121,2
8894,412,245,3.5
8895,412,239,3
8896,412,256,2
8897,412,251,3
8898,412,8,4
8899,412,211,2
8900,412,3,4
8901,412,17,3.5
8902,412,735,3
8903,412,2,3.5
8904,413,207,3
8905,413,240,4
8906,413,872,3
8907,413,779,1.5
8908,413,241,3.5
8909,413,233,4
8910,413,12,3
8911,413,5,3.5
8912,413,242,3.5
8913,413,788,3.5
8914,413,8,2.5
8915,413,1102,3.5
8916,413,236,3
8917,413,1,3
8918,413,3,3.5
8919,413,11,2
8920,413,17,3.5
8921,413,4,2
8922,413,7,3
8923,413,977,4
8924,413,539,3.5
8925,413,1256,3
8926,413,1257,4
8927,413,876,4
8928,413,2,4
8929,414,121,3
8930,414,257,2.5
8931,414,7,3.5
8932,414,17,1
8933,414,236,2
8934,414,2,4
8935,414,11,1.5
8936,414,207,3.5
8937,414,10,2.5
8938,414,254,3.5
8939,414,5,4
8940,415,215,3.5
8941,416,236,3
8942,416,243,1
8943,416,299,4
8944,416,2,3
8945,416,234,1.5
8946,416,8,3.5
8947,416,10,2.5
8948,416,207,2
8949,416,7,4
8950,416,211,4
8951,416,239,4
8952,416,17,3
8953,417,248,4
8954,417,243,3.5
8955,417,206,2
8956,417,235,3
8957,417,215,3
8958,418,207,2.5
8959,418,215,3
8960,418,205,4
8961,418,3,3.5
8962,418,1,3.5
8963,418,256,3.5
8964,418,13,3.5
8965,418,210,4
8966,418,2,3.5
8967,418,249,3
8968,418,214,2
8969,418,10,4
8970,418,247,2.5
8971,418,235,2
8972,418,341,4
8973,419,207,4
8974,420,254,3.5
8975,420,216,2.5
8976,420,234,2
8977,420,2,3
8978,420,257,2.5
8979,420,256,3
8980,420,219,3.5
8981,420,1,2
8982,420,9,3
8983,420,211,2.5
8984,420,212,3
8985,420,675,4
8986,420,213,2.5
8987,420,214,2.5
8988,420,235,3
8989,420,246,1.5
8990,420,205,2.5
8991,420,210,2.5
8992,420,121,2
8993,420,3,2
8994,420,10,2
8995,420,247,2
8996,420,239,3
8997,420,12,1.5
8998,420,249,2.5
8999,420,243,4
9000,420,11,2.5
9001,420,250,2
9002,420,244,3
9003,420,245,3
9004,420,84,3
9005,420,252,3
9006,420,233,1.5
9007,420,217,3
9008,420,241,2.5
9009,420,6,2
9010,420,248,2.5
9011,420,17,2.5
9012,420,253,3
9013,420,215,4
9014,420,255,2.5
9015,420,251,2.5
9016,420,7,2.5
9017,420,236,2
9018,420,206,3.5
9019,420,4,2.5
9020,420,13,3.5
9021,420,207,2
9022,420,5,3.5
9023,420,8,1.5
9024,421,236,2
9025,421,220,3
9026,421,8,2.5
9027,421,235,3
9028,421,6,3
9029,421,207,3.5
9030,421,84,2
9031,421,11,3
9032,421,7,4
9033,421,239,3.5
9034,421,2,3.5
9035,421,219,2.5
9036,421,12,3
9037,422,13,4
9038,422,234,4
9039,422,251,4
9040,422,219,4
9041,422,5,4
9042,422,1258,3.5
9043,422,233,4
9044,423,213,2.5
9045,423,217,3.5
9046,423,4,2
9047,423,1,1
9048,423,2,3
9049,423,5,2.5
9050,423,10,1.5
9051,423,216,1.5
9052,423,257,1.5
9053,423,11,2.5
9054,423,7,2.5
9055,423,250,3.5
9056,423,17,1.5
9057,423,239,1.5
9058,423,9,1.5
9059,423,233,1.5
9060,423,254,2.5
9061,424,8,3
9062,424,211,0.5
9063,424,3,1.5
9064,424,17,4
9065,424,1259,4
9066,424,2,3
9067,424,214,0.5
9068,424,243,0.5
9069,424,234,3
9070,424,212,2.5
9071,424,12,4
9072,424,254,1.5
9073,424,250,1
9074,424,207,0.5
9075,424,235,3
9076,424,11,3.5
9077,424,253,3
9078,424,236,4
9079,424,247,3.5
9080,424,244,3.5
9081,424,10,2.5
9082,424,7,2.5
9083,424,210,0.5
9084,424,233,2
9085,424,219,4
9086,424,13,2.5
9087,424,1,2.5
9088,424,5,1.5
9089,424,6,3.5
9090,424,252,1.5
9091,424,249,2
9092,424,216,1.5
9093,424,257,0.5
9094,424,84,4
9095,424,9,4
9096,424,248,2
9097,424,215,4
9098,424,213,1
9099,424,241,4
9100,424,205,2.5
9101,424,206,3.5
9102,424,246,4
9103,424,4,4
9104,424,255,3.5
9105,424,217,3
9106,424,220,3.5
9107,424,121,4
9108,424,245,3
9109,424,239,4
9110,424,256,2
9111,424,251,2
9112,425,3,4
9113,425,233,2.5
9114,425,256,4
9115,425,205,4
9116,425,213,2
9117,425,255,2.5
9118,425,214,2
9119,425,84,1.5
9120,425,17,1.5
9121,425,234,2
9122,425,211,2.5
9123,425,249,1
9124,425,246,2
9125,425,245,1.5
9126,425,250,2.5
9127,425,9,2
9128,425,254,1.5
9129,425,220,3
9130,425,121,2.5
9131,425,241,3
9132,425,216,2
9133,425,210,3
9134,425,252,3
9135,425,219,2
9136,425,212,2
9137,425,6,1
9138,425,11,3
9139,425,2,4
9140,425,8,3
9141,425,248,1
9142,425,217,4
9143,425,239,2
9144,425,253,2.5
9145,425,243,1.5
9146,425,236,4
9147,425,244,1
9148,425,206,3.5
9149,425,7,1
9150,425,251,1.5
9151,425,4,2
9152,425,247,2
9153,425,257,2
9154,425,12,1.5
9155,425,207,4
9156,425,10,4
9157,425,5,2
9158,425,1,4
9159,425,215,3
9160,425,13,3
9161,425,235,2.5
9162,426,241,3.5
9163,426,12,3
9164,426,17,2
9165,426,253,1
9166,426,215,2
9167,426,250,1.5
9168,426,7,2.5
9169,426,236,4
9170,426,13,2.5
9171,426,207,2
9172,426,5,3.5
9173,426,255,3
9174,426,1,3
9175,426,8,1.5
9176,426,121,2
9177,426,3,3
9178,426,239,2.5
9179,426,243,3.5
9180,426,11,3.5
9181,426,9,2.5
9182,426,211,3
9183,426,245,2
9184,426,214,2.5
9185,427,12,1.5
9186,427,220,1.5
9187,427,249,3.5
9188,427,1260,4
9189,427,239,3.5
9190,427,10,3
9191,427,214,3
9192,427,9,2.5
9193,427,257,2.5
9194,427,313,4
9195,427,2,4
9196,427,3,2.5
9197,427,1,2.5
9198,427,251,3
9199,427,236,3
9200,427,213,3.5
9201,427,235,1.5
9202,427,255,3.5
9203,427,216,3
9204,427,205,3
9205,427,8,3
9206,427,254,3
9207,427,13,3
9208,427,215,3
9209,427,84,2
9210,427,5,3
9211,427,207,2.5
9212,427,7,3.5
9213,427,241,2.5
9214,427,211,4
9215,427,11,3.5
9216,427,4,3
9217,427,6,3
9218,427,233,2.5
9219,427,250,3
9220,427,206,3
9221,427,121,2.5
9222,427,17,3.5
9223,428,254,3.5
9224,428,216,3.5
9225,428,255,4
9226,428,4,3.5
9227,428,234,3.5
9228,428,2,4
9229,428,257,4
9230,428,256,3.5
9231,428,219,4
9232,428,1,4
9233,428,8,4
9234,428,212,4
9235,428,213,4
9236,428,205,4
9237,428,210,3
9238,428,121,4
9239,428,3,4
9240,428,10,4
9241,428,247,4
9242,428,239,3.5
9243,428,249,3.5
9244,428,243,3.5
9245,428,11,4
9246,428,9,4
9247,428,211,4
9248,428,244,3
9249,428,245,4
9250,428,214,4
9251,428,235,3
9252,428,246,4
9253,428,233,4
9254,428,217,4
9255,428,241,4
9256,428,6,4
9257,428,248,3.5
9258,428,12,3
9259,428,17,4
9260,428,220,4
9261,428,253,3.5
9262,428,215,4
9263,428,250,4
9264,428,251,3.5
9265,428,84,3.5
9266,428,252,3.5
9267,428,7,4
9268,428,236,4
9269,428,206,4
9270,428,13,4
9271,428,207,3
9272,428,5,4
9273,429,5,4
9274,429,8,4
9275,429,234,3.5
9276,429,207,3
9277,429,251,3.5
9278,429,235,3.5
9279,429,250,3.5
9280,429,213,3.5
9281,429,219,4
9282,429,4,3.5
9283,429,9,3.5
9284,429,7,4
9285,429,214,3
9286,429,205,3.5
9287,429,239,3.5
9288,429,2,3
9289,429,17,4
9290,429,233,3
9291,429,215,3.5
9292,429,3,2
9293,429,11,3
9294,429,245,3
9295,429,236,4
9296,429,255,3.5
9297,429,10,2.5
9298,429,211,4
9299,429,13,3
9300,430,7,4
9301,430,585,3.5
9302,430,257,2.5
9303,430,207,2.5
9304,431,799,4
9305,432,207,1
9306,432,10,2
9307,432,1,2.5
9308,432,215,4
9309,432,234,2.5
9310,432,211,3
9311,432,235,2
9312,432,205,1.5
9313,432,213,4
9314,432,216,3
9315,432,17,3
9316,432,2,4
9317,432,241,2
9318,432,11,4
9319,432,4,3
9320,432,217,3.5
9321,432,239,3.5
9322,432,12,2.5
9323,432,236,2.5
9324,432,7,4
9325,432,251,3
9326,433,875,4
9327,433,1220,4
9328,433,278,2
9329,433,341,1
9330,433,26,3.5
9331,433,1261,3.5
9332,433,1262,4
9333,433,143,3.5
9334,433,1263,4
9335,433,1264,3
9336,433,780,2
9337,433,1265,3
9338,433,845,3.5
9339,433,1266,4
9340,433,1267,3
9341,433,860,3
9342,433,1268,4
9343,433,781,3.5
9344,433,1269,3
9345,433,1270,2.5
9346,433,1230,3
9347,433,787,2.5
9348,433,675,4
9349,433,579,3.5
9350,433,2,0.5
9351,434,236,4
9352,434,5,3
9353,435,494,3.5
9354,435,207,1.5
9355,435,236,4
9356,435,5,3.5
9357,435,2,2.5
9358,435,278,4
9359,435,506,2
9360,435,435,3.5
9361,436,516,4
9362,436,1271,3.5
9363,436,512,1
9364,436,211,4
9365,436,250,3.5
9366,436,5,3
9367,436,6,3
9368,436,207,3
9369,436,726,4
9370,436,251,2.5
9371,436,1272,1
9372,436,2,3.5
9373,436,9,3.5
9374,436,307,4
9375,436,757,4
9376,436,247,3
9377,436,600,4
9378,436,17,4
9379,436,3,3
9380,436,1273,4
9381,436,286,4
9382,436,729,4
9383,436,253,3
9384,436,220,3
9385,437,248,2
9386,437,249,2
9387,437,6,3.5
9388,437,2,3
9389,437,219,3
9390,437,211,4
9391,437,236,4
9392,437,245,1.5
9393,437,4,4
9394,437,207,2.5
9395,437,252,1.5
9396,437,255,3.5
9397,437,212,0.5
9398,437,8,3.5
9399,437,215,3
9400,437,11,4
9401,437,241,0.5
9402,437,84,2
9403,437,13,4
9404,437,251,3
9405,437,244,1.5
9406,437,12,2
9407,437,17,3
9408,437,1,1.5
9409,437,253,3.5
9410,437,239,2
9411,437,9,3
9412,437,247,2
9413,437,10,2
9414,437,5,4
9415,437,121,1.5
9416,437,217,1
9417,437,205,1.5
9418,437,214,2.5
9419,437,220,1.5
9420,437,256,2
9421,437,233,1
9422,437,250,3.5
9423,437,246,2
9424,437,234,0.5
9425,437,206,2
9426,437,235,1.5
9427,437,3,2.5
9428,437,213,3
9429,437,216,1
9430,437,257,2
9431,437,7,3.5
9432,437,243,1
9433,437,210,1.5
9434,437,254,0.5
9435,438,250,4
9436,438,239,1
9437,438,8,4
9438,438,235,3
9439,438,5,4
9440,438,255,1.5
9441,438,1274,2.5
9442,438,2,3.5
9443,438,212,2.5
9444,438,257,1
9445,439,206,3.5
9446,439,234,3
9447,439,205,2.5
9448,439,233,3
9449,439,250,3.5
9450,439,1,4
9451,439,247,4
9452,439,5,3.5
9453,439,252,3.5
9454,439,255,3.5
9455,439,246,3
9456,439,2,3
9457,439,12,2
9458,439,248,3
9459,439,6,2.5
9460,439,216,2.5
9461,439,219,2
9462,439,210,3.5
9463,439,236,2
9464,439,13,3.5
9465,439,254,3
9466,439,217,3
9467,439,207,3.5
9468,439,249,3.5
9469,439,211,4
9470,439,213,3.5
9471,439,241,3.5
9472,439,84,4
9473,439,251,3.5
9474,439,253,4
9475,439,235,3
9476,439,3,3
9477,439,17,3
9478,439,239,3
9479,439,256,4
9480,439,215,4
9481,439,214,4
9482,439,8,3.5
9483,439,4,3
9484,439,121,4
9485,439,243,3
9486,439,220,3
9487,439,7,3
9488,439,212,3.5
9489,439,244,4
9490,439,9,2.5
9491,439,245,3
9492,439,11,3.5
9493,439,10,3.5
9494,439,257,3.5
9495,440,214,4
9496,440,10,4
9497,440,216,4
9498,440,215,3.5
9499,440,1,4
9500,440,11,3.5
9501,440,2,4
9502,440,13,4
9503,440,205,4
9504,441,8,4
9505,441,234,3
9506,441,216,3
9507,441,84,4
9508,441,207,3.5
9509,441,249,3
9510,441,250,3.5
9511,441,219,3.5
9512,441,254,3
9513,441,246,3.5
9514,441,206,3
9515,441,247,4
9516,441,205,3
9517,441,239,3
9518,441,213,3
9519,441,4,3
9520,441,210,3
9521,441,233,4
9522,441,248,3
9523,441,11,3.5
9524,441,1,3
9525,441,253,3
9526,441,220,4
9527,441,256,3
9528,441,214,3
9529,441,217,3
9530,441,17,4
9531,441,10,3
9532,441,211,3
9533,441,255,3.5
9534,441,13,3
9535,441,212,3
9536,441,245,3
9537,441,252,3
9538,441,236,3.5
9539,441,244,3
9540,441,5,4
9541,441,12,3.5
9542,441,6,3.5
9543,442,216,3
9544,442,84,3
9545,442,252,3
9546,442,219,3
9547,442,212,3
9548,442,6,3
9549,442,11,2.5
9550,442,2,3
9551,442,245,3
9552,442,248,2.5
9553,442,217,3
9554,442,253,3
9555,442,220,2
9556,442,236,3.5
9557,442,121,3
9558,442,244,3
9559,442,210,3
9560,442,206,3
9561,442,7,3
9562,442,4,3
9563,442,247,3
9564,442,8,3
9565,442,257,3
9566,442,239,3
9567,442,12,3
9568,442,10,3
9569,442,243,3.5
9570,442,215,3
9571,442,13,3
9572,442,251,4
9573,442,233,3
9574,442,3,3
9575,442,205,3
9576,442,213,3
9577,442,255,3
9578,442,207,3
9579,442,214,3
9580,442,5,3
9581,442,1,3
9582,442,17,3
9583,442,234,3
9584,442,211,3
9585,442,235,3
9586,442,249,3.5
9587,442,246,3
9588,442,250,3.5
9589,442,9,3.5
9590,442,256,3
9591,442,254,4
9592,442,241,2.5
9593,443,11,3.5
9594,444,246,3.5
9595,444,245,3
9596,444,236,3
9597,444,213,3
9598,444,255,3.5
9599,444,216,3
9600,444,205,4
9601,444,252,3.5
9602,444,254,4
9603,444,13,3.5
9604,444,215,3.5
9605,444,217,3
9606,444,5,3.5
9607,444,207,3.5
9608,444,7,3
9609,444,211,3
9610,444,11,4
9611,444,219,3
9612,444,253,3.5
9613,444,4,4
9614,444,6,3
9615,444,206,3.5
9616,444,121,3.5
9617,444,3,3
9618,444,244,3.5
9619,444,17,3
9620,444,247,3.5
9621,444,220,3
9622,444,239,3.5
9623,444,10,4
9624,444,9,3
9625,444,214,3
9626,444,210,3.5
9627,444,2,3.5
9628,444,1,3.5
9629,445,6,2
9630,445,4,2.5
9631,445,213,1.5
9632,445,219,3.5
9633,445,207,1.5
9634,445,216,3.5
9635,445,11,2.5
9636,445,2,3
9637,445,212,2.5
9638,445,233,2
9639,445,252,3.5
9640,445,5,2.5
9641,445,17,2
9642,445,215,1
9643,445,244,1.5
9644,445,234,3.5
9645,445,211,2.5
9646,445,13,1.5
9647,445,205,3
9648,445,1,1.5
9649,445,7,3.5
9650,445,255,0.5
9651,445,214,3.5
9652,445,10,2
9653,445,245,1.5
9654,445,246,1
9655,445,247,2
9656,445,239,3.5
9657,445,3,3.5
9658,445,210,2
9659,445,8,2
9660,445,217,2
9661,445,206,2.5
9662,445,253,2
9663,446,207,2.5
9664,446,8,2.5
9665,446,239,3.5
9666,446,2,4
9667,446,216,3
9668,446,236,3.5
9669,446,13,4
9670,446,241,3.5
9671,446,7,3.5
9672,447,215,2.5
9673,447,1,3
9674,447,207,3.5
9675,447,7,4
9676,447,17,4
9677,447,84,3.5
9678,448,84,3
9679,448,253,4
9680,448,6,4
9681,448,247,3
9682,448,3,4
9683,448,235,3
9684,448,469,4
9685,448,8,4
9686,448,1275,4
9687,448,843,2.5
9688,448,342,4
9689,448,4,4
9690,448,17,4
9691,448,219,4
9692,448,507,4
9693,448,215,3.5
9694,448,207,2.5
9695,448,11,3.5
9696,448,250,2.5
9697,448,236,4
9698,448,2,3.5
9699,448,5,4
9700,448,7,3.5
9701,448,620,4
9702,448,424,4
9703,448,12,2
9704,448,255,3
9705,449,11,3
9706,449,7,3
9707,449,236,4
9708,449,211,2
9709,449,3,3.5
9710,449,4,3
9711,449,239,2.5
9712,449,2,3.5
9713,449,5,4
9714,449,12,3
9715,449,8,3
9716,449,207,2
9717,449,6,4
9718,449,9,3.5
9719,449,84,3.5
9720,450,12,3
9721,450,246,2
9722,450,205,2.5
9723,450,215,3.5
9724,450,11,3
9725,450,7,3
9726,450,4,3
9727,450,1,3
9728,451,3,2
9729,451,2,4
9730,451,243,1.5
9731,451,219,2
9732,451,12,4
9733,451,212,1
9734,451,254,3
9735,451,250,2
9736,451,207,3
9737,451,6,1.5
9738,451,11,4
9739,451,253,2
9740,451,236,2.5
9741,451,249,2.5
9742,451,84,1.5
9743,451,247,1.5
9744,451,244,1.5
9745,451,10,4
9746,451,7,2.5
9747,451,210,2.5
9748,451,233,4
9749,451,248,2
9750,451,13,3.5
9751,451,1,0.5
9752,451,5,3.5
9753,451,252,3
9754,451,241,2
9755,451,216,3
9756,451,257,4
9757,451,206,3
9758,451,246,4
9759,451,4,4
9760,451,217,3.5
9761,451,9,4
9762,451,121,4
9763,451,256,2
9764,451,215,4
9765,451,213,3
9766,451,17,2
9767,451,205,0.5
9768,451,255,2
9769,451,214,3
9770,451,220,2.5
9771,451,245,2
9772,451,239,1.5
9773,451,234,2.5
9774,451,251,1.5
9775,451,235,0.5
9776,451,8,2
9777,451,211,4
9778,452,246,3
9779,452,5,3.5
9780,452,12,2.5
9781,452,241,4
9782,452,1276,2
9783,452,1277,3.5
9784,452,6,3.5
9785,452,234,3
9786,452,216,2
9787,452,121,4
9788,452,1123,4
9789,452,207,3
9790,452,144,4
9791,452,235,2.5
9792,452,250,3.5
9793,452,213,3.5
9794,452,1278,4
9795,452,219,3.5
9796,452,4,3
9797,452,9,4
9798,452,7,3
9799,452,1279,3
9800,452,264,3.5
9801,452,206,3
9802,452,1068,4
9803,452,257,3.5
9804,452,214,4
9805,452,1280,3.5
9806,452,1281,3.5
9807,452,205,1.5
9808,452,239,3
9809,452,842,4
9810,452,17,3
9811,452,1282,3
9812,452,1283,4
9813,452,210,3
9814,452,233,3.5
9815,452,215,4
9816,452,3,3
9817,452,11,3.5
9818,452,1,4
9819,452,253,3.5
9820,452,220,3
9821,452,212,3
9822,452,217,3
9823,452,245,3.5
9824,452,236,4
9825,452,244,4
9826,452,1284,3.5
9827,452,10,3
9828,452,211,3.5
9829,452,255,3.5
9830,452,1031,3.5
9831,452,13,4
9832,452,1285,4
9833,452,249,4
9834,452,252,4
9835,453,234,1
9836,453,3,1
9837,453,235,1
9838,453,2,1
9839,453,257,1
9840,453,215,1
9841,453,239,1
9842,453,214,1
9843,453,11,1
9844,453,212,1
9845,453,10,1
9846,453,1,1
9847,453,205,1
9848,453,216,1
9849,453,213,1
9850,453,13,1
9851,454,215,3
9852,454,7,4
9853,454,13,2.5
9854,454,207,3.5
9855,454,5,3.5
9856,454,8,3.5
9857,454,254,3.5
9858,454,216,4
9859,454,2,4
9860,454,257,3.5
9861,454,1,2.5
9862,454,213,4
9863,454,235,3
9864,454,3,3
9865,454,10,3.5
9866,454,239,4
9867,454,12,3
9868,454,11,3.5
9869,454,233,3.5
9870,454,217,3.5
9871,454,241,3.5
9872,454,17,3.5
9873,455,253,4
9874,455,236,2.5
9875,455,4,4
9876,455,233,4
9877,455,12,4
9878,455,207,2.5
9879,455,10,3
9880,455,5,3.5
9881,455,1,3
9882,455,215,4
9883,455,211,4
9884,455,3,4
9885,455,205,4
9886,455,255,4
9887,455,214,3.5
9888,455,84,3
9889,455,17,4
9890,455,234,3
9891,455,9,4
9892,455,254,3.5
9893,455,220,3
9894,455,219,3.5
9895,455,6,4
9896,455,11,4
9897,455,2,4
9898,455,8,3
9899,456,492,4
9900,456,17,3
9901,456,206,3
9902,456,11,3
9903,456,479,4
9904,456,475,3
9905,456,7,4
9906,456,207,3.5
9907,456,233,2.5
9908,456,517,3.5
9909,456,235,3.5
9910,456,390,3
9911,456,437,3.5
9912,456,1275,3
9913,456,448,4
9914,457,207,4
9915,457,7,4
9916,457,241,2.5
9917,457,211,3
9918,457,234,2.5
9919,457,11,4
9920,457,219,3
9921,457,253,1
9922,457,4,4
9923,457,257,2.5
9924,457,6,4
9925,457,233,3.5
9926,457,250,3
9927,457,206,3
9928,457,121,2.5
9929,457,3,3
9930,457,244,2.5
9931,457,17,3
9932,457,12,2.5
9933,457,247,2.5
9934,457,220,4
9935,457,249,2.5
9936,457,239,2.5
9937,457,10,3.5
9938,457,212,3
9939,457,9,3.5
9940,457,214,2
9941,457,210,2.5
9942,457,2,3.5
9943,457,1,2.5
9944,457,251,2.5
9945,457,246,2.5
9946,457,245,2.5
9947,457,236,2.5
9948,457,213,3
9949,457,235,2.5
9950,457,255,3
9951,457,216,2
9952,457,252,1.5
9953,457,205,2
9954,457,256,2
9955,457,8,3
9956,457,248,1.5
9957,457,254,3.5
9958,457,13,2.5
9959,457,215,3
9960,457,243,2.5
9961,457,217,2
9962,457,84,2
9963,457,5,3.5
9964,458,215,0.5
9965,459,235,3
9966,459,206,3.5
9967,459,246,2
9968,459,17,3.5
9969,459,234,2.5
9970,459,247,2.5
9971,459,5,3
9972,459,213,3.5
9973,459,216,3
9974,459,257,3.5
9975,459,7,4
9976,459,205,3
9977,459,220,3
9978,459,254,3
9979,459,250,2.5
9980,459,3,2.5
9981,459,248,2.5
9982,459,249,2.5
9983,459,6,2.5
9984,459,2,4
9985,459,219,2.5
9986,459,211,3.5
9987,459,243,3.5
9988,459,236,2.5
9989,459,245,2
9990,459,210,2.5
9991,459,252,3.5
9992,459,255,3.5
9993,459,212,3
9994,459,8,3.5
9995,459,215,2.5
9996,459,11,3.5
9997,459,241,3
9998,459,84,3.5
9999,459,13,2.5
10000,459,251,2.5
10001,459,12,3.5
10002,459,4,3
10003,459,207,2.5
10004,459,1,3.5
10005,459,253,3
10006,459,239,3
10007,459,9,3
10008,459,10,4
10009,459,121,2.5
10010,459,217,3.5
10011,459,214,2.5
10012,459,244,3
10013,459,256,2.5
10014,459,233,4
10015,460,210,2.5
10016,460,252,3.5
10017,460,254,2.5
10018,460,255,3
10019,460,212,2.5
10020,460,8,1
10021,460,215,1
10022,460,241,1
10023,460,248,4
10024,460,13,3.5
10025,460,211,2.5
10026,460,245,2.5
10027,460,4,4
10028,460,207,3
10029,460,1,1.5
10030,460,9,3
10031,460,10,3
10032,460,121,1.5
10033,460,11,3
10034,460,84,2.5
10035,460,251,2.5
10036,460,244,3
10037,460,12,2
10038,460,206,2.5
10039,460,17,3
10040,460,235,4
10041,460,253,2.5
10042,460,239,2.5
10043,460,247,2
10044,460,5,2.5
10045,460,213,3
10046,460,216,4
10047,460,257,2
10048,460,217,4
10049,460,205,2
10050,460,214,1.5
10051,460,220,1.5
10052,460,256,2.5
10053,460,250,2.5
10054,460,233,2.5
10055,460,246,3
10056,460,234,1
10057,460,3,1.5
10058,460,249,3
10059,460,6,3
10060,460,2,2
10061,460,7,2
10062,460,219,2
10063,460,243,1.5
10064,460,236,2
10065,461,5,4
10066,461,247,2.5
10067,461,207,3
10068,461,12,3
10069,461,220,3.5
10070,461,13,4
10071,461,215,2.5
10072,461,213,0.5
10073,461,8,4
10074,461,251,2.5
10075,461,216,2.5
10076,461,17,4
10077,461,236,4
10078,461,7,4
10079,461,219,2.5
10080,461,255,4
10081,461,1,0.5
10082,461,235,2.5
10083,461,2,0.5
10084,461,9,4
10085,461,245,4
10086,461,6,0.5
10087,461,244,3
10088,461,257,1
10089,461,211,3.5
10090,461,30,0.5
10091,462,17,3
10092,462,7,3
10093,463,1286,4
10094,463,215,4
10095,463,11,4
10096,463,13,4
10097,463,666,4
10098,463,1287,3
10099,463,1288,3
10100,463,1289,4
10101,463,1290,4
10102,463,1291,3
10103,463,1292,2.5
10104,464,9,4
10105,464,5,3.5
10106,464,1,4
10107,464,7,2.5
10108,464,255,3
10109,464,214,2
10110,464,1178,3
10111,464,245,2.5
10112,464,12,2.5
10113,464,121,3
10114,464,220,4
10115,464,3,3
10116,464,8,4
10117,464,253,4
10118,464,6,4
10119,464,247,2.5
10120,464,207,1.5
10121,464,216,4
10122,464,520,3.5
10123,464,598,3.5
10124,464,2,3.5
10125,464,4,4
10126,464,241,3.5
10127,464,713,3
10128,464,17,4
10129,464,257,3
10130,464,1293,4
10131,464,219,4
10132,464,458,4
10133,464,215,4
10134,464,234,4
10135,464,11,4
10136,464,250,4
10137,464,236,4
10138,464,211,4
10139,464,13,2.5
10140,465,12,3
10141,465,1,3.5
10142,465,2,2.5
10143,465,245,3
10144,465,17,3.5
10145,465,7,4
10146,465,216,2.5
10147,465,213,3
10148,465,239,3
10149,465,257,3.5
10150,465,207,2
10151,465,211,3
10152,465,215,4
10153,465,10,3
10154,465,9,3
10155,465,255,3
10156,465,236,4
10157,465,13,3
10158,465,11,3
10159,466,9,4
10160,466,7,4
10161,466,206,2
10162,466,257,4
10163,466,247,3
10164,466,214,3.5
10165,466,205,4
10166,466,239,4
10167,466,2,4
10168,466,17,4
10169,466,248,3
10170,466,210,2.5
10171,466,233,3
10172,466,215,4
10173,466,3,4
10174,466,11,4
10175,466,253,4
10176,466,1,4
10177,466,220,1
10178,466,256,3
10179,466,217,4
10180,466,243,2.5
10181,466,245,4
10182,466,236,4
10183,466,244,3.5
10184,466,211,4
10185,466,255,4
10186,466,10,2
10187,466,13,4
10188,466,84,4
10189,466,212,3
10190,466,249,2
10191,466,252,4
10192,466,246,4
10193,466,5,4
10194,466,12,2.5
10195,466,241,2
10196,466,6,3
10197,466,8,4
10198,466,234,3.5
10199,466,216,2
10200,466,121,3
10201,466,207,3
10202,466,251,2.5
10203,466,235,1
10204,466,250,2
10205,466,213,4
10206,466,219,2.5
10207,466,254,4
10208,466,4,4
10209,467,207,4
10210,467,6,3.5
10211,467,239,2.5
10212,467,250,3
10213,467,233,3
10214,467,219,3
10215,467,84,4
10216,467,244,2
10217,467,212,1.5
10218,467,245,2.5
10219,467,211,3.5
10220,467,254,3
10221,467,256,2
10222,467,3,4
10223,467,8,4
10224,467,5,3
10225,467,214,2
10226,467,10,3
10227,467,252,2.5
10228,467,11,4
10229,467,563,4
10230,467,220,3.5
10231,467,215,2
10232,467,789,3.5
10233,467,213,3
10234,467,241,2.5
10235,467,235,3
10236,467,13,3.5
10237,467,243,2
10238,467,206,3
10239,467,7,4
10240,467,257,3.5
10241,467,1,3.5
10242,467,248,3
10243,467,247,3
10244,467,17,2.5
10245,467,2,2
10246,467,249,2
10247,467,172,4
10248,467,4,3.5
10249,467,217,2
10250,467,210,2.5
10251,467,234,2.5
10252,467,253,2
10253,467,236,3.5
10254,467,12,4
10255,467,246,2
10256,467,9,4
10257,467,205,3.5
10258,467,121,2.5
10259,467,216,2.5
10260,467,251,3.5
10261,467,255,2.5
10262,468,217,1
10263,468,84,3
10264,468,206,3.5
10265,468,253,2.5
10266,468,6,4
10267,468,247,4
10268,468,216,4
10269,468,3,3
10270,468,256,2
10271,468,235,1.5
10272,468,318,4
10273,468,2,1
10274,468,212,3
10275,468,4,3.5
10276,468,251,0.5
10277,468,241,1
10278,468,17,3.5
10279,468,257,1.5
10280,468,213,3.5
10281,468,219,2
10282,468,215,4
10283,468,244,1.5
10284,468,207,3.5
10285,468,254,1.5
10286,468,11,1.5
10287,468,250,0.5
10288,468,236,3
10289,468,13,3.5
10290,468,249,1.5
10291,468,211,2
10292,468,205,0.5
10293,468,233,3
10294,468,252,3.5
10295,468,5,2
10296,468,1,4
10297,468,7,2
10298,468,243,2.5
10299,468,214,1
10300,468,234,2
10301,468,10,2
10302,468,248,2.5
10303,468,245,4
10304,468,246,1
10305,468,12,3
10306,468,9,4
10307,468,255,3
10308,468,239,1
10309,468,121,3.5
10310,468,220,3.5
10311,468,210,3.5
10312,468,8,1.5
10313,469,9,3
10314,469,250,4
10315,469,7,3.5
10316,469,2,4
10317,469,8,3.5
10318,469,219,4
10319,469,17,2
10320,469,11,3.5
10321,469,4,4
10322,469,5,3
10323,469,236,4
10324,470,241,4
10325,470,1,4
10326,470,235,3
10327,470,10,3.5
10328,470,206,4
10329,470,233,3
10330,470,216,4
10331,470,236,3.5
10332,471,219,2.5
10333,471,13,4
10334,471,252,2.5
10335,471,239,3
10336,471,11,4
10337,471,257,1.5
10338,471,17,3.5
10339,471,1,2
10340,471,10,3
10341,471,2,4
10342,471,256,4
10343,471,217,2
10344,471,216,2.5
10345,471,6,3.5
10346,471,7,2
10347,471,235,4
10348,472,211,4
10349,472,12,3
10350,472,3,3
10351,472,241,3
10352,472,250,4
10353,472,148,4
10354,472,522,4
10355,472,11,3
10356,472,4,2.5
10357,472,7,4
10358,472,13,3.5
10359,472,218,1.5
10360,472,592,0.5
10361,472,1,2
10362,472,220,3.5
10363,472,235,1
10364,472,253,2.5
10365,472,207,1.5
10366,472,5,0.5
10367,473,123,3
10368,473,5,4
10369,473,397,4
10370,473,8,3.5
10371,473,211,3.5
10372,473,239,2
10373,473,207,2.5
10374,473,7,4
10375,473,1072,3
10376,473,2,3
10377,473,215,4
10378,474,1,3
10379,475,4,4
10380,475,213,4
10381,475,2,1.5
10382,475,11,4
10383,475,236,4
10384,476,254,4
10385,476,13,4
10386,476,241,3.5
10387,476,10,4
10388,476,3,3.5
10389,476,11,3
10390,476,216,3.5
10391,476,7,3
10392,476,213,3.5
10393,476,1,3.5
10394,476,205,4
10395,477,255,0.5
10396,477,214,1
10397,477,220,3
10398,477,121,3
10399,477,245,3.5
10400,477,239,2.5
10401,477,251,2.5
10402,477,235,1
10403,477,8,3.5
10404,477,211,3
10405,477,3,4
10406,477,2,3
10407,477,243,2.5
10408,477,219,2
10409,477,12,1.5
10410,477,234,1
10411,477,212,4
10412,477,254,3
10413,477,250,2
10414,477,207,2.5
10415,477,11,4
10416,477,253,0.5
10417,477,236,3.5
10418,477,249,3
10419,477,84,2
10420,477,247,3.5
10421,477,244,1.5
10422,477,10,1.5
10423,477,7,0.5
10424,477,210,1.5
10425,477,233,2.5
10426,477,13,4
10427,477,1,3
10428,477,5,1
10429,477,6,2.5
10430,477,252,3
10431,477,241,1.5
10432,477,216,2.5
10433,477,257,1
10434,477,206,2.5
10435,477,4,3
10436,477,217,3.5
10437,477,9,4
10438,477,256,1.5
10439,477,248,2
10440,477,215,3
10441,477,213,1.5
10442,477,17,3
10443,477,205,3.5
10444,477,246,2
10445,478,207,2.5
10446,478,219,4
10447,478,9,1.5
10448,478,7,3
10449,478,473,4
10450,478,206,2.5
10451,478,480,3
10452,478,478,0.5
10453,478,714,1.5
10454,478,410,2
10455,478,214,0.5
10456,478,434,1
10457,478,1294,3.5
10458,478,1034,3.5
10459,478,1295,1.5
10460,478,591,1
10461,478,536,1
10462,478,278,1.5
10463,478,310,4
10464,478,1296,2
10465,478,539,2
10466,478,676,1.5
10467,478,204,0.5
10468,478,244,1.5
10469,478,31,1.5
10470,478,582,0.5
10471,478,10,3
10472,478,211,3.5
10473,478,548,1
10474,478,1297,3
10475,478,1298,2
10476,478,345,2.5
10477,478,20,1.5
10478,478,607,4
10479,478,459,2
10480,478,12,2.5
10481,478,1299,4
10482,478,241,2.5
10483,478,431,3
10484,478,659,4
10485,478,356,1.5
10486,479,728,3.5
10487,479,9,3.5
10488,479,278,4
10489,479,1036,1.5
10490,479,7,4
10491,479,3,4
10492,479,1300,3
10493,479,2,4
10494,479,8,3.5
10495,479,4,4
10496,479,1301,3.5
10497,479,913,4
10498,479,845,4
10499,479,322,3
10500,480,205,2.5
10501,480,11,3.5
10502,480,4,3.5
10503,480,7,1.5
10504,480,257,2.5
10505,481,17,3.5
10506,481,1295,4
10507,481,5,3.5
10508,481,7,4
10509,482,216,1
10510,482,219,4
10511,482,212,2
10512,482,6,2
10513,482,11,3.5
10514,482,2,1.5
10515,482,245,2.5
10516,482,236,3.5
10517,482,7,2.5
10518,482,4,3
10519,482,8,3.5
10520,482,257,2.5
10521,482,239,2
10522,482,12,2.5
10523,482,10,2.5
10524,482,215,3.5
10525,482,13,3
10526,482,3,2
10527,482,233,2.5
10528,482,205,1.5
10529,482,213,3.5
10530,482,255,3
10531,482,207,2.5
10532,482,214,0.5
10533,482,5,3
10534,482,1,2.5
10535,482,17,2
10536,482,234,2.5
10537,482,211,3
10538,482,235,3
10539,482,9,4
10540,482,254,2.5
10541,483,246,1
10542,483,205,1
10543,483,210,1
10544,483,121,1.5
10545,483,3,2.5
10546,483,10,2.5
10547,483,247,2.5
10548,483,239,2.5
10549,483,249,1
10550,483,243,4
10551,483,11,3.5
10552,483,244,0.5
10553,483,245,1.5
10554,483,235,3
10555,483,233,0.5
10556,483,217,0.5
10557,483,241,1.5
10558,483,6,1.5
10559,483,248,0.5
10560,483,12,1.5
10561,483,17,4
10562,483,220,2.5
10563,483,253,0.5
10564,483,215,3.5
10565,483,250,1
10566,483,255,2.5
10567,483,251,0.5
10568,483,84,2.5
10569,483,252,1.5
10570,483,7,1
10571,483,236,4
10572,483,206,0.5
10573,483,13,2.5
10574,483,207,1.5
10575,483,5,3.5
10576,483,8,4
10577,483,15,3
10578,483,254,1.5
10579,483,216,1
10580,483,4,2.5
10581,483,234,4
10582,483,2,1
10583,483,257,2.5
10584,483,256,0.5
10585,483,219,3.5
10586,483,1,3
10587,483,9,3.5
10588,483,211,4
10589,483,212,2
10590,483,213,1
10591,483,214,1
10592,484,3,3
10593,484,8,4
10594,484,207,2
10595,484,7,4
10596,484,206,1.5
10597,484,2,4
10598,484,253,2.5
10599,484,1,3
10600,484,236,4
10601,485,1302,3.5
10602,485,217,4
10603,485,205,4
10604,485,214,3.5
10605,485,220,3
10606,485,256,3.5
10607,485,250,3
10608,485,233,4
10609,485,246,4
10610,485,234,3.5
10611,485,3,4
10612,485,213,3
10613,485,257,3
10614,485,7,4
10615,485,219,3.5
10616,485,243,4
10617,485,236,3.5
10618,485,210,3.5
10619,485,254,3
10620,485,215,3.5
10621,485,241,3
10622,485,248,3
10623,485,249,3
10624,485,6,4
10625,485,13,3
10626,485,2,2.5
10627,485,211,4
10628,485,245,3.5
10629,485,4,3.5
10630,485,207,3.5
10631,485,252,3.5
10632,485,121,3.5
10633,485,255,4
10634,485,212,4
10635,485,10,3.5
10636,485,8,3
10637,485,11,4
10638,485,1303,3
10639,485,84,2.5
10640,485,251,3
10641,485,244,4
10642,485,235,3
10643,485,12,3.5
10644,485,206,3.5
10645,485,253,3.5
10646,485,17,3
10647,485,1,3.5
10648,485,239,3.5
10649,485,9,3.5
10650,485,247,3.5
10651,485,5,3
10652,485,408,3.5
10653,485,216,3.5
10654,486,9,3.5
10655,486,241,3.5
10656,486,13,3.5
10657,486,257,2
10658,486,5,3.5
10659,486,2,3.5
10660,486,219,3.5
10661,486,3,3
10662,486,215,3
10663,486,254,3
10664,486,7,2.5
10665,486,239,2
10666,486,11,4
10667,487,249,2.5
10668,487,250,3
10669,487,252,3.5
10670,487,246,3
10671,487,5,4
10672,487,12,2.5
10673,487,241,4
10674,487,6,2
10675,487,8,2.5
10676,487,216,4
10677,487,121,3
10678,487,207,4
10679,487,251,3.5
10680,487,235,4
10681,487,239,4
10682,487,213,3
10683,487,2,3.5
10684,487,219,2
10685,487,254,3
10686,487,4,4
10687,487,9,3
10688,487,7,2
10689,487,206,3
10690,487,257,2
10691,487,247,4
10692,487,214,3
10693,487,205,4
10694,487,243,2.5
10695,487,17,2
10696,487,248,3
10697,487,210,2.5
10698,487,233,2.5
10699,487,215,4
10700,487,3,3.5
10701,487,11,4
10702,487,253,2.5
10703,487,1,4
10704,487,220,4
10705,487,256,2
10706,487,212,3
10707,487,217,4
10708,487,245,4
10709,487,236,1
10710,487,244,3
10711,487,211,1.5
10712,487,255,2.5
10713,487,234,2.5
10714,487,10,3.5
10715,487,13,4
10716,487,84,3
10717,488,211,2
10718,488,13,3
10719,488,398,3.5
10720,488,90,4
10721,488,241,1.5
10722,488,11,3
10723,488,809,4
10724,488,526,3.5
10725,488,217,2
10726,488,253,4
10727,488,675,4
10728,488,220,3
10729,488,121,3
10730,488,219,2
10731,488,391,4
10732,488,4,3.5
10733,488,8,4
10734,488,239,2
10735,488,236,4
10736,488,702,4
10737,488,215,1
10738,488,7,2
10739,488,544,3.5
10740,488,3,3.5
10741,488,31,4
10742,488,207,1.5
10743,488,10,0.5
10744,488,5,3.5
10745,488,1,0.5
10746,488,17,2.5
10747,489,284,2.5
10748,489,7,3.5
10749,489,522,3
10750,489,763,4
10751,489,862,1
10752,489,835,3
10753,489,1304,4
10754,489,318,4
10755,489,17,3.5
10756,489,750,4
10757,489,432,3
10758,489,658,3.5
10759,489,668,3.5
10760,489,336,3
10761,489,293,4
10762,489,520,4
10763,489,691,2
10764,489,211,3
10765,489,3,3
10766,489,218,4
10767,489,278,2
10768,489,512,3.5
10769,489,2,3
10770,489,352,3
10771,489,335,4
10772,489,219,3.5
10773,489,12,2
10774,489,521,4
10775,489,879,0.5
10776,489,606,3
10777,489,236,3
10778,490,216,3
10779,490,253,2.5
10780,490,217,2.5
10781,490,233,3.5
10782,490,214,4
10783,490,213,3
10784,490,8,4
10785,490,248,3.5
10786,490,17,3.5
10787,490,10,3.5
10788,490,255,4
10789,490,256,3.5
10790,490,9,3.5
10791,490,3,4
10792,490,254,3
10793,490,7,4
10794,490,239,2
10795,490,210,3
10796,490,257,4
10797,490,211,3.5
10798,490,219,2.5
10799,490,1,2.5
10800,490,247,3.5
10801,490,2,2
10802,490,207,3.5
10803,490,252,3
10804,490,245,3.5
10805,490,206,3.5
10806,490,12,3.5
10807,490,6,3
10808,490,220,2.5
10809,490,244,4
10810,490,212,2.5
10811,490,13,1
10812,490,11,3
10813,490,205,2
10814,490,234,2.5
10815,491,7,3.5
10816,491,11,3.5
10817,491,13,3
10818,491,1,3.5
10819,491,236,4
10820,491,4,3
10821,491,12,3
10822,491,17,4
10823,491,2,3
10824,491,219,3.5
10825,491,211,3.5
10826,491,235,3.5
10827,491,207,3.5
10828,491,10,3
10829,491,3,2
10830,491,215,3.5
10831,491,206,3.5
10832,492,207,2
10833,492,6,3
10834,492,239,3
10835,492,250,2.5
10836,492,233,3.5
10837,492,84,3
10838,492,252,2
10839,492,244,1.5
10840,492,212,3.5
10841,492,245,3
10842,492,211,3.5
10843,492,254,3
10844,492,3,3
10845,492,8,4
10846,492,5,3
10847,492,214,3
10848,492,10,3
10849,492,11,3.5
10850,492,220,3
10851,492,215,4
10852,492,213,3
10853,492,241,2.5
10854,492,235,3
10855,492,13,3
10856,492,243,4
10857,492,206,2.5
10858,492,7,3.5
10859,492,257,2
10860,492,1,4
10861,492,236,4
10862,492,12,3
10863,492,247,2
10864,492,17,4
10865,492,251,3
10866,492,2,3
10867,492,249,3
10868,492,4,3
10869,492,217,2.5
10870,492,210,1.5
10871,492,219,2.5
10872,492,234,1.5
10873,492,253,0.5
10874,492,9,3.5
10875,492,205,2.5
10876,492,121,3
10877,492,216,2.5
10878,492,255,3.5
10879,493,207,3
10880,493,7,3.5
10881,494,121,2.5
10882,494,233,2.5
10883,494,236,3.5
10884,494,246,2.5
10885,494,216,4
10886,494,220,3
10887,494,256,2.5
10888,494,5,4
10889,494,207,3
10890,494,239,2.5
10891,494,217,2.5
10892,494,219,3.5
10893,494,244,3
10894,494,11,2.5
10895,494,210,3
10896,494,243,2.5
10897,494,235,2.5
10898,494,3,2.5
10899,494,241,2.5
10900,494,234,3
10901,494,253,4
10902,494,214,3
10903,494,249,3.5
10904,494,10,3
10905,494,255,4
10906,494,17,3
10907,494,213,3.5
10908,494,251,4
10909,494,212,3
10910,494,7,3.5
10911,494,247,2.5
10912,494,245,4
10913,494,254,3
10914,494,84,2
10915,494,13,4
10916,494,206,2.5
10917,494,248,2.5
10918,494,215,4
10919,494,250,2.5
10920,494,1,3
10921,494,211,3.5
10922,494,257,2.5
10923,495,233,3
10924,495,211,2.5
10925,495,253,3
10926,495,13,3
10927,495,244,3.5
10928,495,217,4
10929,495,243,2
10930,495,220,2
10931,495,207,2
10932,495,3,3
10933,495,1,2.5
10934,495,215,2.5
10935,495,121,3
10936,495,17,2.5
10937,495,235,3
10938,495,84,4
10939,495,10,3
10940,495,254,2
10941,496,705,4
10942,496,278,4
10943,497,235,0.5
10944,497,220,2.5
10945,497,11,3
10946,497,9,2.5
10947,498,233,1
10948,498,1305,1.5
10949,498,17,4
10950,498,7,4
10951,498,207,2.5
10952,498,1306,3
10953,498,11,2
10954,498,2,3
10955,498,13,2.5
10956,498,8,4
10957,499,17,2
10958,499,2,4
10959,499,7,4
10960,500,205,3.5
10961,500,214,3
10962,500,220,4
10963,500,256,2.5
10964,500,250,3.5
10965,500,233,4
10966,500,206,4
10967,500,246,4
10968,500,234,3.5
10969,500,235,4
10970,500,3,2.5
10971,500,213,3.5
10972,500,216,3
10973,500,257,3.5
10974,500,7,3.5
10975,500,243,3.5
10976,500,210,3.5
10977,500,254,4
10978,500,248,3
10979,500,249,3.5
10980,500,6,4
10981,500,2,4
10982,500,219,3.5
10983,500,211,4
10984,500,236,3.5
10985,500,245,4
10986,500,4,4
10987,500,207,4
10988,500,252,3.5
10989,500,255,3.5
10990,500,212,3.5
10991,500,8,4
10992,500,215,2
10993,500,11,4
10994,500,241,2.5
10995,500,84,3
10996,500,13,3
10997,500,251,2.5
10998,500,244,4
10999,500,12,4
11000,500,17,4
11001,500,1,2
11002,500,253,4
11003,500,239,4
11004,500,9,3.5
11005,500,5,3.5
11006,500,247,4
11007,500,10,3
11008,500,121,3.5
11009,500,217,4
11010,501,11,4
11011,502,11,3
11012,502,84,1.5
11013,502,251,3
11014,502,244,2.5
11015,502,1,2.5
11016,502,12,2.5
11017,502,206,3
11018,502,17,4
11019,502,235,2.5
11020,502,253,3
11021,502,239,3
11022,502,9,3.5
11023,502,247,2.5
11024,502,10,2
11025,502,5,2.5
11026,502,216,2.5
11027,502,217,2.5
11028,502,205,1
11029,502,214,2.5
11030,502,220,1.5
11031,502,256,2.5
11032,502,233,1.5
11033,502,250,3
11034,502,246,3
11035,502,234,2.5
11036,502,3,2.5
11037,502,213,3.5
11038,502,257,2.5
11039,502,7,2.5
11040,502,219,3
11041,502,243,2
11042,502,236,4
11043,502,210,1.5
11044,502,254,2.5
11045,502,215,4
11046,502,241,2
11047,502,248,2
11048,502,249,2.5
11049,502,6,4
11050,502,13,3
11051,502,2,2
11052,502,211,3.5
11053,502,245,3
11054,502,4,2
11055,502,207,1
11056,502,252,2.5
11057,502,255,2.5
11058,502,212,2.5
11059,502,8,3
11060,502,121,2
11061,503,2,3.5
11062,503,1307,4
11063,503,292,3.5
11064,503,236,3
11065,503,743,3.5
11066,503,938,3
11067,503,893,3.5
11068,503,59,4
11069,503,880,4
11070,503,755,3.5
11071,503,352,4
11072,503,216,3
11073,503,242,3.5
11074,503,305,3.5
11075,503,11,3.5
11076,503,440,3.5
11077,503,4,3.5
11078,503,5,3.5
11079,503,852,3.5
11080,503,325,4
11081,503,729,4
11082,503,7,3.5
11083,503,1308,4
11084,503,12,3
11085,503,219,4
11086,503,764,4
11087,503,416,3.5
11088,503,777,2
11089,503,172,3.5
11090,503,1309,4
11091,503,342,3.5
11092,503,9,4
11093,504,7,3.5
11094,504,219,3.5
11095,504,2,1.5
11096,504,215,3.5
11097,504,3,2.5
11098,504,17,3
11099,504,4,3.5
11100,504,84,2.5
11101,504,11,3.5
11102,504,236,3.5
11103,504,5,3
11104,504,1,2
11105,504,6,3.5
11106,504,211,4
11107,504,9,4
11108,504,8,4
11109,504,234,3.5
11110,504,253,4
11111,505,206,4
11112,505,4,3.5
11113,505,217,1.5
11114,505,9,3.5
11115,505,256,3.5
11116,505,248,3.5
11117,505,215,3
11118,505,213,3.5
11119,505,17,3
11120,505,205,4
11121,505,246,1
11122,505,255,0.5
11123,505,214,3
11124,505,121,2
11125,505,245,2.5
11126,505,239,3.5
11127,505,251,2.5
11128,505,235,3
11129,505,8,3.5
11130,505,211,0.5
11131,505,3,1
11132,505,2,1
11133,505,243,3
11134,505,219,2
11135,505,12,0.5
11136,505,234,4
11137,505,212,2
11138,505,254,3.5
11139,505,250,4
11140,505,207,3.5
11141,505,11,4
11142,505,253,1
11143,505,236,3.5
11144,505,249,2
11145,505,84,3.5
11146,505,247,2
11147,505,244,3.5
11148,505,10,4
11149,505,7,0.5
11150,505,210,3
11151,505,233,2
11152,505,13,3
11153,505,1,4
11154,505,5,1.5
11155,505,6,1
11156,505,252,1
11157,505,241,4
11158,505,216,4
11159,505,257,4
11160,506,234,4
11161,506,207,2
11162,506,251,3.5
11163,506,253,3.5
11164,506,247,3
11165,506,10,2
11166,506,7,3
11167,506,210,3
11168,506,13,4
11169,506,216,4
11170,506,215,4
11171,506,252,3
11172,506,241,3
11173,506,205,4
11174,506,217,3
11175,506,245,3.5
11176,506,239,3.5
11177,506,256,3
11178,506,477,3
11179,506,3,3
11180,506,17,3
11181,507,217,4
11182,507,205,4
11183,507,214,3.5
11184,507,220,2.5
11185,507,256,4
11186,507,233,2.5
11187,507,250,4
11188,507,246,4
11189,507,206,4
11190,507,235,3.5
11191,507,234,2.5
11192,507,3,3.5
11193,507,213,2
11194,507,216,3
11195,507,257,2.5
11196,507,7,4
11197,507,243,3
11198,507,210,4
11199,507,254,4
11200,507,248,2.5
11201,507,249,3
11202,507,6,4
11203,507,2,4
11204,507,211,2.5
11205,507,219,4
11206,507,245,4
11207,507,236,3.5
11208,507,4,4
11209,507,207,4
11210,507,252,2.5
11211,507,255,4
11212,507,212,3
11213,507,8,3.5
11214,507,215,2
11215,507,11,4
11216,507,241,3.5
11217,507,84,2
11218,507,13,4
11219,507,251,4
11220,507,244,2.5
11221,507,12,4
11222,507,17,3
11223,507,1,4
11224,507,253,4
11225,507,239,3
11226,507,9,4
11227,507,247,3
11228,507,10,2
11229,507,5,4
11230,507,121,3.5
11231,508,8,4
11232,508,339,2.5
11233,508,239,2.5
11234,508,2,2.5
11235,508,7,3
11236,508,940,3.5
11237,508,17,3.5
11238,508,845,3.5
11239,508,1,3
11240,508,242,3.5
11241,508,278,3.5
11242,508,539,3
11243,508,234,1.5
11244,508,658,3
11245,508,966,2.5
11246,508,1091,4
11247,508,5,1.5
11248,509,930,3
11249,509,1310,2.5
11250,509,282,2.5
11251,509,2,3
11252,509,1311,0.5
11253,509,1312,1.5
11254,509,764,3
11255,509,251,4
11256,509,4,2.5
11257,509,12,4
11258,509,341,1
11259,509,937,3.5
11260,509,286,4
11261,509,1313,4
11262,509,1314,1.5
11263,509,927,1
11264,509,488,3
11265,509,249,3
11266,509,219,4
11267,509,9,3.5
11268,509,434,3
11269,509,921,3.5
11270,509,218,3.5
11271,509,1315,2.5
11272,509,283,2
11273,509,1234,3
11274,509,11,2.5
11275,509,1316,2
11276,509,1317,4
11277,509,1318,0.5
11278,509,13,3.5
11279,509,1319,2
11280,509,414,3.5
11281,509,779,1.5
11282,509,212,3.5
11283,509,592,1.5
11284,509,926,3
11285,509,7,3.5
11286,509,245,3.5
11287,509,577,3
11288,509,236,0.5
11289,509,929,2
11290,509,522,3.5
11291,509,931,1.5
11292,509,1,3
11293,509,1080,3.5
11294,509,250,3.5
11295,509,1320,1.5
11296,509,938,3
11297,509,241,3
11298,509,1321,2.5
11299,509,207,3
11300,509,511,4
11301,509,209,4
11302,509,1322,4
11303,509,598,3
11304,509,1323,4
11305,509,215,3.5
11306,509,751,0.5
11307,509,69,4
11308,509,1324,3
11309,509,702,2
11310,509,584,0.5
11311,509,924,2
11312,509,1325,1.5
11313,509,352,3.5
11314,509,148,3
11315,509,1326,1
11316,509,748,3
11317,509,1327,2.5
11318,509,10,3
11319,509,211,2.5
11320,509,278,2.5
11321,510,392,4
11322,510,376,2.5
11323,510,445,3
11324,510,753,3.5
11325,510,1328,3
11326,510,410,4
11327,510,310,3.5
11328,510,364,3
11329,510,1060,1
11330,510,431,3.5
11331,510,1160,2.5
11332,510,465,3.5
11333,510,806,4
11334,510,1329,3.5
11335,510,396,3
11336,510,1330,3.5
11337,510,486,4
11338,510,687,2.5
11339,510,1331,4
11340,510,938,2.5
11341,510,1332,4
11342,510,638,3.5
11343,510,1333,4
11344,510,347,3
11345,510,776,4
11346,511,215,4
11347,512,2,4
11348,513,7,2
11349,513,207,2.5
11350,513,9,3
11351,513,236,3.5
11352,513,2,3.5
11353,514,9,3
11354,514,211,4
11355,514,207,2
11356,514,798,4
11357,514,13,3.5
11358,514,5,3.5
11359,514,8,2.5
11360,514,7,2.5
11361,514,10,3
11362,514,215,3.5
11363,514,17,3
11364,514,2,3
11365,514,1334,1
11366,514,241,3.5
11367,514,235,3
11368,514,236,3
11369,514,239,3
11370,514,219,3.5
11371,515,235,2.5
11372,515,12,3
11373,515,206,4
11374,515,17,3
11375,515,1,4
11376,515,253,3
11377,515,239,3
11378,515,9,3.5
11379,515,5,3.5
11380,515,216,3
11381,515,217,4
11382,515,205,4
11383,515,214,4
11384,515,220,2.5
11385,515,233,2.5
11386,515,3,4
11387,515,213,4
11388,515,257,2
11389,515,7,4
11390,515,236,2.5
11391,515,210,3
11392,515,254,3.5
11393,515,215,3
11394,515,241,3.5
11395,515,6,4
11396,515,13,3.5
11397,515,2,3.5
11398,515,245,3
11399,515,4,3.5
11400,515,207,3.5
11401,515,255,3.5
11402,515,10,4
11403,515,121,4
11404,515,11,4
11405,515,84,3
11406,516,17,4
11407,516,219,4
11408,516,236,4
11409,517,251,2.5
11410,517,4,3.5
11411,517,247,2.5
11412,517,233,2
11413,517,257,2
11414,517,12,1.5
11415,517,207,3
11416,517,10,2.5
11417,517,5,4
11418,517,1,3.5
11419,517,215,2
11420,517,211,1
11421,517,13,3
11422,517,235,2.5
11423,517,3,3.5
11424,517,256,3.5
11425,517,205,3.5
11426,517,213,2.5
11427,517,255,3.5
11428,517,214,3
11429,517,84,3
11430,517,17,2.5
11431,517,234,3
11432,517,249,2.5
11433,517,246,3.5
11434,517,245,3.5
11435,517,9,2
11436,517,250,3.5
11437,517,254,3.5
11438,517,220,3.5
11439,517,121,2.5
11440,517,241,2.5
11441,517,216,3
11442,517,210,3.5
11443,517,252,3
11444,517,219,2.5
11445,517,212,3
11446,517,6,3
11447,517,11,3.5
11448,517,2,3
11449,517,8,3
11450,517,248,3
11451,517,217,3.5
11452,517,239,4
11453,517,253,2
11454,517,243,2
11455,517,236,2.5
11456,517,244,3.5
11457,517,206,3.5
11458,517,7,3.5
11459,518,9,2
11460,518,3,4
11461,518,2,4
11462,518,205,4
11463,518,13,4
11464,518,244,4
11465,518,239,1
11466,518,220,2.5
11467,518,7,4
11468,518,250,4
11469,518,121,4
11470,518,1,4
11471,518,219,4
11472,518,234,4
11473,519,244,4
11474,519,245,4
11475,519,235,3
11476,519,12,4
11477,519,17,4
11478,519,220,3
11479,519,11,4
11480,519,1027,4
11481,519,250,4
11482,519,1335,4
11483,519,7,4
11484,519,877,2.5
11485,519,233,2.5
11486,519,217,1
11487,519,241,3.5
11488,519,1336,2.5
11489,519,236,3
11490,519,2,3
11491,519,13,4
11492,519,207,2.5
11493,519,1337,0.5
11494,519,219,4
11495,519,5,4
11496,519,216,3
11497,519,1338,0.5
11498,519,10,3
11499,519,257,4
11500,519,239,3
11501,519,1212,3.5
11502,519,1,4
11503,519,9,4
11504,520,10,3.5
11505,520,13,4
11506,520,244,3.5
11507,520,5,2.5
11508,520,12,3.5
11509,520,241,3.5
11510,520,6,3.5
11511,520,8,3
11512,520,216,3
11513,520,207,3.5
11514,520,4,3
11515,520,9,3
11516,520,7,3.5
11517,520,214,4
11518,520,2,4
11519,520,215,3
11520,520,3,3.5
11521,520,11,4
11522,520,1,3.5
11523,520,253,2.5
11524,520,220,3.5
11525,520,217,4
11526,521,8,3.5
11527,521,7,3.5
11528,521,13,2.5
11529,521,2,2
11530,522,241,3.5
11531,522,3,3
11532,522,254,2.5
11533,522,206,3.5
11534,522,205,3.5
11535,522,220,3.5
11536,522,7,3.5
11537,522,5,3
11538,522,215,2.5
11539,522,216,3.5
11540,522,13,2
11541,522,1,3.5
11542,522,10,2.5
11543,522,84,2.5
11544,522,207,3
11545,522,12,3
11546,523,252,4
11547,523,219,4
11548,523,212,4
11549,523,11,2
11550,523,245,3.5
11551,523,217,2
11552,523,220,3.5
11553,523,4,2.5
11554,523,8,3
11555,523,239,3.5
11556,523,12,4
11557,523,236,2
11558,523,215,1.5
11559,523,7,3.5
11560,523,251,4
11561,523,213,3
11562,523,255,3
11563,523,257,4
11564,523,207,2.5
11565,523,10,2
11566,523,5,1.5
11567,523,17,2.5
11568,523,234,2.5
11569,523,211,3.5
11570,523,13,1.5
11571,523,249,3
11572,523,250,4
11573,523,254,3
11574,524,2,3
11575,524,207,3.5
11576,524,787,4
11577,524,572,4
11578,524,525,4
11579,524,219,3.5
11580,524,13,3.5
11581,524,781,4
11582,524,12,1
11583,525,11,0.5
11584,526,91,4
11585,526,13,3.5
11586,526,2,3.5
11587,526,4,3
11588,526,207,3.5
11589,526,255,1
11590,526,121,0.5
11591,526,8,0.5
11592,526,11,2
11593,526,84,0.5
11594,526,12,1.5
11595,526,1,2
11596,526,9,1
11597,526,5,0.5
11598,526,220,1.5
11599,526,250,3
11600,526,7,4
11601,526,219,2
11602,526,215,3.5
11603,527,235,4
11604,527,255,3
11605,527,10,4
11606,527,1,4
11607,527,4,4
11608,528,986,4
11609,528,239,3.5
11610,528,657,3.5
11611,528,10,3.5
11612,528,205,3
11613,528,250,3
11614,528,246,3
11615,528,235,3
11616,528,3,3.5
11617,528,7,4
11618,528,391,4
11619,528,932,3
11620,528,2,4
11621,528,512,4
11622,528,219,2.5
11623,528,207,3
11624,528,251,2.5
11625,529,508,4
11626,529,211,4
11627,529,420,4
11628,530,220,3
11629,530,1339,3.5
11630,530,17,3
11631,530,2,2.5
11632,530,645,3.5
11633,530,4,4
11634,530,235,3
11635,530,217,4
11636,530,1,3
11637,530,236,4
11638,530,12,4
11639,530,246,4
11640,530,9,4
11641,530,205,3
11642,530,216,3
11643,530,247,3.5
11644,530,251,4
11645,530,255,3.5
11646,530,249,4
11647,530,207,2.5
11648,530,6,3
11649,530,239,3.5
11650,530,250,3.5
11651,530,233,3.5
11652,530,219,3.5
11653,530,244,4
11654,530,234,4
11655,530,212,4
11656,530,245,4
11657,530,211,4
11658,530,256,3
11659,530,3,3
11660,530,214,3.5
11661,530,8,3.5
11662,530,252,3
11663,530,11,4
11664,530,215,4
11665,530,13,4
11666,530,5,3
11667,530,7,3
11668,530,257,4
11669,530,640,4
11670,530,10,3
11671,531,1340,4
11672,531,299,4
11673,531,1026,4
11674,532,10,3
11675,532,13,3.5
11676,532,11,4
11677,532,1,2.5
11678,533,295,3.5
11679,533,1006,2
11680,533,278,4
11681,533,590,2
11682,533,606,2
11683,533,754,2.5
11684,533,781,4
11685,533,696,3.5
11686,533,211,3
11687,533,251,3.5
11688,533,529,2.5
11689,533,550,3
11690,533,183,3
11691,533,588,3
11692,533,835,4
11693,533,383,2.5
11694,533,545,4
11695,533,528,3
11696,533,220,3.5
11697,533,847,4
11698,533,391,4
11699,533,583,2.5
11700,533,425,3
11701,533,986,2.5
11702,533,534,3.5
11703,533,589,2.5
11704,533,536,1.5
11705,533,2,2.5
11706,533,379,4
11707,533,233,4
11708,533,236,3
11709,533,523,1.5
11710,533,219,3
11711,533,307,3.5
11712,533,17,3.5
11713,533,478,2.5
11714,533,542,4
11715,533,242,3
11716,533,314,3
11717,533,445,0.5
11718,533,535,4
11719,533,1001,4
11720,533,675,2.5
11721,533,740,3
11722,533,522,2.5
11723,533,389,2.5
11724,533,604,2.5
11725,533,525,4
11726,533,941,2.5
11727,533,293,3
11728,533,294,3.5
11729,533,960,1
11730,533,984,2
11731,533,531,3
11732,533,266,1.5
11733,533,345,2.5
11734,533,709,3
11735,533,70,3.5
11736,533,533,2.5
11737,533,520,3
11738,533,549,2
11739,533,489,4
11740,533,712,3.5
11741,533,537,2
11742,533,5,2.5
11743,533,167,3
11744,533,787,4
11745,533,241,3
11746,533,59,3
11747,533,543,3.5
11748,533,286,4
11749,533,392,4
11750,533,486,2
11751,533,218,3.5
11752,533,397,2.5
11753,533,356,0.5
11754,533,8,2.5
11755,533,977,2
11756,533,681,2.5
11757,533,739,1.5
11758,533,435,4
11759,533,250,3.5
11760,534,251,3.5
11761,534,214,3.5
11762,534,7,3
11763,534,1,4
11764,534,207,2.5
11765,534,211,2.5
11766,534,215,3
11767,534,234,4
11768,534,235,3
11769,534,241,2.5
11770,534,245,2.5
11771,534,205,2.5
11772,534,13,3.5
11773,535,251,2
11774,535,246,2.5
11775,535,236,0.5
11776,535,213,3.5
11777,535,235,1
11778,535,9,3.5
11779,535,255,2.5
11780,535,216,1.5
11781,535,210,3.5
11782,535,252,3.5
11783,535,205,1.5
11784,535,1,2
11785,535,248,2.5
11786,535,8,4
11787,535,254,2.5
11788,535,13,2
11789,535,215,2.5
11790,535,243,3
11791,535,245,1.5
11792,535,84,3
11793,535,217,2.5
11794,535,5,2
11795,535,256,2
11796,535,241,2
11797,535,211,3
11798,535,11,3.5
11799,535,219,3
11800,535,253,3.5
11801,535,4,3.5
11802,535,6,2.5
11803,535,233,3
11804,535,207,3
11805,535,250,2.5
11806,535,206,3.5
11807,535,121,2.5
11808,535,244,3
11809,535,17,1.5
11810,535,7,4
11811,535,12,1
11812,535,234,3
11813,535,247,3.5
11814,535,220,1
11815,535,249,2
11816,535,239,3
11817,535,10,4
11818,535,212,3
11819,535,257,0.5
11820,535,214,3.5
11821,535,2,3.5
11822,535,3,3
11823,536,244,2
11824,536,217,2
11825,536,4,3.5
11826,536,7,3.5
11827,536,239,2
11828,536,254,2.5
11829,536,13,1.5
11830,536,10,1.5
11831,536,9,3.5
11832,536,210,2
11833,536,8,2.5
11834,536,220,1.5
11835,536,253,1.5
11836,536,245,2.5
11837,536,246,2
11838,536,251,1.5
11839,536,212,2
11840,536,84,3
11841,536,248,3
11842,536,243,2.5
11843,536,234,2
11844,536,1,2.5
11845,536,241,3
11846,536,252,2
11847,536,215,1
11848,536,235,1
11849,536,216,2
11850,536,255,2
11851,536,207,3
11852,536,5,2.5
11853,536,249,2.5
11854,536,206,2
11855,536,211,2
11856,536,257,2.5
11857,536,12,3
11858,536,121,2.5
11859,536,6,3
11860,536,3,2.5
11861,536,236,3.5
11862,536,205,2
11863,536,214,1.5
11864,536,250,2.5
11865,536,247,2.5
11866,536,233,3
11867,536,219,1.5
11868,536,213,2.5
11869,536,256,3
11870,536,11,3.5
11871,536,2,2.5
11872,536,17,1.5
11873,537,235,1.5
11874,537,12,0.5
11875,537,206,3.5
11876,537,17,3
11877,537,1,2.5
11878,537,253,2.5
11879,537,239,3.5
11880,537,9,4
11881,537,247,3
11882,537,5,3.5
11883,537,216,1.5
11884,537,217,1
11885,537,205,2.5
11886,537,214,3
11887,537,220,1
11888,537,256,3
11889,537,250,0.5
11890,537,233,3
11891,537,246,3.5
11892,537,234,2
11893,537,3,1
11894,537,213,4
11895,537,257,0.5
11896,537,7,1.5
11897,537,219,1.5
11898,537,243,0.5
11899,537,236,4
11900,537,210,3
11901,537,254,2.5
11902,537,215,3.5
11903,537,241,1
11904,537,248,1
11905,537,1017,2
11906,537,249,4
11907,537,6,2
11908,537,13,4
11909,537,2,2
11910,537,211,3
11911,537,245,3
11912,537,4,2.5
11913,537,207,3.5
11914,537,252,2
11915,537,255,1
11916,537,212,2
11917,537,121,0.5
11918,537,10,3.5
11919,537,8,3
11920,537,11,3
11921,537,84,3
11922,537,251,3.5
11923,537,244,3
11924,538,210,4
11925,538,252,2
11926,538,215,3.5
11927,538,248,4
11928,538,6,2
11929,538,13,3.5
11930,538,545,4
11931,538,211,3.5
11932,538,245,3
11933,538,4,3.5
11934,538,207,4
11935,538,255,3.5
11936,538,212,3.5
11937,538,10,2.5
11938,538,8,3.5
11939,538,11,3.5
11940,538,84,3.5
11941,538,244,3.5
11942,538,206,3
11943,538,253,3.5
11944,538,17,2
11945,538,1,3
11946,538,239,3
11947,538,247,3.5
11948,538,5,3.5
11949,538,216,2
11950,538,217,4
11951,538,205,4
11952,538,214,4
11953,538,256,4
11954,538,233,3.5
11955,538,246,3
11956,538,234,3
11957,538,3,1.5
11958,538,213,3.5
11959,538,2,4
11960,538,7,4
11961,538,219,2.5
11962,539,9,4
11963,539,1,3
11964,539,121,3
11965,539,255,4
11966,539,220,3
11967,539,214,3.5
11968,539,84,4
11969,539,246,3.5
11970,539,12,3
11971,539,247,3
11972,539,239,3
11973,539,3,2.5
11974,539,256,2.5
11975,539,210,3.5
11976,539,8,3.5
11977,539,217,3.5
11978,539,206,4
11979,539,253,2.5
11980,539,212,4
11981,539,6,4
11982,539,4,3
11983,539,251,4
11984,539,241,2.5
11985,539,257,3
11986,539,17,3.5
11987,539,213,3.5
11988,539,219,4
11989,539,244,4
11990,539,207,2.5
11991,539,216,2.5
11992,539,254,2.5
11993,539,235,2.5
11994,539,11,3.5
11995,539,250,4
11996,539,249,4
11997,539,211,4
11998,539,13,4
11999,539,2,3
12000,539,233,3
12001,539,252,3
12002,539,5,3
12003,539,243,3.5
12004,539,7,2
12005,539,215,4
12006,539,234,2.5
12007,539,10,3
12008,539,248,3.5
12009,539,245,4
12010,539,236,3
12011,539,205,4
12012,540,253,4
12013,540,1,4
12014,540,220,3
12015,540,256,3
12016,540,217,3.5
12017,540,236,3
12018,540,211,4
12019,540,13,4
12020,540,212,4
12021,540,1341,4
12022,540,5,3
12023,540,12,3
12024,540,241,3
12025,540,6,2.5
12026,540,8,4
12027,540,234,4
12028,540,121,2.5
12029,540,1342,1
12030,540,207,2
12031,540,251,3.5
12032,540,235,4
12033,540,250,3
12034,540,219,3.5
12035,540,4,3.5
12036,540,9,3
12037,540,7,4
12038,540,1054,2.5
12039,540,257,3
12040,540,214,4
12041,540,205,3
12042,540,2,3
12043,540,17,4
12044,540,233,4
12045,540,215,4
12046,540,3,3.5
12047,540,11,4
12048,541,250,3.5
12049,541,3,2.5
12050,541,434,4
12051,541,297,4
12052,541,249,3
12053,541,6,3
12054,541,7,1.5
12055,541,219,3.5
12056,541,243,2
12057,541,236,3
12058,541,1343,4
12059,541,255,2.5
12060,541,212,4
12061,541,8,3
12062,541,215,4
12063,541,11,3
12064,541,241,3
12065,541,13,3
12066,541,150,4
12067,541,1344,3
12068,541,267,4
12069,541,245,3
12070,541,207,2.5
12071,541,9,3
12072,541,1345,2.5
12073,541,900,3.5
12074,541,242,3.5
12075,541,1346,4
12076,541,17,4
12077,541,234,3
12078,541,5,2.5
12079,541,1173,3.5
12080,541,342,4
12081,541,1347,4
12082,541,689,3.5
12083,541,205,2.5
12084,542,7,3
12085,542,239,2.5
12086,542,1,3.5
12087,542,17,3.5
12088,542,8,4
12089,542,11,4
12090,542,9,4
12091,542,211,4
12092,542,10,3
12093,542,214,4
12094,542,675,4
12095,542,236,4
12096,542,213,2.5
12097,543,215,4
12098,544,220,4
12099,544,121,4
12100,544,245,4
12101,544,239,4
12102,544,256,3.5
12103,544,8,4
12104,544,211,3.5
12105,544,3,2.5
12106,544,17,4
12107,544,2,4
12108,544,214,3.5
12109,544,243,3.5
12110,544,234,3.5
12111,544,212,3
12112,544,12,3.5
12113,544,254,3.5
12114,544,250,4
12115,544,207,3.5
12116,544,251,4
12117,544,235,3
12118,544,11,4
12119,544,253,2
12120,544,236,4
12121,544,247,3.5
12122,544,10,3.5
12123,544,7,3.5
12124,544,210,4
12125,544,233,3.5
12126,544,219,4
12127,544,13,4
12128,544,1,3.5
12129,544,5,4
12130,544,6,4
12131,544,249,3
12132,544,216,3.5
12133,544,257,3.5
12134,544,84,4
12135,544,244,3.5
12136,544,9,4
12137,544,248,3.5
12138,544,215,2.5
12139,544,213,4
12140,544,252,4
12141,544,241,4
12142,544,205,3.5
12143,544,246,3
12144,544,206,4
12145,544,4,4
12146,544,255,4
12147,544,217,4
12148,545,10,2.5
12149,545,11,3.5
12150,545,215,4
12151,545,13,2.5
12152,545,250,3.5
12153,546,675,4
12154,546,241,4
12155,546,216,4
12156,546,1116,3.5
12157,546,714,2.5
12158,546,721,3
12159,546,592,1.5
12160,546,206,4
12161,546,7,3.5
12162,546,251,3
12163,546,391,3.5
12164,546,489,1
12165,546,12,2.5
12166,546,207,4
12167,546,425,3
12168,546,432,3.5
12169,546,687,3
12170,546,1348,2
12171,546,1,4
12172,546,702,3.5
12173,546,211,2.5
12174,546,13,4
12175,546,900,4
12176,546,235,3.5
12177,546,1349,3.5
12178,546,897,1
12179,546,318,4
12180,546,245,3
12181,546,512,3
12182,546,638,4
12183,547,6,3
12184,547,235,2
12185,547,5,2.5
12186,547,212,4
12187,547,252,2.5
12188,547,1,3
12189,547,211,3
12190,547,213,3.5
12191,547,244,2
12192,547,214,3.5
12193,547,3,3.5
12194,547,4,4
12195,547,247,3.5
12196,547,245,3
12197,547,241,2
12198,547,219,2.5
12199,547,215,4
12200,547,207,4
12201,547,256,2
12202,547,205,2.5
12203,547,246,3
12204,547,84,1.5
12205,547,13,4
12206,547,210,0.5
12207,547,257,1
12208,547,11,4
12209,547,254,3
12210,547,12,2.5
12211,547,17,3
12212,547,243,1
12213,547,249,2
12214,547,253,3
12215,547,220,2.5
12216,547,239,4
12217,547,250,3
12218,547,233,2
12219,547,7,4
12220,547,8,2
12221,547,255,2.5
12222,547,234,2.5
12223,547,10,3.5
12224,547,121,2
12225,547,251,3
12226,547,206,3.5
12227,547,2,2.5
12228,547,217,2.5
12229,547,216,2.5
12230,547,9,3.5
12231,547,236,2
12232,547,248,4
12233,548,256,1
12234,548,215,3.5
12235,548,17,4
12236,548,205,3
12237,548,255,2
12238,548,214,4
12239,548,220,2
12240,548,245,2
12241,548,239,4
12242,548,234,2.5
12243,548,207,4
12244,548,251,2
12245,548,235,0.5
12246,548,253,1
12247,548,8,4
12248,548,211,1
12249,548,3,1.5
12250,548,247,3
12251,548,2,4
12252,548,219,4
12253,548,243,1
12254,548,12,1
12255,548,212,4
12256,548,254,3
12257,548,250,1
12258,548,6,1.5
12259,548,11,2
12260,548,236,3
12261,548,249,1
12262,548,84,1
12263,548,244,1.5
12264,548,10,4
12265,548,7,4
12266,548,210,1
12267,548,233,3
12268,548,248,1
12269,548,13,3
12270,548,1,2
12271,548,5,1
12272,548,213,3.5
12273,548,252,2.5
12274,548,241,3
12275,548,216,3.5
12276,548,257,3
12277,548,246,1
12278,548,206,2.5
12279,548,4,1
12280,548,217,1.5
12281,548,9,1.5
12282,548,121,3
12283,549,13,3
12284,549,235,1.5
12285,549,3,3
12286,549,233,3.5
12287,549,256,3
12288,549,205,1.5
12289,549,213,2.5
12290,549,255,3
12291,549,207,3
12292,549,214,3
12293,549,84,0.5
12294,549,17,2
12295,549,234,2.5
12296,549,211,3
12297,549,249,3
12298,549,246,2.5
12299,549,245,2.5
12300,549,250,2.5
12301,549,9,2.5
12302,549,254,2.5
12303,549,121,4
12304,549,241,3
12305,549,216,1.5
12306,549,210,2.5
12307,549,252,2.5
12308,549,219,3.5
12309,549,212,3
12310,549,6,3
12311,549,11,3
12312,549,2,2
12313,549,8,3
12314,549,248,1.5
12315,549,217,3.5
12316,549,239,2.5
12317,549,253,3
12318,549,220,2
12319,549,243,3.5
12320,549,236,3.5
12321,549,244,2.5
12322,549,206,2.5
12323,549,7,2.5
12324,549,251,3
12325,549,4,2
12326,549,247,3
12327,549,257,3.5
12328,549,12,2.5
12329,549,10,3
12330,549,5,2.5
12331,549,1,3.5
12332,549,215,2
12333,550,13,4
12334,550,239,1.5
12335,550,10,4
12336,550,4,3
12337,550,254,2.5
12338,550,219,4
12339,550,233,2
12340,550,213,3
12341,550,11,4
12342,550,250,2.5
12343,550,9,3.5
12344,550,5,4
12345,550,245,3.5
12346,550,257,1.5
12347,550,234,1.5
12348,550,270,0.5
12349,550,220,3
12350,550,206,3
12351,550,12,4
12352,550,7,2.5
12353,550,211,2.5
12354,550,1,4
12355,550,1350,2.5
12356,550,217,3.5
12357,550,262,2.5
12358,550,84,0.5
12359,550,235,4
12360,550,241,2
12361,550,251,2.5
12362,550,207,4
12363,550,214,3.5
12364,550,3,2.5
12365,551,7,4
12366,551,11,3
12367,551,1,3.5
12368,551,241,3.5
12369,551,12,2
12370,551,239,4
12371,552,239,1.5
12372,552,216,2.5
12373,552,7,4
12374,552,13,3
12375,552,10,2
12376,552,12,1.5
12377,552,241,2.5
12378,552,1,2
12379,552,207,3
12380,552,3,3
12381,553,206,2.5
12382,553,211,2.5
12383,553,205,3
12384,553,7,4
12385,553,235,4
12386,553,11,3.5
12387,553,8,0.5
12388,553,13,3.5
12389,553,1,3.5
12390,553,10,4
12391,553,207,4
12392,553,12,4
12393,553,210,2.5
12394,554,7,4
12395,554,398,4
12396,554,207,3
12397,554,307,4
12398,554,11,4
12399,554,12,3
12400,554,2,2.5
12401,554,4,4
12402,554,8,4
12403,554,318,4
12404,554,5,4
12405,555,255,3.5
12406,555,214,3
12407,555,220,4
12408,555,245,4
12409,555,239,3
12410,555,234,2.5
12411,555,207,3
12412,555,251,4
12413,555,235,4
12414,555,253,3.5
12415,555,8,4
12416,555,211,3.5
12417,555,3,3.5
12418,555,247,3.5
12419,555,2,4
12420,555,7,4
12421,555,219,3.5
12422,555,12,3.5
12423,555,254,3.5
12424,555,250,3.5
12425,555,6,3.5
12426,555,11,4
12427,555,236,3
12428,555,244,3.5
12429,555,10,3.5
12430,555,210,3.5
12431,555,13,4
12432,555,5,3
12433,555,1,3
12434,555,213,3
12435,555,252,3.5
12436,555,241,3
12437,555,216,3.5
12438,555,257,3
12439,555,4,4
12440,555,217,4
12441,555,9,3
12442,555,256,4
12443,555,215,3.5
12444,555,17,3.5
12445,555,205,3
12446,556,251,3.5
12447,556,17,3.5
12448,556,822,3
12449,556,1351,3
12450,556,12,3.5
12451,556,880,4
12452,556,1174,3
12453,556,1352,2
12454,556,434,4
12455,556,59,4
12456,556,2,3
12457,556,3,3.5
12458,556,5,3.5
12459,556,7,3
12460,556,9,4
12461,556,219,3
12462,556,638,4
12463,557,217,4
12464,557,246,3.5
12465,557,233,3.5
12466,557,249,0.5
12467,557,215,4
12468,557,214,2.5
12469,557,213,3
12470,557,8,3
12471,557,248,1.5
12472,557,17,2.5
12473,557,243,1.5
12474,557,255,2.5
12475,557,241,1.5
12476,557,256,4
12477,557,236,3
12478,557,9,4
12479,557,3,3.5
12480,557,254,3
12481,557,7,3
12482,557,239,3
12483,557,210,2.5
12484,557,211,3.5
12485,557,10,3.5
12486,557,4,1.5
12487,557,219,0.5
12488,557,1,3
12489,557,235,4
12490,557,247,3.5
12491,557,2,3
12492,557,252,3.5
12493,557,245,2.5
12494,557,206,3.5
12495,557,121,3
12496,557,12,4
12497,557,250,1.5
12498,557,6,3.5
12499,557,220,1
12500,557,244,2.5
12501,557,257,2
12502,557,13,4
12503,557,11,3
12504,557,5,3
12505,557,207,3.5
12506,557,205,3
12507,557,234,3.5
12508,557,251,3.5
12509,557,216,1.5
12510,557,253,2
12511,557,84,3.5
12512,557,212,3.5
12513,558,13,3.5
12514,559,12,1.5
12515,559,241,3.5
12516,559,6,3
12517,559,216,2
12518,559,219,1.5
12519,559,210,1.5
12520,559,236,1.5
12521,559,3,2.5
12522,559,13,2.5
12523,559,17,0.5
12524,559,235,1.5
12525,559,239,2.5
12526,559,256,1
12527,559,214,3
12528,559,8,1.5
12529,559,249,2
12530,559,4,1
12531,559,213,1
12532,559,7,2.5
12533,559,212,0.5
12534,559,84,2.5
12535,559,251,2
12536,559,253,1
12537,559,245,0.5
12538,559,257,0.5
12539,559,215,2.5
12540,559,121,2.5
12541,559,243,2
12542,559,220,2.5
12543,559,250,1.5
12544,559,1,3.5
12545,559,244,2
12546,559,9,0.5
12547,559,11,2.5
12548,559,5,3
12549,559,10,1.5
12550,559,206,4
12551,559,234,1.5
12552,559,205,4
12553,559,233,1.5
12554,559,255,1.5
12555,559,246,3.5
12556,559,2,4
12557,559,248,2
12558,559,247,2
12559,559,254,2
12560,559,217,4
12561,559,207,3
12562,559,252,1.5
12563,559,211,2
12564,560,17,4
12565,560,10,4
12566,560,11,3.5
12567,560,253,3.5
12568,560,13,3.5
12569,560,9,3
12570,560,250,3.5
12571,560,7,2
12572,560,2,2.5
12573,561,214,2.5
12574,561,243,2.5
12575,561,12,3.5
12576,561,234,3
12577,561,212,3
12578,561,254,2.5
12579,561,250,3
12580,561,207,3
12581,561,251,2.5
12582,561,235,3.5
12583,561,11,3
12584,561,253,3.5
12585,561,236,4
12586,561,211,1.5
12587,561,247,3
12588,561,10,4
12589,561,7,3.5
12590,561,210,2
12591,561,233,3
12592,561,219,3.5
12593,561,13,2
12594,561,1,3
12595,561,5,3
12596,561,6,3
12597,561,249,3.5
12598,561,216,2.5
12599,561,257,2.5
12600,561,84,3
12601,561,244,2.5
12602,561,9,3.5
12603,561,248,4
12604,561,215,3
12605,561,213,3
12606,561,252,2
12607,561,241,3.5
12608,561,205,3.5
12609,561,206,2.5
12610,561,246,3
12611,561,4,2
12612,561,255,1.5
12613,561,217,2.5
12614,561,220,3
12615,561,121,3.5
12616,561,245,2.5
12617,561,239,2
12618,561,256,3.5
12619,561,8,3
12620,561,3,3.5
12621,561,17,1.5
12622,561,2,1.5
12623,562,236,1.5
12624,562,7,2
12625,562,787,2.5
12626,562,805,1.5
12627,562,4,3.5
12628,562,781,4
12629,562,251,2
12630,562,1072,4
12631,562,3,3.5
12632,562,205,3.5
12633,562,255,2.5
12634,562,17,1
12635,562,441,1.5
12636,562,501,1
12637,562,250,2.5
12638,562,9,1.5
12639,562,254,2.5
12640,562,675,1
12641,562,477,0.5
12642,562,482,0.5
12643,562,219,3
12644,562,11,2.5
12645,562,242,3
12646,562,2,2
12647,562,245,0.5
12648,562,443,1.5
12649,562,253,4
12650,563,2,4
12651,563,442,0.5
12652,563,7,3.5
12653,563,3,3
12654,563,10,4
12655,563,215,4
12656,564,13,3
12657,564,11,4
12658,564,257,3
12659,564,4,4
12660,564,9,2.5
12661,565,241,3.5
12662,566,205,3
12663,566,246,2.5
12664,566,206,3
12665,566,4,3.5
12666,566,255,2.5
12667,566,217,3
12668,566,220,2
12669,566,121,2
12670,566,245,2.5
12671,566,239,3.5
12672,566,256,3
12673,566,8,2.5
12674,566,3,2
12675,566,17,2.5
12676,566,2,2.5
12677,566,214,3
12678,566,243,3.5
12679,566,234,2.5
12680,566,212,3.5
12681,566,12,2.5
12682,566,254,2.5
12683,566,207,2
12684,566,250,2.5
12685,566,251,2.5
12686,566,235,2
12687,566,253,2.5
12688,566,236,2
12689,566,211,2.5
12690,566,247,3.5
12691,566,10,2.5
12692,566,7,2
12693,566,210,2.5
12694,566,233,2.5
12695,566,13,3.5
12696,566,219,2.5
12697,566,1,1.5
12698,566,5,2.5
12699,566,6,2.5
12700,566,11,3.5
12701,566,249,2.5
12702,566,216,2.5
12703,566,257,2.5
12704,566,84,3.5
12705,566,244,2.5
12706,566,9,3.5
12707,566,248,3
12708,566,215,3
12709,566,213,3
12710,566,252,2.5
12711,566,241,2
12712,567,1,4
12713,567,12,2.5
12714,567,217,4
12715,567,235,3
12716,567,5,4
12717,567,7,4
12718,567,17,4
12719,567,236,3.5
12720,567,219,3.5
12721,567,207,4
12722,567,241,3
12723,567,205,3
12724,567,206,3
12725,568,1276,3.5
12726,568,217,2.5
12727,568,1280,3.5
12728,568,3,0.5
12729,568,213,3
12730,568,8,3
12731,568,264,1.5
12732,568,1353,2.5
12733,568,1283,3.5
12734,568,1277,4
12735,568,7,3.5
12736,568,239,3
12737,568,257,2
12738,568,1031,2
12739,568,247,3
12740,568,207,3.5
12741,568,245,2
12742,568,1284,1
12743,568,12,2.5
12744,568,1285,2
12745,568,220,3.5
12746,568,13,3
12747,568,1282,0.5
12748,568,1281,1.5
12749,568,1278,3
12750,568,842,4
12751,568,675,4
12752,568,205,1
12753,568,17,3
12754,569,4,3
12755,569,6,3.5
12756,569,233,2.5
12757,569,207,2
12758,569,206,4
12759,569,250,2.5
12760,569,1121,1.5
12761,569,17,4
12762,569,7,2
12763,569,12,4
12764,569,234,3
12765,569,220,2.5
12766,569,239,3
12767,569,10,2
12768,569,212,4
12769,569,214,3
12770,569,257,2.5
12771,569,2,2.5
12772,569,3,3
12773,569,251,4
12774,569,247,3
12775,569,236,3.5
12776,569,213,4
12777,569,235,2.5
12778,569,9,3.5
12779,569,255,4
12780,569,216,2
12781,569,210,3
12782,569,205,4
12783,569,1,4
12784,569,8,3.5
12785,569,254,4
12786,569,13,4
12787,569,215,4
12788,569,245,2.5
12789,569,84,2.5
12790,569,217,3
12791,569,5,4
12792,569,241,2.5
12793,569,211,3.5
12794,569,11,3.5
12795,569,219,3
12796,570,247,3.5
12797,570,2,2.5
12798,570,7,2.5
12799,570,219,3.5
12800,570,12,3
12801,570,212,4
12802,570,1354,1.5
12803,570,250,3.5
12804,570,6,3.5
12805,570,11,3.5
12806,570,249,4
12807,570,244,3
12808,570,10,2.5
12809,570,233,3.5
12810,570,13,3
12811,570,1,3
12812,570,5,3
12813,570,252,3
12814,570,241,3.5
12815,570,216,4
12816,570,246,3
12817,570,4,4
12818,570,1355,2
12819,570,217,2
12820,570,9,3
12821,570,121,3
12822,570,256,3
12823,570,215,4
12824,570,205,3
12825,570,255,3.5
12826,570,220,2
12827,570,245,4
12828,570,239,3
12829,570,234,3
12830,570,207,2
12831,570,1356,2.5
12832,570,251,3
12833,570,253,3.5
12834,570,211,3.5
12835,571,214,3.5
12836,571,257,3.5
12837,571,210,3.5
12838,571,2,4
12839,571,3,4
12840,571,1,3
12841,571,251,3
12842,571,246,3.5
12843,571,236,4
12844,571,213,3
12845,571,9,3
12846,571,235,3
12847,571,255,3.5
12848,571,216,3.5
12849,571,252,3
12850,571,205,3.5
12851,571,248,3.5
12852,571,8,4
12853,571,254,3
12854,571,13,4
12855,571,215,4
12856,571,243,3.5
12857,571,245,4
12858,571,84,3.5
12859,571,217,4
12860,571,5,4
12861,571,256,3
12862,571,241,3
12863,571,211,3
12864,571,11,4
12865,571,219,4
12866,571,253,3.5
12867,571,4,3
12868,571,6,3.5
12869,571,233,3
12870,571,207,3
12871,571,250,3.5
12872,571,206,4
12873,571,121,3
12874,571,244,3.5
12875,571,17,4
12876,571,7,4
12877,571,12,4
12878,571,234,3
12879,571,247,3
12880,571,220,4
12881,571,249,3.5
12882,571,239,4
12883,571,10,3
12884,571,212,3
12885,572,2,2.5
12886,572,219,3.5
12887,572,1357,0.5
12888,572,17,2.5
12889,572,11,4
12890,572,245,3.5
12891,572,6,4
12892,572,5,4
12893,572,236,4
12894,572,13,4
12895,572,1027,4
12896,572,7,4
12897,572,1,2
12898,572,4,3.5
12899,572,207,3.5
12900,572,8,2.5
12901,573,211,2.5
12902,573,206,3
12903,573,1,3
12904,573,12,1
12905,573,250,3
12906,573,9,3
12907,573,3,3
12908,573,5,3.5
12909,573,7,4
12910,573,2,3.5
12911,573,236,3.5
12912,573,219,3.5
12913,573,207,3.5
12914,574,206,3.5
12915,574,7,1.5
12916,574,213,2
12917,574,11,4
12918,574,9,3.5
12919,574,8,3
12920,574,236,4
12921,574,5,3.5
12922,574,12,1.5
12923,574,4,4
12924,574,2,4
12925,575,216,3
12926,575,11,3
12927,575,2,3
12928,575,9,3
12929,575,220,2
12930,575,206,2.5
12931,575,4,2.5
12932,575,12,2.5
12933,575,236,3
12934,575,215,3
12935,575,7,3.5
12936,575,3,3
12937,575,233,2
12938,575,205,3
12939,575,213,3
12940,575,255,3
12941,575,10,1.5
12942,575,5,3
12943,575,1,2.5
12944,575,13,2
12945,576,219,2.5
12946,576,13,4
12947,576,5,4
12948,576,11,4
12949,576,249,3.5
12950,576,216,4
12951,576,257,3.5
12952,576,244,2.5
12953,576,9,4
12954,576,215,4
12955,576,213,4
12956,576,241,4
12957,576,246,4
12958,576,206,4
12959,576,4,4
12960,576,220,4
12961,576,121,4
12962,576,245,4
12963,576,239,4
12964,576,256,4
12965,576,8,4
12966,576,3,3.5
12967,576,17,4
12968,576,2,4
12969,576,12,4
12970,576,254,4
12971,576,250,4
12972,576,207,4
12973,576,251,4
12974,576,253,4
12975,576,236,4
12976,576,211,3.5
12977,576,247,4
12978,576,10,4
12979,576,7,3
12980,577,17,3
12981,577,236,3.5
12982,577,211,2
12983,577,8,4
12984,577,2,4
12985,578,1358,3
12986,578,236,1.5
12987,578,1359,3.5
12988,578,85,3
12989,578,1360,2
12990,578,1121,3.5
12991,578,1019,3.5
12992,578,1097,3.5
12993,578,431,4
12994,578,1060,3.5
12995,578,561,3
12996,578,436,4
12997,578,1274,3.5
12998,578,1123,3.5
12999,578,207,1
13000,578,451,3.5
13001,578,1056,3.5
13002,578,1361,3
13003,578,7,4
13004,578,1362,3.5
13005,578,1363,3
13006,578,638,3.5
13007,578,143,3
13008,578,554,2.5
13009,578,1364,3
13010,578,313,3.5
13011,578,410,3.5
13012,578,656,3.5
13013,578,1365,3
13014,578,897,2.5
13015,578,218,4
13016,578,1037,2.5
13017,578,1366,4
13018,578,606,3
13019,578,1367,3.5
13020,578,408,3
13021,578,1368,3
13022,578,297,3
13023,578,242,4
13024,579,17,3
13025,579,207,3
13026,579,2,4
13027,579,220,3
13028,579,5,3.5
13029,579,213,4
13030,579,236,4
13031,579,206,4
13032,579,7,3
13033,579,8,4
13034,579,13,4
13035,579,121,3
13036,579,1,2.5
13037,579,11,3
13038,579,253,4
13039,580,205,3
13040,580,17,2
13041,580,248,4
13042,580,233,4
13043,580,210,4
13044,580,3,3.5
13045,580,11,3.5
13046,580,253,2.5
13047,580,1,4
13048,580,220,4
13049,580,256,4
13050,580,212,3
13051,580,236,0.5
13052,580,10,4
13053,580,255,4
13054,580,84,2.5
13055,580,5,4
13056,580,12,3.5
13057,580,8,4
13058,580,207,4
13059,580,235,3
13060,580,239,3
13061,580,2,3.5
13062,580,219,3.5
13063,580,4,2.5
13064,580,9,2.5
13065,580,7,3
13066,581,7,4
13067,581,11,4
13068,581,236,3
13069,582,104,3.5
13070,583,3,2
13071,583,220,4
13072,583,7,3.5
13073,583,9,3.5
13074,583,239,2.5
13075,583,11,2
13076,583,8,1.5
13077,583,17,3
13078,583,10,3
13079,583,5,3.5
13080,583,4,3
13081,583,236,2.5
13082,583,2,2.5
13083,584,254,3
13084,584,10,4
13085,584,377,4
13086,584,207,2
13087,584,7,3.5
13088,584,1,2
13089,584,13,3
13090,584,2,4
13091,584,219,3
13092,585,235,2
13093,585,211,0.5
13094,585,10,2
13095,585,7,2.5
13096,585,219,2.5
13097,585,13,3.5
13098,585,212,0.5
13099,585,1,3
13100,585,5,2
13101,585,6,3.5
13102,585,11,4
13103,585,216,3.5
13104,585,257,1.5
13105,585,210,3
13106,585,9,2
13107,585,248,1.5
13108,585,215,3
13109,585,213,1.5
13110,585,205,1.5
13111,585,4,0.5
13112,585,255,2.5
13113,585,217,1.5
13114,585,239,2
13115,585,256,3
13116,585,8,4
13117,585,3,1
13118,585,17,3
13119,585,2,2.5
13120,585,214,3
13121,585,251,1.5
13122,586,251,3.5
13123,586,84,3.5
13124,586,206,4
13125,586,1369,4
13126,586,241,3
13127,586,236,3.5
13128,586,234,3
13129,586,2,2.5
13130,586,13,4
13131,586,1,3
13132,586,8,4
13133,586,212,3.5
13134,586,213,3.5
13135,586,216,3.5
13136,586,3,3
13137,586,239,2
13138,586,246,3
13139,586,205,3.5
13140,586,12,2.5
13141,586,220,3.5
13142,586,17,3
13143,586,11,2.5
13144,586,215,3
13145,587,433,3
13146,587,59,4
13147,587,614,3.5
13148,587,8,3
13149,587,214,2
13150,587,462,3
13151,587,7,3
13152,587,392,3.5
13153,587,444,2.5
13154,587,900,0.5
13155,587,297,3.5
13156,587,294,4
13157,587,215,3
13158,587,2,2.5
13159,587,213,3
13160,587,764,3
13161,587,235,3.5
13162,587,13,2.5
13163,587,243,3.5
13164,587,612,3.5
13165,587,606,3
13166,587,1,2.5
13167,587,236,3.5
13168,587,847,4
13169,587,466,3
13170,587,520,3
13171,587,805,4
13172,587,17,4
13173,587,696,2
13174,587,251,1.5
13175,587,613,3
13176,587,218,3
13177,587,339,3
13178,587,582,3
13179,587,239,4
13180,587,172,3.5
13181,587,583,2
13182,587,719,1
13183,587,217,3
13184,587,242,2.5
13185,587,234,3
13186,587,398,4
13187,587,286,3
13188,587,211,4
13189,587,216,2.5
13190,587,807,1
13191,587,1054,1.5
13192,587,318,3
13193,587,336,1
13194,587,244,1
13195,587,252,3.5
13196,587,638,2.5
13197,587,455,3
13198,587,948,4
13199,587,397,2.5
13200,587,898,3.5
13201,587,513,3.5
13202,587,347,3.5
13203,588,709,1.5
13204,588,673,2
13205,588,220,4
13206,588,666,4
13207,588,1193,0.5
13208,588,310,2
13209,588,672,4
13210,588,1370,3
13211,588,872,3.5
13212,588,670,4
13213,588,714,3
13214,588,6,3.5
13215,588,669,4
13216,588,806,0.5
13217,588,250,2.5
13218,588,494,0.5
13219,588,674,2.5
13220,588,671,4
13221,588,739,4
13222,588,958,1.5
13223,588,667,3
13224,588,4,2
13225,589,219,3.5
13226,589,9,4
13227,589,205,3
13228,589,17,3
13229,589,233,3.5
13230,589,215,2.5
13231,589,3,4
13232,589,220,4
13233,589,212,3.5
13234,589,245,3.5
13235,589,255,4
13236,589,13,3.5
13237,589,84,3
13238,589,249,4
13239,589,246,3
13240,589,5,3.5
13241,589,6,3
13242,589,1183,4
13243,589,251,4
13244,590,207,2
13245,590,7,2.5
13246,590,239,3
13247,590,247,3.5
13248,590,241,2
13249,590,1,3
13250,590,17,2.5
13251,590,210,3.5
13252,590,235,3.5
13253,590,2,2
13254,590,12,1
13255,590,206,3.5
13256,590,216,2.5
13257,590,13,2
13258,590,205,3.5
13259,590,251,2.5
13260,591,958,3.5
13261,591,220,4
13262,591,335,4
13263,591,218,4
13264,591,1371,3.5
13265,591,274,3.5
13266,591,70,2.5
13267,591,529,3
13268,591,753,3.5
13269,591,835,3.5
13270,591,435,3.5
13271,591,410,3
13272,591,739,3
13273,591,697,4
13274,591,267,3
13275,591,398,3.5
13276,591,307,4
13277,591,923,0.5
13278,591,148,3.5
13279,591,234,4
13280,591,207,4
13281,591,397,2.5
13282,591,723,2.5
13283,591,657,3.5
13284,591,419,3.5
13285,591,658,4
13286,591,585,2
13287,591,389,2
13288,591,715,4
13289,591,592,2.5
13290,591,522,3
13291,591,694,0.5
13292,591,847,1
13293,591,287,3.5
13294,591,26,3.5
13295,591,706,4
13296,591,606,3.5
13297,591,336,3.5
13298,591,932,2.5
13299,591,520,3.5
13300,591,91,4
13301,591,928,3
13302,591,512,3.5
13303,591,740,3.5
13304,591,690,3.5
13305,591,588,4
13306,591,746,3
13307,591,318,4
13308,591,7,4
13309,591,521,3
13310,591,391,3
13311,591,696,4
13312,591,675,4
13313,591,583,3
13314,591,339,3
13315,591,698,3
13316,591,925,4
13317,591,351,3.5
13318,591,59,3
13319,591,985,3
13320,591,265,3.5
13321,591,765,3.5
13322,591,432,3
13323,591,499,3.5
13324,591,941,2
13325,591,284,3
13326,591,750,3.5
13327,591,278,4
13328,591,486,2
13329,591,700,0.5
13330,591,294,4
13331,591,242,4
13332,591,17,3
13333,591,933,3
13334,591,293,4
13335,591,787,4
13336,591,781,3.5
13337,592,3,2
13338,592,4,3.5
13339,592,219,4
13340,592,1,1.5
13341,592,7,3.5
13342,592,17,1.5
13343,592,236,1.5
13344,592,205,3.5
13345,592,250,3.5
13346,592,502,4
13347,592,253,3
13348,592,12,4
13349,592,11,3.5
13350,592,235,3.5
13351,593,220,3
13352,593,521,4
13353,593,8,3
13354,593,211,3.5
13355,593,1,3
13356,593,13,4
13357,593,7,4
13358,593,245,2
13359,593,2,3
13360,593,213,4
13361,593,11,2.5
13362,593,207,3
13363,593,239,3.5
13364,593,241,3.5
13365,594,10,4
13366,594,207,3.5
13367,594,239,4
13368,594,236,4
13369,594,5,4
13370,595,1,4
13371,595,207,4
13372,595,219,3.5
13373,595,236,3
13374,595,17,2
13375,595,7,2.5
13376,596,215,4
13377,597,10,3
13378,597,9,4
13379,597,8,3.5
13380,597,220,3.5
13381,597,234,3
13382,597,1,3.5
13383,597,241,3
13384,597,235,2
13385,597,216,3
13386,597,255,3.5
13387,597,207,4
13388,597,5,4
13389,597,12,4
13390,597,121,4
13391,597,6,3.5
13392,597,3,4
13393,597,236,3.5
13394,597,205,4
13395,597,7,2.5
13396,597,233,3.5
13397,597,219,2
13398,597,11,4
13399,597,2,4
13400,597,4,4
13401,597,254,3
13402,597,13,2
13403,598,17,4
13404,598,1,4
13405,598,207,4
13406,598,3,4
13407,598,5,4
13408,598,4,4
13409,598,7,4
13410,598,235,4
13411,598,219,4
13412,598,239,4
13413,598,10,4
13414,598,11,4
13415,599,13,3.5
13416,599,1,3
13417,600,241,4
13418,600,4,4
13419,600,2,4
13420,600,13,4
13421,600,1,4
13422,600,205,4
13423,600,5,4
13424,600,7,3.5
13425,600,207,4
13426,600,10,3.5
13427,600,3,3.5
13428,600,243,0.5
13429,600,11,4
13430,601,215,3.5
13431,601,84,2.5
13432,601,4,4
13433,601,5,4
13434,601,6,2.5
13435,601,207,3.5
13436,601,7,3
13437,601,234,2.5
13438,601,241,3
13439,601,211,3
13440,601,11,4
13441,601,253,4
13442,601,257,2
13443,601,233,2.5
13444,601,206,3
13445,601,121,3
13446,601,3,3
13447,601,244,3.5
13448,601,17,3
13449,601,12,3.5
13450,601,220,3
13451,601,239,3
13452,601,10,3.5
13453,601,9,2.5
13454,601,2,3
13455,601,1,3
13456,601,8,3
13457,601,254,2.5
13458,601,251,3
13459,601,217,3
13460,601,236,3.5
13461,601,213,3.5
13462,601,235,3
13463,601,255,3
13464,601,216,2.5
13465,601,205,4
13466,601,13,4
13467,602,215,3
13468,603,236,2.5
13469,603,2,3.5
13470,603,213,3.5
13471,603,207,2.5
13472,603,239,3.5
13473,603,12,3.5
13474,603,241,3
13475,603,220,3.5
13476,603,1,3
13477,603,13,4
13478,603,3,3.5
13479,603,7,4
13480,603,17,2.5
13481,603,215,1
13482,603,211,4
13483,604,257,4
13484,604,11,4
13485,604,2,4
13486,604,7,4
13487,605,1372,4
13488,606,219,2.5
13489,606,5,0.5
13490,606,8,2
13491,606,213,0.5
13492,606,216,2.5
13493,606,234,1
13494,606,121,3.5
13495,606,2,3
13496,606,3,1.5
13497,606,257,0.5
13498,606,1,2.5
13499,606,9,2
13500,606,211,1
13501,606,212,4
13502,606,244,0.5
13503,606,245,3
13504,606,214,1
13505,606,235,3
13506,606,246,3.5
13507,606,205,1
13508,606,210,3
13509,606,247,1.5
13510,606,10,1
13511,606,239,3
13512,606,248,2
13513,606,12,3.5
13514,606,249,0.5
13515,606,243,4
13516,606,220,2
13517,606,11,2.5
13518,606,215,3
13519,606,250,2
13520,606,251,1
13521,606,84,0.5
13522,606,252,1.5
13523,606,7,2.5
13524,606,233,3
13525,606,217,3
13526,606,241,3.5
13527,606,6,0.5
13528,606,17,3
13529,606,253,3.5
13530,606,254,1
13531,606,255,0.5
13532,606,236,1.5
13533,606,206,3.5
13534,606,4,1
13535,606,13,1
13536,606,207,4
13537,606,256,2.5
13538,607,215,3.5
13539,607,235,3.5
13540,607,219,4
13541,607,17,4
13542,607,11,4
13543,607,205,4
13544,607,12,3
13545,607,5,3.5
13546,607,236,3.5
13547,607,4,3.5
13548,607,7,4
13549,607,1,3.5
13550,607,2,4
13551,607,207,3.5
13552,608,205,1.5
13553,608,1373,3
13554,608,8,3.5
13555,608,13,2.5
13556,608,215,3
13557,608,243,4
13558,608,5,3.5
13559,608,241,2
13560,608,211,2.5
13561,608,11,4
13562,608,219,4
13563,608,4,3
13564,608,6,4
13565,608,207,2
13566,608,206,4
13567,608,17,3.5
13568,608,7,4
13569,608,12,3.5
13570,608,247,3.5
13571,608,220,2.5
13572,608,239,2.5
13573,608,10,2
13574,608,257,3.5
13575,608,210,3
13576,608,2,2
13577,608,3,2.5
13578,608,1,3
13579,608,246,1.5
13580,608,236,4
13581,608,213,3
13582,608,235,3
13583,608,9,4
13584,609,207,1.5
13585,609,7,3
13586,609,2,3
13587,609,12,2
13588,609,236,2.5
13589,610,17,3
13590,610,246,3
13591,610,254,3.5
13592,610,241,4
13593,610,84,4
13594,610,216,3
13595,610,219,3
13596,610,212,2.5
13597,610,11,4
13598,610,2,4
13599,610,245,3.5
13600,610,9,4
13601,610,217,3.5
13602,610,4,4
13603,610,8,4
13604,610,257,4
13605,610,239,4
13606,610,12,3
13607,610,10,3.5
13608,610,243,3.5
13609,610,215,4
13610,610,13,4
13611,610,3,3
13612,610,233,3
13613,610,205,2.5
13614,610,213,3
13615,610,255,3
13616,610,207,4
13617,610,1,4
13618,611,257,2
13619,611,7,2
13620,611,11,3.5
13621,611,206,1.5
13622,611,9,3
13623,611,12,3
13624,611,211,1.5
13625,611,4,3.5
13626,611,1,2.5
13627,611,2,3
13628,611,5,3
13629,612,215,1.5
13630,612,589,4
13631,612,13,3
13632,613,207,4
13633,613,214,1.5
13634,613,5,1
13635,613,1,4
13636,613,17,3
13637,613,234,3
13638,613,211,3.5
13639,613,249,2
13640,613,246,2
13641,613,250,2
13642,613,9,2
13643,613,256,2.5
13644,613,254,3
13645,613,241,4
13646,613,216,2
13647,613,84,3.5
13648,613,252,4
13649,613,219,3.5
13650,613,212,1.5
13651,613,6,3
13652,613,11,4
13653,613,2,4
13654,613,245,3.5
13655,613,248,1.5
13656,613,217,3
13657,613,253,1.5
13658,613,220,2
13659,613,243,2.5
13660,613,236,1
13661,613,121,2.5
13662,613,244,3.5
13663,613,210,2.5
13664,613,7,4
13665,613,206,4
13666,613,4,3.5
13667,613,247,3
13668,613,8,4
13669,613,257,3
13670,613,239,4
13671,613,12,3
13672,613,10,3.5
13673,613,215,4
13674,613,13,3.5
13675,613,251,2
13676,613,235,3.5
13677,613,3,2.5
13678,613,233,3
13679,613,205,2.5
13680,613,213,3.5
13681,613,255,2
13682,614,233,2.5
13683,614,217,2.5
13684,614,318,4
13685,614,17,3.5
13686,614,255,4
13687,614,1362,3
13688,614,7,2.5
13689,614,1055,3.5
13690,614,236,2
13691,614,206,3.5
13692,614,4,3
13693,614,13,3.5
13694,614,5,3
13695,614,8,3
13696,614,213,4
13697,614,2,3.5
13698,614,3,3
13699,614,1374,3
13700,614,1375,1.5
13701,614,219,2.5
13702,614,1,3
13703,614,9,2.5
13704,614,211,3
13705,614,212,3
13706,614,245,2.5
13707,614,246,3
13708,614,205,3
13709,614,10,2.5
13710,614,247,3
13711,614,239,4
13712,614,12,3
13713,614,249,2.5
13714,614,11,4
13715,614,220,3
13716,614,215,4
13717,614,250,3
13718,614,251,3
13719,614,84,2.5
13720,614,252,4
13721,615,9,3
13722,615,215,2.5
13723,615,5,3.5
13724,615,213,4
13725,615,252,3.5
13726,615,205,0.5
13727,615,216,2
13728,615,206,3
13729,615,4,4
13730,615,217,2
13731,615,220,3.5
13732,615,121,3.5
13733,615,239,3
13734,615,256,4
13735,615,3,4
13736,615,17,3
13737,615,255,3.5
13738,615,245,2
13739,615,234,3.5
13740,615,254,2.5
13741,615,207,3.5
13742,615,251,3
13743,615,236,4
13744,615,211,4
13745,615,10,4
13746,615,7,2.5
13747,615,233,4
13748,615,219,3.5
13749,615,13,2
13750,615,212,3
13751,615,1,3
13752,615,6,3.5
13753,615,11,4
13754,616,235,4
13755,616,205,3
13756,616,10,3.5
13757,616,12,3
13758,616,220,3.5
13759,616,17,3.5
13760,616,11,4
13761,616,7,4
13762,616,541,0.5
13763,616,253,1.5
13764,616,254,3
13765,616,548,2
13766,616,255,2.5
13767,616,4,3.5
13768,616,1059,4
13769,616,376,4
13770,616,13,2
13771,616,793,1
13772,616,207,3
13773,616,5,3.5
13774,616,216,1.5
13775,616,181,3.5
13776,616,2,3.5
13777,616,898,2
13778,616,1054,3.5
13779,616,3,3.5
13780,616,468,2
13781,616,1,3.5
13782,616,214,3
13783,616,769,3.5
13784,617,84,3
13785,617,10,3
13786,617,13,3.5
13787,617,1,4
13788,617,5,3.5
13789,617,241,4
13790,617,217,4
13791,617,9,2.5
13792,617,392,4
13793,617,215,4
13794,617,945,3
13795,617,205,3
13796,617,255,4
13797,617,207,3.5
13798,617,251,3
13799,617,1360,4
13800,617,235,3.5
13801,617,3,3
13802,617,2,3.5
13803,617,7,1.5
13804,617,12,1.5
13805,617,254,3.5
13806,617,250,3
13807,617,236,2.5
13808,618,17,4
13809,618,16,3.5
13810,618,96,4
13811,618,241,2
13812,618,216,2
13813,618,219,3.5
13814,618,11,3.5
13815,618,2,3
13816,618,8,3.5
13817,618,236,4
13818,618,434,4
13819,618,4,3.5
13820,618,5,4
13821,618,211,4
13822,618,3,3.5
13823,619,309,4
13824,619,270,3
13825,620,207,3.5
13826,620,12,1.5
13827,620,245,3.5
13828,620,172,3
13829,620,1376,3
13830,620,3,3
13831,620,246,2.5
13832,620,5,2
13833,620,7,4
13834,620,235,2.5
13835,620,211,2.5
13836,620,1055,4
13837,621,236,2.5
13838,621,8,2
13839,621,7,3.5
13840,621,11,3
13841,622,220,3
13842,622,241,2.5
13843,622,210,3
13844,622,219,4
13845,622,11,3.5
13846,622,2,3
13847,622,8,3
13848,622,239,3
13849,622,253,2.5
13850,622,243,3
13851,622,236,3
13852,622,7,3
13853,622,251,3
13854,622,4,3.5
13855,622,257,2.5
13856,622,12,3.5
13857,622,207,2
13858,622,5,3
13859,622,1,3.5
13860,622,215,3.5
13861,622,13,2.5
13862,622,235,3
13863,622,3,3.5
13864,622,205,3.5
13865,622,255,4
13866,622,214,3
13867,622,84,2.5
13868,622,17,3
13869,622,211,3.5
13870,622,246,3
13871,622,250,3.5
13872,622,9,3.5
13873,623,215,2
13874,623,1,4
13875,623,7,4
13876,623,205,4
13877,623,2,4
13878,623,11,4
13879,623,207,4
13880,623,3,2.5
13881,624,577,3
13882,625,220,4
13883,625,217,4
13884,625,17,4
13885,625,10,4
13886,625,211,4
13887,625,13,4
13888,625,212,4
13889,625,252,4
13890,625,5,4
13891,625,12,4
13892,625,241,4
13893,625,6,4
13894,625,8,4
13895,625,234,4
13896,625,216,4
13897,625,121,4
13898,625,207,4
13899,625,235,4
13900,625,254,4
13901,625,219,4
13902,625,9,4
13903,625,7,4
13904,625,246,4
13905,625,206,4
13906,625,257,4
13907,625,247,4
13908,625,214,4
13909,625,205,4
13910,625,239,4
13911,625,213,4
13912,625,2,4
13913,625,4,4
13914,625,233,4
13915,625,215,4
13916,625,3,4
13917,625,11,4
13918,625,253,4
13919,625,1,4
13920,626,636,4
13921,626,313,1
13922,626,986,2
13923,626,523,0.5
13924,626,148,3.5
13925,626,1194,4
13926,626,254,3.5
13927,626,296,4
13928,626,750,3.5
13929,626,434,4
13930,626,1377,2
13931,626,281,3.5
13932,626,160,4
13933,626,207,2.5
13934,626,1195,3.5
13935,626,499,2.5
13936,626,705,4
13937,626,213,3
13938,626,658,4
13939,626,1378,4
13940,626,1379,4
13941,626,1033,3.5
13942,626,480,3.5
13943,626,386,4
13944,626,606,3
13945,626,216,3.5
13946,626,477,4
13947,626,983,1
13948,626,1049,4
13949,626,1380,3
13950,626,59,4
13951,626,12,2.5
13952,626,100,0.5
13953,626,1381,1
13954,626,8,3.5
13955,626,582,4
13956,626,215,3.5
13957,626,1382,0.5
13958,626,236,3
13959,626,303,3.5
13960,626,698,2
13961,626,5,4
13962,626,1257,4
13963,626,806,4
13964,626,1383,3.5
13965,626,1384,0.5
13966,626,205,3
13967,626,1385,4
13968,626,211,4
13969,626,1386,4
13970,626,9,3
13971,626,805,4
13972,626,391,3
13973,626,267,3.5
13974,626,204,4
13975,626,1387,0.5
13976,626,43,4
13977,626,299,3.5
13978,626,486,4
13979,626,340,3
13980,626,1050,1
13981,626,1388,4
13982,626,284,3.5
13983,626,1389,3.5
13984,626,10,2
13985,626,895,3.5
13986,626,1,3.5
13987,626,638,4
13988,626,11,3.5
13989,626,729,4
13990,626,1390,4
13991,626,250,4
13992,626,169,1.5
13993,626,657,3.5
13994,626,675,4
13995,626,958,3.5
13996,626,400,4
13997,626,1391,3
13998,626,269,3.5
13999,626,219,2.5
14000,626,17,3.5
14001,626,1392,4
14002,626,693,1
14003,626,1393,1
14004,626,531,2.5
14005,626,7,3.5
14006,626,1091,4
14007,626,1029,4
14008,626,389,0.5
14009,626,715,2.5
14010,627,7,3.5
14011,627,3,3
14012,627,11,4
14013,627,215,3.5
14014,627,13,4
14015,628,10,1.5
14016,628,7,4
14017,628,313,3
14018,628,233,2.5
14019,628,13,3
14020,628,1,3.5
14021,628,5,3
14022,628,241,4
14023,628,216,3.5
14024,628,257,4
14025,628,217,2
14026,628,607,4
14027,628,215,3
14028,628,213,3.5
14029,628,17,4
14030,628,617,4
14031,628,214,3
14032,628,220,3.5
14033,628,239,2
14034,628,234,1
14035,628,550,4
14036,628,251,3
14037,628,1394,3.5
14038,628,235,2
14039,628,211,3.5
14040,628,3,2.5
14041,628,1395,4
14042,628,512,4
14043,628,219,3.5
14044,628,12,1.5
14045,628,207,1.5
14046,628,91,2
14047,628,11,2.5
14048,628,253,3
14049,629,235,3
14050,629,250,3.5
14051,629,213,3
14052,629,219,3.5
14053,629,7,3.5
14054,629,246,2
14055,629,206,4
14056,629,205,4
14057,629,239,2
14058,629,2,3
14059,629,215,2.5
14060,629,3,2.5
14061,629,1,3.5
14062,629,217,3
14063,629,17,3.5
14064,629,10,3
14065,629,13,4
14066,629,245,3
14067,629,236,2.5
14068,629,5,3
14069,629,12,2
14070,629,241,3
14071,629,8,3
14072,629,216,4
14073,629,121,3
14074,629,207,2
14075,629,251,3
14076,630,235,4
14077,630,239,4
14078,630,213,3
14079,630,2,4
14080,630,254,2
14081,630,4,3.5
14082,630,9,1
14083,630,7,4
14084,630,210,1
14085,630,206,3
14086,630,257,3.5
14087,630,247,1
14088,630,214,2
14089,630,205,3
14090,630,243,3
14091,630,17,3.5
14092,630,215,3
14093,630,233,3.5
14094,630,248,3
14095,630,3,3.5
14096,630,11,4
14097,630,1,3
14098,630,253,2
14099,630,220,4
14100,630,256,3
14101,630,212,3
14102,630,217,3.5
14103,630,245,1.5
14104,630,236,4
14105,630,244,3.5
14106,630,5,2
14107,630,12,3
14108,630,8,3.5
14109,630,255,1.5
14110,630,234,3.5
14111,630,10,1.5
14112,630,211,4
14113,630,216,2
14114,630,13,2.5
14115,630,121,3
14116,630,84,3.5
14117,630,207,4
14118,630,251,3.5
14119,630,249,2.5
14120,630,250,4
14121,630,219,4
14122,630,252,1.5
14123,630,246,3
14124,630,241,4
14125,630,6,3
14126,631,239,2
14127,631,247,3
14128,631,5,3
14129,631,213,3.5
14130,631,216,4
14131,631,257,3
14132,631,205,2
14133,631,214,4
14134,631,220,1
14135,631,256,3
14136,631,250,3.5
14137,631,254,3.5
14138,631,233,1
14139,631,234,1.5
14140,631,3,2.5
14141,631,249,4
14142,631,6,2
14143,631,2,4
14144,631,7,2
14145,631,219,3
14146,631,211,2.5
14147,631,243,2
14148,631,236,3.5
14149,631,210,2
14150,631,252,3
14151,631,255,2
14152,631,212,1.5
14153,631,8,2.5
14154,631,215,3.5
14155,631,11,4
14156,631,241,2
14157,631,248,3.5
14158,631,13,3
14159,631,251,2.5
14160,631,245,2.5
14161,631,4,2.5
14162,631,207,1.5
14163,631,1,3.5
14164,631,253,2.5
14165,631,9,1
14166,631,10,2
14167,631,121,2.5
14168,631,84,3
14169,631,217,3
14170,631,244,2.5
14171,631,12,1
14172,631,206,3
14173,631,17,1
14174,631,246,3.5
14175,631,235,1.5
14176,632,7,4
14177,632,539,4
14178,632,2,4
14179,632,8,4
14180,632,234,4
14181,632,6,4
14182,632,9,4
14183,632,11,3.5
14184,633,251,3.5
14185,633,84,3
14186,633,252,2.5
14187,633,7,3
14188,633,233,3
14189,633,217,3
14190,633,241,3
14191,633,6,3.5
14192,633,253,3.5
14193,633,254,3.5
14194,633,255,3
14195,633,236,4
14196,633,206,4
14197,633,4,4
14198,633,13,4
14199,633,207,3
14200,633,256,3
14201,633,219,2.5
14202,633,5,3
14203,633,8,3
14204,633,213,4
14205,633,216,3.5
14206,633,234,3
14207,633,121,3.5
14208,633,2,3.5
14209,633,3,3.5
14210,633,257,1.5
14211,633,239,4
14212,633,1,2
14213,633,9,4
14214,633,211,3
14215,633,212,3
14216,633,244,3.5
14217,633,245,3.5
14218,633,214,3.5
14219,633,235,2
14220,633,246,3.5
14221,633,205,3.5
14222,633,210,3.5
14223,633,247,4
14224,633,10,3.5
14225,633,248,2
14226,633,12,2.5
14227,633,249,2.5
14228,633,243,1.5
14229,633,220,3.5
14230,633,17,3
14231,633,11,4
14232,633,215,3
14233,633,250,3.5
14234,634,253,2.5
14235,634,11,1.5
14236,634,215,2
14237,634,207,2.5
14238,634,254,2
14239,634,17,3.5
14240,634,12,2
14241,634,236,3
14242,634,13,2
14243,634,814,4
14244,634,600,3
14245,634,10,1.5
14246,635,12,4
14247,636,702,3.5
14248,636,1220,2
14249,636,159,0.5
14250,637,1396,1
14251,637,1397,3
14252,637,1121,4
14253,637,385,4
14254,637,236,4
14255,637,241,3
14256,637,123,4
14257,637,597,1
14258,637,890,4
14259,637,593,2
14260,637,92,2.5
14261,637,1,0.5
14262,637,583,1.5
14263,637,7,3.5
14264,637,1218,1
14265,637,487,1
14266,638,3,3.5
14267,638,205,4
14268,638,255,3.5
14269,638,207,4
14270,638,10,4
14271,638,5,4
14272,638,218,4
14273,638,1,3
14274,638,17,2
14275,638,211,2.5
14276,638,335,4
14277,638,719,2
14278,638,1121,2
14279,638,250,4
14280,638,241,4
14281,638,216,3
14282,638,84,3.5
14283,638,219,4
14284,638,717,4
14285,638,242,4
14286,638,11,4
14287,638,2,4
14288,638,245,2
14289,638,9,3
14290,638,210,4
14291,638,434,4
14292,638,4,3
14293,638,8,2.5
14294,638,12,3
14295,638,215,2.5
14296,638,446,4
14297,638,7,4
14298,638,13,4
14299,639,2,4
14300,639,11,4
14301,639,207,3
14302,639,205,3.5
14303,639,216,3
14304,639,10,3.5
14305,639,12,2.5
14306,639,246,4
14307,639,235,2.5
14308,639,1,3.5
14309,639,4,2.5
14310,639,7,3.5
14311,639,17,3
14312,640,207,2
14313,640,1398,4
14314,640,17,3.5
14315,640,1399,3.5
14316,640,7,3
14317,640,2,2
14318,640,1400,3
14319,640,1,2
14320,640,1401,4
14321,640,1402,3
14322,640,1403,3
14323,640,1404,4
14324,640,1405,3
14325,641,257,1
14326,641,84,1.5
14327,641,241,4
14328,641,17,4
14329,641,213,4
14330,641,10,3
14331,641,4,4
14332,641,217,4
14333,641,11,4
14334,641,207,1
14335,641,5,0.5
14336,641,9,3
14337,641,7,4
14338,641,2,4
14339,641,8,2
14340,641,239,4
14341,641,235,2.5
14342,641,254,1.5
14343,642,207,3.5
14344,642,215,3.5
14345,642,212,2.5
14346,642,216,2.5
14347,642,236,4
14348,642,11,4
14349,642,214,2.5
14350,642,205,2.5
14351,642,1,3.5
14352,642,211,4
14353,642,213,3
14354,642,13,3.5
14355,642,2,4
14356,642,17,4
14357,642,12,3
14358,642,10,3
14359,642,3,3
14360,643,257,2.5
14361,643,233,3
14362,643,17,4
14363,643,218,4
14364,643,236,3.5
14365,643,13,2.5
14366,643,7,4
14367,643,1,3
14368,643,2,4
14369,643,207,4
14370,644,777,4
14371,644,760,3
14372,644,2,3.5
14373,644,1,3
14374,644,121,2
14375,644,7,3
14376,644,434,4
14377,644,207,3
14378,644,784,4
14379,645,11,3
14380,645,236,4
14381,645,7,3
14382,645,913,4
14383,645,13,2
14384,645,496,3.5
14385,645,6,3
14386,645,9,4
14387,645,542,3.5
14388,645,215,3
14389,645,1406,1
14390,645,241,2.5
14391,645,4,3
14392,645,477,3.5
14393,645,8,1.5
14394,645,3,2.5
14395,645,17,4
14396,645,2,3
14397,645,359,3.5
14398,645,435,4
14399,645,234,1.5
14400,645,59,4
14401,645,250,2.5
14402,646,1,3
14403,646,233,3.5
14404,646,365,4
14405,646,12,3.5
14406,646,17,3
14407,646,2,4
14408,646,219,3
14409,646,256,4
14410,646,205,3.5
14411,646,207,3
14412,646,215,4
14413,646,216,3
14414,646,11,3.5
14415,646,251,3
14416,646,220,4
14417,647,245,2.5
14418,647,239,2.5
14419,647,207,3
14420,647,235,3
14421,647,8,3
14422,647,3,2
14423,647,7,4
14424,647,219,2
14425,647,1,3
14426,647,11,2.5
14427,647,777,4
14428,647,10,2
14429,647,233,2.5
14430,647,13,2.5
14431,647,5,3
14432,647,216,3
14433,647,206,2.5
14434,647,17,3
14435,647,205,2
14436,647,1002,4
14437,647,665,4
14438,648,255,3.5
14439,648,5,4
14440,648,1,1.5
14441,648,17,3
14442,648,234,3
14443,648,9,4
14444,648,216,2.5
14445,648,219,4
14446,648,11,3.5
14447,648,2,3.5
14448,648,8,4
14449,648,217,3
14450,648,239,3
14451,648,236,3
14452,648,7,4
14453,648,4,3.5
14454,648,12,3
14455,648,10,1.5
14456,648,215,3.5
14457,648,13,3
14458,648,3,4
14459,648,233,4
14460,648,213,3.5
14461,649,13,3
14462,649,4,4
14463,649,215,0.5
14464,650,9,2.5
14465,650,236,2
14466,650,4,3
14467,650,11,4
14468,650,1,3
14469,650,620,4
14470,650,638,4
14471,650,253,3
14472,650,7,2.5
14473,650,84,2.5
14474,650,205,3
14475,650,5,3.5
14476,650,641,3.5
14477,650,17,2
14478,650,3,3.5
14479,650,207,2.5
14480,650,215,3
14481,651,210,3
14482,651,12,3
14483,651,11,0.5
14484,651,1,2.5
14485,651,233,2.5
14486,651,255,1.5
14487,651,236,0.5
14488,651,217,4
14489,651,207,3
14490,651,7,3
14491,651,246,1.5
14492,651,17,0.5
14493,651,219,4
14494,651,205,4
14495,652,241,3.5
14496,652,3,3.5
14497,652,11,4
14498,652,7,3
14499,652,1,3
14500,652,205,3.5
14501,652,253,4
14502,652,8,4
14503,652,220,3.5
14504,652,235,3
14505,652,10,2
14506,652,212,2.5
14507,652,17,2.5
14508,652,13,3.5
14509,652,213,4
14510,653,239,2.5
14511,653,3,4
14512,653,17,3
14513,653,214,2.5
14514,653,234,3.5
14515,653,254,3.5
14516,653,250,3.5
14517,653,251,3.5
14518,653,235,3
14519,653,253,3.5
14520,653,236,1.5
14521,653,211,4
14522,653,247,2
14523,653,10,4
14524,653,7,4
14525,653,233,1.5
14526,653,219,4
14527,653,13,2
14528,653,1,3.5
14529,653,5,4
14530,653,11,3
14531,653,216,3.5
14532,653,9,2
14533,653,215,4
14534,653,252,4
14535,653,241,4
14536,653,205,1
14537,653,206,3
14538,653,4,2
14539,653,255,3
14540,653,217,3.5
14541,653,220,3.5
14542,654,1,3.5
14543,654,235,3
14544,654,12,3
14545,654,241,3
14546,654,10,4
14547,654,2,3.5
14548,655,245,1.5
14549,655,215,1
14550,655,254,2
14551,655,11,2.5
14552,655,12,4
14553,655,244,1.5
14554,655,10,3.5
14555,655,9,2.5
14556,655,1,3.5
14557,655,13,2.5
14558,655,7,2.5
14559,656,17,2.5
14560,656,236,3.5
14561,656,5,3.5
14562,656,13,2
14563,656,7,3
14564,656,252,2.5
14565,656,211,3.5
14566,656,9,3.5
14567,656,2,3
14568,656,12,2
14569,656,8,4
14570,656,257,2
14571,656,207,2
14572,656,239,2.5
14573,656,11,2.5
14574,656,10,1.5
14575,656,219,3.5
14576,656,220,3.5
14577,657,254,2
14578,657,251,1.5
14579,657,243,4
14580,657,245,2.5
14581,657,236,2.5
14582,657,217,4
14583,657,213,4
14584,657,235,0.5
14585,657,255,4
14586,657,216,3.5
14587,657,205,3
14588,657,252,3
14589,657,256,2
14590,657,248,1.5
14591,657,8,3
14592,657,13,3
14593,657,215,2.5
14594,657,84,2.5
14595,657,4,3
14596,657,5,4
14597,657,6,2.5
14598,657,207,2.5
14599,657,7,1
14600,657,241,2.5
14601,657,211,1
14602,657,234,3.5
14603,657,11,4
14604,657,219,3
14605,657,253,3
14606,657,257,3
14607,657,233,2
14608,657,250,3
14609,657,206,1.5
14610,657,121,2.5
14611,657,3,2
14612,657,244,1.5
14613,657,17,3
14614,657,12,2.5
14615,657,247,3.5
14616,657,220,1
14617,657,246,2.5
14618,657,249,2.5
14619,657,239,3.5
14620,657,10,2
14621,657,212,3.5
14622,657,9,3
14623,657,214,2.5
14624,657,210,3
14625,657,2,2.5
14626,657,1,3.5
14627,658,84,3
14628,658,252,3
14629,658,233,4
14630,658,217,4
14631,658,241,3.5
14632,658,6,3
14633,658,17,0.5
14634,658,253,2
14635,658,255,3
14636,658,7,3
14637,658,236,0.5
14638,658,206,3
14639,658,4,3
14640,658,13,3
14641,658,207,4
14642,658,256,4
14643,658,5,4
14644,658,8,2
14645,658,213,3
14646,658,254,3
14647,658,216,3
14648,658,234,3
14649,658,2,3.5
14650,658,3,3
14651,658,257,3
14652,658,219,3.5
14653,658,1,4
14654,658,9,3
14655,658,211,4
14656,658,214,3
14657,658,246,3.5
14658,658,205,4
14659,658,210,4
14660,658,10,4
14661,658,247,3
14662,658,239,3
14663,658,248,4
14664,658,12,3.5
14665,658,11,3.5
14666,658,220,3.5
14667,658,215,3
14668,658,245,3.5
14669,658,244,3
14670,658,251,3.5
14671,659,2,3
14672,659,678,3
14673,659,3,3
14674,659,215,2
14675,659,70,3
14676,659,719,1.5
14677,659,7,3.5
14678,659,239,3.5
14679,659,1,3
14680,659,17,3.5
14681,659,1174,3.5
14682,659,210,3.5
14683,659,347,4
14684,659,8,3
14685,659,219,3
14686,660,241,3
14687,660,6,3
14688,660,216,3
14689,660,219,2.5
14690,660,210,3.5
14691,660,236,3
14692,660,235,3
14693,660,3,3
14694,660,17,3.5
14695,660,13,4
14696,660,239,3.5
14697,660,254,2.5
14698,660,256,3
14699,660,214,3
14700,660,249,2.5
14701,660,211,3
14702,660,4,3
14703,660,213,3.5
14704,660,7,2.5
14705,660,84,3
14706,660,251,3.5
14707,660,253,4
14708,660,257,3.5
14709,660,215,4
14710,660,8,2.5
14711,660,121,3
14712,660,243,3.5
14713,660,220,3
14714,660,250,3
14715,660,9,3
14716,660,244,3
14717,660,245,3
14718,660,11,3.5
14719,660,10,3.5
14720,660,206,3.5
14721,660,234,3
14722,660,205,3
14723,660,255,2
14724,660,233,2.5
14725,660,246,2
14726,660,2,3
14727,660,248,2.5
14728,660,1,4
14729,660,247,3
14730,660,217,3
14731,660,207,3
14732,660,5,2.5
14733,660,252,2.5
14734,660,12,3
14735,661,10,2
14736,661,7,3.5
14737,661,210,3
14738,661,233,2
14739,661,219,2
14740,661,13,3
14741,661,1,1.5
14742,661,5,3
14743,661,6,2
14744,661,11,2.5
14745,661,249,1.5
14746,661,216,3
14747,661,257,2
14748,661,84,1.5
14749,661,244,3.5
14750,661,9,3.5
14751,661,248,1.5
14752,661,215,2
14753,661,213,1.5
14754,661,252,2.5
14755,661,241,1.5
14756,661,205,2.5
14757,661,206,1.5
14758,661,246,3
14759,661,4,1.5
14760,661,255,4
14761,661,217,3.5
14762,661,220,3
14763,661,121,2
14764,661,245,1.5
14765,661,239,2
14766,661,256,2
14767,661,8,2
14768,661,3,3.5
14769,661,17,2
14770,661,2,3.5
14771,661,214,3.5
14772,661,243,1
14773,661,12,1.5
14774,661,234,2.5
14775,661,212,2
14776,661,254,1.5
14777,661,250,2.5
14778,661,207,2
14779,661,251,1.5
14780,661,235,2
14781,661,236,1.5
14782,661,253,2
14783,661,211,2
14784,661,247,2
14785,662,211,4
14786,662,255,3.5
14787,662,216,2.5
14788,662,13,3
14789,662,511,4
14790,662,598,3
14791,662,219,3.5
14792,662,5,4
14793,662,8,4
14794,662,207,3
14795,662,239,2.5
14796,662,2,3
14797,662,4,4
14798,662,9,4
14799,662,7,3.5
14800,662,257,2.5
14801,662,1407,2.5
14802,662,641,3
14803,662,17,4
14804,662,11,4
14805,662,69,3
14806,662,1177,3.5
14807,662,236,4
14808,662,12,1.5
14809,663,211,3
14810,663,205,2
14811,663,5,3
14812,663,1,4
14813,663,7,4
14814,663,10,4
14815,663,245,2.5
14816,663,12,2.5
14817,663,9,3
14818,663,220,2.5
14819,663,239,3.5
14820,663,8,4
14821,663,6,2.5
14822,663,216,1.5
14823,663,3,3
14824,663,235,4
14825,663,4,3
14826,663,251,3
14827,663,17,4
14828,663,219,2.5
14829,663,207,4
14830,663,11,4
14831,663,236,3
14832,664,8,2.5
14833,664,236,3
14834,664,11,4
14835,664,12,3
14836,664,4,3.5
14837,664,2,4
14838,664,13,2.5
14839,664,207,3.5
14840,664,17,3.5
14841,664,10,2
14842,664,3,4
14843,664,215,3
14844,664,239,2.5
14845,664,7,4
14846,665,7,4
14847,665,257,2.5
14848,665,235,2
14849,665,1,3
14850,665,207,3
14851,665,2,4
14852,665,246,4
14853,666,205,3
14854,666,239,2.5
14855,666,2,3
14856,666,215,2
14857,666,233,2
14858,666,210,2.5
14859,666,3,2
14860,666,11,1
14861,666,1,3
14862,666,253,2
14863,666,220,3
14864,666,217,3
14865,666,17,2
14866,666,10,2
14867,666,211,1
14868,666,255,1.5
14869,666,13,3
14870,666,212,2
14871,666,245,2
14872,666,252,2
14873,666,244,2.5
14874,666,5,3.5
14875,666,12,2
14876,666,241,3.5
14877,666,6,3
14878,666,8,2
14879,666,234,2.5
14880,666,216,3
14881,666,121,3
14882,666,84,3.5
14883,666,207,2.5
14884,666,251,2
14885,666,249,2
14886,666,250,3
14887,666,213,3
14888,666,219,2
14889,666,254,4
14890,666,4,1
14891,666,9,2
14892,666,7,2.5
14893,666,246,3.5
14894,666,206,4
14895,666,257,2
14896,666,247,3
14897,666,214,3
14898,667,256,0.5
14899,667,3,0.5
14900,667,13,1
14901,667,214,0.5
14902,667,8,0.5
14903,667,5,1
14904,667,7,0.5
14905,667,206,0.5
14906,667,257,0.5
14907,667,10,0.5
14908,667,11,1
14909,667,220,0.5
14910,667,215,0.5
14911,667,2,0.5
14912,667,213,0.5
14913,667,4,0.5
14914,667,241,0.5
14915,667,235,0.5
14916,667,243,0.5
14917,667,1,0.5
14918,667,248,0.5
14919,667,236,0.5
14920,667,12,0.5
14921,667,205,0.5
14922,667,121,0.5
14923,667,247,0.5
14924,667,17,0.5
14925,667,251,0.5
14926,667,255,0.5
14927,667,249,0.5
14928,667,6,0.5
14929,667,239,0.5
14930,667,250,0.5
14931,667,217,0.5
14932,667,210,0.5
14933,667,219,0.5
14934,667,234,0.5
14935,667,253,0.5
14936,667,212,0.5
14937,667,246,0.5
14938,667,245,0.5
14939,667,9,0.5
14940,667,211,0.5
14941,667,216,0.5
14942,667,254,1
14943,667,207,0.5
14944,667,233,0.5
14945,667,84,0.5
14946,667,252,0.5
14947,667,244,0.5
14948,668,3,3
14949,668,256,3.5
14950,668,8,3.5
14951,668,217,3
14952,668,206,3.5
14953,668,4,4
14954,668,241,3
14955,668,17,4
14956,668,213,3
14957,668,219,3
14958,668,207,3
14959,668,216,3
14960,668,254,3
14961,668,235,3.5
14962,668,11,4
14963,668,250,3.5
14964,668,211,4
14965,668,2,3
14966,668,13,4
14967,668,233,3.5
14968,668,5,4
14969,668,7,3.5
14970,668,215,3.5
14971,668,234,3
14972,668,245,4
14973,668,205,3
14974,668,419,4
14975,668,1,3.5
14976,668,220,3.5
14977,668,10,3
14978,668,305,4
14979,669,255,3
14980,669,210,2
14981,669,2,3
14982,669,1,2
14983,669,8,2.5
14984,669,254,4
14985,669,13,3.5
14986,669,251,0.5
14987,669,243,1.5
14988,669,245,3
14989,669,236,3
14990,669,217,2.5
14991,669,213,4
14992,669,216,3
14993,669,205,2.5
14994,669,252,2.5
14995,669,256,2.5
14996,669,241,3
14997,669,248,3
14998,669,215,3.5
14999,669,11,3.5
15000,669,84,3.5
15001,669,253,4
15002,669,4,2
15003,669,5,2.5
15004,669,6,2
15005,669,233,2.5
15006,669,207,2.5
15007,669,121,2.5
15008,669,244,2
15009,669,7,4
15010,669,211,4
15011,669,234,3
15012,669,220,2
15013,669,219,3.5
15014,669,239,4
15015,669,10,3.5
15016,669,257,1.5
15017,669,214,4
15018,669,250,3
15019,669,206,1.5
15020,669,3,4
15021,669,17,3
15022,669,12,3
15023,669,247,3
15024,669,246,4
15025,669,249,4
15026,669,212,3.5
15027,669,235,3
15028,669,9,3
15029,670,540,3
15030,670,1157,3
15031,670,211,3
15032,670,1257,3
15033,670,1234,2
15034,670,57,3
15035,670,1408,4
15036,670,1148,1.5
15037,670,1153,3
15038,670,1409,2.5
15039,670,96,3
15040,670,704,2
15041,670,421,3
15042,670,1410,3.5
15043,670,1411,3.5
15044,670,1098,3.5
15045,670,1158,3
15046,670,1412,2.5
15047,670,1413,3.5
15048,670,1414,2.5
15049,670,1133,2.5
15050,670,519,3
15051,670,1074,2.5
15052,670,1415,3.5
15053,670,5,4
15054,670,391,3.5
15055,670,1416,3
15056,670,1131,2.5
15057,670,425,3.5
15058,670,363,3.5
15059,670,241,3.5
15060,670,1140,2
15061,670,1132,2.5
15062,670,1154,3
15063,670,1,3.5
15064,670,8,3.5
15065,670,1086,2.5
15066,670,330,3.5
15067,670,468,4
15068,670,1417,3.5
15069,670,1139,3.5
15070,670,739,3.5
15071,670,2,3.5
15072,670,159,3
15073,670,1418,3.5
15074,670,1183,3.5
15075,670,90,2.5
15076,670,1156,3.5
15077,670,1147,3
15078,670,1049,3.5
15079,670,1072,3
15080,670,877,3
15081,670,1144,2.5
15082,670,1256,2.5
15083,670,307,3.5
15084,670,640,2.5
15085,670,316,3.5
15086,670,17,4
15087,670,1108,2
15088,670,1014,3
15089,670,1178,3.5
15090,670,1419,2.5
15091,670,178,3.5
15092,670,9,3.5
15093,670,1420,3.5
15094,670,1283,3.5
15095,670,4,4
15096,670,1219,3
15097,670,1421,2.5
15098,670,1422,4
15099,670,755,3.5
15100,670,1106,2.5
15101,670,1423,3
15102,670,240,3
15103,670,1295,3
15104,670,10,3
15105,670,384,2.5
15106,670,1424,3
15107,670,1109,2.5
15108,670,1425,3
15109,670,841,3
15110,670,927,3.5
15111,670,1426,3
15112,670,1135,2.5
15113,670,699,3
15114,670,1427,3
15115,670,1428,3
15116,670,1138,3
15117,670,1151,2.5
15118,670,255,3
15119,670,1150,3
15120,670,1313,3.5
15121,670,1149,2.5
15122,670,1143,2.5
15123,670,216,3.5
15124,670,1152,2.5
15125,670,408,4
15126,670,1429,3
15127,670,144,3
15128,670,1430,3
15129,670,13,3
15130,670,1431,3.5
15131,670,236,4
15132,670,1173,3.5
15133,670,1432,2.5
15134,670,498,3
15135,670,392,3
15136,670,1433,3.5
15137,670,1434,3
15138,670,217,3
15139,670,7,4
15140,670,1155,3.5
15141,670,1141,2.5
15142,670,1134,3
15143,670,659,3.5
15144,670,777,2.5
15145,670,297,3.5
15146,670,3,3.5
15147,670,1146,2
15148,670,1278,3
15149,670,1363,4
15150,670,717,3
15151,670,6,3.5
15152,670,1435,2.5
15153,670,740,2.5
15154,670,714,3.5
15155,670,1436,4
15156,670,1145,2.5
15157,670,450,3
15158,670,416,2
15159,670,1437,3.5
15160,670,1438,2.5
15161,670,909,3
15162,670,1137,2.5
15163,670,207,3
15164,670,215,3.5
15165,670,1439,3.5
15166,671,1,4
15167,671,241,4
15168,671,534,4
15169,671,1440,4
15170,671,717,4
15171,671,216,3.5
15172,671,5,4
15173,671,249,2.5
15174,671,121,4
15175,671,6,3
15176,671,345,3.5
15177,671,213,3
15178,671,205,3
15179,671,2,3
15180,671,214,2.5
15181,671,250,3.5
15182,671,17,3
15183,671,167,3.5
15184,671,174,4
15185,671,585,3
15186,671,7,4
15187,671,239,4
15188,671,13,4
15189,671,307,4
15190,671,900,1
15191,671,8,4
15192,671,11,3.5
15193,671,1441,0.5
15194,671,1012,3.5
15195,671,218,4
15196,671,10,3
15197,671,9,3
15198,671,638,4
15199,671,220,4
15200,671,235,4
15201,671,448,4
15202,671,245,3
15203,671,253,4
15204,671,207,3.5
15205,671,675,4
15206,671,206,3.5
15207,671,12,4
15208,671,251,3
15209,671,3,4
15210,671,1442,4
15211,671,234,3.5
15212,672,84,2.5
15213,672,252,2.5
15214,672,233,3.5
15215,672,217,2.5
15216,672,241,3
15217,672,6,2
15218,672,248,3
15219,672,17,3.5
15220,672,253,3.5
15221,672,215,0.5
15222,672,255,3.5
15223,672,7,3
15224,672,236,3.5
15225,672,206,4
15226,672,4,4
15227,672,13,2.5
15228,672,207,3.5
15229,672,5,4
15230,672,8,3.5
15231,672,213,3.5
15232,672,254,4
15233,672,216,4
15234,672,234,2
15235,672,121,3
15236,672,2,4
15237,672,257,3
15238,672,256,3.5
15239,672,219,2.5
15240,672,1,4
15241,672,9,3
15242,672,211,4
15243,672,212,4
15244,672,214,4
15245,672,235,3
15246,672,246,3.5
15247,672,205,4
15248,672,210,3.5
15249,672,247,4
15250,672,3,4
15251,672,10,3.5
15252,672,239,4
15253,672,12,4
15254,672,243,3.5
15255,672,249,3.5
15256,672,220,3
15257,672,11,3.5
15258,672,250,3.5
15259,672,251,3.5
15260,672,244,3.5
15261,672,245,3.5
15262,673,246,2.5
15263,673,4,2
15264,673,255,2
15265,673,217,2
15266,673,220,2
15267,673,121,2.5
15268,673,245,2
15269,673,239,2
15270,673,256,2.5
15271,673,8,3
15272,673,3,2.5
15273,673,17,2
15274,673,2,3
15275,673,214,2.5
15276,673,243,2.5
15277,673,12,2
15278,673,234,2
15279,673,212,1.5
15280,673,254,2
15281,673,250,2
15282,673,207,3
15283,673,251,2.5
15284,673,235,2
15285,673,236,2
15286,673,253,2
15287,673,211,2
15288,673,247,2
15289,673,10,2
15290,673,7,3
15291,673,210,1.5
15292,673,233,3
15293,673,219,3
15294,673,13,2.5
15295,673,1,3
15296,673,5,3
15297,673,6,1
15298,673,11,3
15299,673,249,1.5
15300,673,216,2
15301,673,257,3
15302,673,84,2
15303,673,244,2.5
15304,673,9,3
15305,673,248,1.5
15306,673,215,2.5
15307,673,213,2
15308,673,252,2
15309,673,241,1.5
15310,673,205,1.5
15311,673,206,2
15312,674,239,4
15313,674,13,4
15314,674,245,4
15315,674,234,4
15316,674,10,3.5
15317,674,4,4
15318,674,254,4
15319,674,219,3.5
15320,674,17,4
15321,674,233,4
15322,674,12,4
15323,674,253,3.5
15324,674,213,3.5
15325,674,215,4
15326,674,8,3
15327,674,2,4
15328,674,9,4
15329,674,247,3.5
15330,674,5,3.5
15331,674,211,3.5
15332,674,257,4
15333,674,220,4
15334,674,206,3.5
15335,674,7,3.5
15336,674,248,4
15337,674,216,3.5
15338,674,217,4
15339,674,255,3.5
15340,674,252,4
15341,674,6,4
15342,674,210,3.5
15343,674,212,3.5
15344,674,84,4
15345,674,235,4
15346,674,246,4
15347,674,1,4
15348,674,249,3.5
15349,674,251,3.5
15350,674,256,3.5
15351,674,244,4
15352,674,205,3.5
15353,674,243,3.5
15354,674,241,3
15355,674,250,4
15356,674,11,4
15357,674,207,4
15358,674,214,4
15359,674,236,4
15360,674,121,4
15361,674,3,3.5
15362,675,2,3
15363,675,214,3.5
15364,675,243,4
15365,675,234,3.5
15366,675,212,3.5
15367,675,250,3.5
15368,675,207,3.5
15369,675,251,3.5
15370,675,11,4
15371,675,235,3.5
15372,675,253,3.5
15373,675,247,3
15374,675,10,3.5
15375,675,7,3
15376,675,210,3
15377,675,233,3.5
15378,675,219,4
15379,675,13,3.5
15380,675,1,3.5
15381,675,249,3.5
15382,675,216,4
15383,675,257,4
15384,675,84,3.5
15385,675,244,3.5
15386,675,9,3.5
15387,675,215,4
15388,675,213,3.5
15389,675,252,3.5
15390,675,241,3
15391,675,205,3.5
15392,675,246,4
15393,675,206,3.5
15394,675,4,4
15395,675,255,3.5
15396,675,217,3.5
15397,675,220,2.5
15398,675,121,3.5
15399,675,245,3.5
15400,675,239,3
15401,675,256,3.5
15402,675,8,3.5
15403,675,211,3.5
15404,675,3,3.5
15405,675,17,3.5
15406,676,12,3
15407,676,13,3
15408,676,233,2.5
15409,676,1,3
15410,676,17,3.5
15411,676,7,3.5
15412,676,239,4
15413,676,236,3.5
15414,677,9,4
15415,677,248,3
15416,677,215,4
15417,677,213,3.5
15418,677,205,4
15419,677,206,3
15420,677,246,4
15421,677,255,3
15422,677,214,1.5
15423,677,220,2
15424,677,121,4
15425,677,245,3.5
15426,677,239,4
15427,677,256,3
15428,677,251,3.5
15429,677,235,2.5
15430,677,8,3.5
15431,677,211,3
15432,677,3,2
15433,677,17,3.5
15434,677,2,3
15435,677,243,3
15436,677,12,2
15437,677,234,4
15438,677,212,4
15439,677,254,2
15440,677,250,4
15441,677,207,3
15442,677,11,3.5
15443,677,253,4
15444,677,236,2
15445,677,249,3
15446,677,84,3
15447,677,247,3.5
15448,677,244,3.5
15449,677,10,3
15450,677,7,2.5
15451,677,210,3.5
15452,677,233,3
15453,677,219,4
15454,677,13,4
15455,677,1,3
15456,677,5,2
15457,677,6,3.5
15458,677,252,4
15459,677,241,4
15460,677,216,3.5
15461,677,257,3
15462,677,4,4
15463,677,217,4
15464,678,17,2.5
15465,678,3,3.5
15466,678,253,3
15467,678,245,2.5
15468,678,236,3.5
15469,678,211,4
15470,678,255,2.5
15471,678,13,3.5
15472,678,250,4
15473,678,5,3.5
15474,678,12,1.5
15475,678,241,3.5
15476,678,251,3
15477,678,235,4
15478,678,2,3
15479,678,219,3.5
15480,678,4,4
15481,678,9,3
15482,678,7,3.5
15483,679,1,3
15484,679,2,3
15485,679,13,3.5
15486,679,10,3
15487,679,216,1.5
15488,679,215,3
15489,679,7,3
15490,679,11,4
15491,680,17,4
15492,680,1443,4
15493,680,7,3.5
15494,680,235,2.5
15495,680,207,2.5
15496,680,12,1.5
15497,681,207,3
15498,681,10,3
15499,681,5,4
15500,681,236,3.5
15501,681,6,4
15502,681,7,3.5
15503,681,219,3.5
15504,681,215,1
15505,681,13,3
15506,681,239,2
15507,681,11,3
15508,681,12,3
15509,681,241,1.5
15510,682,10,3
15511,682,207,2.5
15512,682,4,3.5
15513,682,11,3.5
15514,682,2,3.5
15515,683,244,3
15516,683,245,3
15517,683,211,3.5
15518,683,3,3
15519,683,214,3
15520,683,5,3
15521,683,318,4
15522,683,512,4
15523,683,10,3
15524,683,11,3.5
15525,683,215,2.5
15526,683,241,4
15527,683,13,4
15528,683,235,4
15529,683,7,3
15530,683,1,4
15531,683,17,3
15532,683,2,4
15533,683,4,3.5
15534,683,432,4
15535,683,217,2.5
15536,683,219,3
15537,683,234,3
15538,683,253,1.5
15539,683,205,3.5
15540,683,121,3
15541,683,216,4
15542,683,207,4
15543,683,239,2.5
15544,684,10,3
15545,684,11,3.5
15546,684,3,3
15547,684,9,3.5
15548,684,236,4
15549,684,254,3
15550,684,4,3
15551,684,13,3.5
15552,684,234,3.5
15553,684,219,3.5
15554,685,12,3.5
15555,685,247,1.5
15556,685,220,1.5
15557,685,239,0.5
15558,685,3,1
15559,685,256,0.5
15560,685,210,2
15561,685,8,0.5
15562,685,217,1.5
15563,685,206,2.5
15564,685,253,0.5
15565,685,6,0.5
15566,685,4,0.5
15567,685,17,0.5
15568,685,257,4
15569,685,213,1
15570,685,219,1.5
15571,685,207,2
15572,685,216,0.5
15573,685,235,1.5
15574,685,11,1
15575,685,249,0.5
15576,685,2,1
15577,685,212,1
15578,685,233,0.5
15579,685,252,0.5
15580,685,251,3
15581,685,5,0.5
15582,685,241,2.5
15583,685,215,0.5
15584,685,244,1.5
15585,685,254,2
15586,685,234,0.5
15587,685,250,3.5
15588,685,248,1
15589,685,236,2.5
15590,685,211,2
15591,685,13,0.5
15592,685,205,2
15593,685,9,1.5
15594,685,1,1.5
15595,685,121,2.5
15596,685,243,2
15597,685,7,2
15598,685,255,2.5
15599,685,214,1.5
15600,685,84,0.5
15601,685,10,1
15602,685,245,0.5
15603,685,246,0.5
15604,686,1,4
15605,686,10,4
15606,687,10,4
15607,687,218,4
15608,687,17,4
15609,687,7,4
15610,687,207,4
15611,687,257,4
15612,688,13,3
15613,689,250,4
15614,690,84,2
15615,690,257,3
15616,690,207,3.5
15617,691,220,3.5
15618,691,13,4
15619,691,207,4
15620,691,7,4
15621,691,250,3.5
15622,691,11,4
15623,691,4,4
15624,691,12,3.5
15625,691,6,3.5
15626,691,219,4
15627,691,9,4
15628,691,2,4
15629,691,10,4
15630,691,205,4
15631,691,245,3.5
15632,692,239,3.5
15633,692,7,3.5
15634,692,1,4
15635,692,214,1
15636,692,212,1.5
15637,692,11,3
15638,692,213,3
15639,692,205,2.5
15640,692,252,2
15641,692,217,4
15642,692,3,3.5
15643,692,2,1.5
15644,692,13,2
15645,692,234,2
15646,692,10,4
15647,692,216,3
15648,692,215,3
15649,693,214,3.5
15650,693,220,3.5
15651,693,250,3.5
15652,693,213,3.5
15653,693,7,2.5
15654,693,205,3
15655,693,210,3
15656,693,6,3
15657,693,2,2.5
15658,693,245,3.5
15659,693,207,2
15660,693,8,4
15661,693,215,3.5
15662,693,11,3
15663,693,241,3
15664,693,13,3
15665,693,1080,3.5
15666,693,4,4
15667,693,17,4
15668,693,1,3
15669,693,253,3.5
15670,693,9,3
15671,694,8,2
15672,694,121,2.5
15673,694,243,4
15674,694,1,2.5
15675,694,400,4
15676,695,245,3.5
15677,695,121,4
15678,695,239,3.5
15679,695,250,4
15680,695,6,3.5
15681,695,257,3
15682,695,5,3
15683,695,207,3
15684,695,234,4
15685,695,12,3
15686,695,220,3
15687,695,212,4
15688,695,13,3.5
15689,695,11,3.5
15690,695,217,3
15691,695,249,4
15692,695,215,3.5
15693,695,8,3.5
15694,695,205,4
15695,695,251,4
15696,695,216,4
15697,695,253,4
15698,695,17,3.5
15699,695,256,3.5
15700,695,241,3
15701,695,236,3.5
15702,695,233,4
15703,695,3,3
15704,695,214,3.5
15705,695,1444,4
15706,695,254,3
15707,695,7,3
15708,695,210,3.5
15709,695,248,3.5
15710,695,243,3.5
15711,695,211,3.5
15712,695,10,3
15713,695,219,4
15714,695,4,3.5
15715,695,255,3
15716,695,1,3
15717,695,235,3
15718,695,2,3
15719,695,247,4
15720,695,9,4
15721,695,252,4
15722,696,242,3.5
15723,696,11,3.5
15724,696,9,3
15725,696,2,3.5
15726,696,219,2.5
15727,696,8,3
15728,696,211,3
15729,696,5,3.5
15730,696,12,2
15731,696,638,4
15732,696,239,3
15733,696,7,2.5
15734,697,955,2.5
15735,697,583,3
15736,697,459,3
15737,697,7,3
15738,697,1445,3
15739,697,1446,3.5
15740,698,17,4
15741,698,249,3.5
15742,698,7,4
15743,698,4,2.5
15744,698,6,3
15745,698,236,2.5
15746,698,8,2
15747,698,250,1.5
15748,698,2,4
15749,699,205,4
15750,699,2,4
15751,699,13,4
15752,700,7,4
15753,701,5,3.5
15754,701,11,4
15755,701,2,3
15756,701,4,4
15757,701,17,3
15758,701,3,3
15759,701,7,3
15760,702,1447,3.5
15761,702,1448,4
15762,702,211,3
15763,702,1362,3
15764,702,9,3
15765,702,1449,4
15766,702,1450,3
15767,702,1451,3
15768,702,1058,3
15769,702,498,3
15770,702,1363,4
15771,702,1452,3
15772,702,1063,2.5
15773,702,755,3
15774,702,477,3
15775,702,1080,3.5
15776,702,1065,2.5
15777,702,616,3
15778,702,945,1.5
15779,702,1453,4
15780,702,1374,3
15781,702,1424,3
15782,702,123,3
15783,702,628,0.5
15784,702,1313,4
15785,702,1066,3.5
15786,702,1321,2.5
15787,702,764,3
15788,702,1454,2
15789,702,396,3
15790,702,1455,3.5
15791,702,1045,3.5
15792,702,294,3.5
15793,702,870,3.5
15794,702,991,1
15795,702,1456,3.5
15796,702,1041,4
15797,702,1052,3
15798,702,1457,3
15799,702,1458,3
15800,702,1171,3
15801,702,1046,3
15802,702,1064,3.5
15803,702,1459,3.5
15804,702,1408,3.5
15805,702,8,4
15806,702,1274,3
15807,702,900,3
15808,702,1057,3
15809,702,1060,3.5
15810,702,1043,0.5
15811,702,1050,2.5
15812,702,1053,3
15813,702,270,3.5
15814,702,1123,3
15815,702,1047,3
15816,702,51,3
15817,702,1460,4
15818,702,1461,3.5
15819,702,1462,4
15820,702,1463,3
15821,702,1464,4
15822,702,1465,3.5
15823,702,1097,4
15824,702,1044,3.5
15825,702,159,4
15826,702,659,3.5
15827,702,1466,2.5
15828,702,1467,2
15829,702,240,3
15830,702,859,3.5
15831,702,1049,3.5
15832,702,1256,3.5
15833,702,1468,3
15834,702,909,0.5
15835,702,1068,4
15836,702,437,3.5
15837,702,1469,1.5
15838,702,1470,3.5
15839,702,1471,3.5
15840,702,1472,2
15841,702,1011,3.5
15842,702,1473,3.5
15843,702,1062,2.5
15844,702,1474,3.5
15845,702,1051,4
15846,702,1475,3
15847,702,929,3.5
15848,702,207,2
15849,702,1061,3
15850,702,236,3
15851,702,1056,3.5
15852,702,1476,3
15853,702,1477,3.5
15854,702,1173,4
15855,702,999,3.5
15856,702,1478,2.5
15857,702,1479,3
15858,702,1275,4
15859,702,17,3
15860,702,1480,2.5
15861,702,1481,3.5
15862,702,1365,3
15863,702,1482,4
15864,702,1483,0.5
15865,702,937,3.5
15866,702,3,3.5
15867,702,519,4
15868,702,1357,1.5
15869,702,1484,2.5
15870,702,1485,3.5
15871,702,1486,3
15872,702,1487,2.5
15873,702,1042,3.5
15874,702,1376,4
15875,702,5,3.5
15876,702,1488,3
15877,702,1489,3
15878,702,446,4
15879,702,1055,3.5
15880,702,1425,3.5
15881,702,1048,3
15882,702,1490,3
15883,702,1491,3
15884,702,1067,2.5
15885,702,310,4
15886,702,1492,4
15887,702,7,3
15888,702,1493,3.5
15889,702,1494,4
15890,702,586,1.5
15891,702,1495,3
15892,702,551,3
15893,702,970,3.5
15894,702,1496,3.5
15895,702,1497,3
15896,702,1368,3.5
15897,702,779,2.5
15898,702,1498,3
15899,702,1499,3
15900,702,1500,3
15901,702,926,3.5
15902,702,1501,3
15903,702,1502,3
15904,702,59,3.5
15905,702,656,4
15906,702,1503,3.5
15907,703,239,3
15908,704,17,1.5
15909,704,2,3
15910,704,1504,3.5
15911,704,291,3
15912,704,11,2
15913,704,207,3
15914,704,262,3.5
15915,704,335,4
15916,704,12,2.5
15917,705,235,2.5
15918,705,3,4
15919,705,2,4
15920,705,219,3.5
15921,705,12,3.5
15922,705,254,3
15923,705,250,4
15924,705,207,0.5
15925,705,6,2.5
15926,705,11,3
15927,705,253,4
15928,705,10,3
15929,705,7,2.5
15930,705,233,3
15931,705,13,3.5
15932,705,1,3
15933,705,5,3
15934,705,252,3.5
15935,705,241,4
15936,705,216,3
15937,705,257,2.5
15938,705,246,3
15939,705,206,2.5
15940,705,4,2.5
15941,705,217,3
15942,705,121,4
15943,705,215,3
15944,705,205,2.5
15945,705,214,3.5
15946,705,220,3.5
15947,705,245,2.5
15948,705,234,4
15949,706,254,3.5
15950,706,11,2
15951,706,213,2.5
15952,706,13,3
15953,706,7,1
15954,706,257,1.5
15955,706,248,3
15956,706,10,2
15957,706,215,2.5
15958,706,2,3.5
15959,706,243,2.5
15960,706,1,3
15961,706,236,3
15962,706,205,3
15963,706,216,3
15964,706,255,2.5
15965,706,239,3.5
15966,706,233,3
15967,706,217,2
15968,706,219,2
15969,706,234,2.5
15970,706,212,3.5
15971,706,211,2.5
15972,707,10,4
15973,707,235,3
15974,707,2,4
15975,707,341,4
15976,707,207,2.5
15977,707,7,3
15978,708,1505,4
15979,708,1506,2.5
15980,708,1507,1.5
15981,708,1076,4
15982,708,1508,4
15983,709,10,3.5
15984,709,11,4
15985,710,1,3
15986,710,220,4
15987,710,2,4
15988,710,8,4
15989,710,5,4
15990,710,11,4
15991,710,9,4
15992,710,3,4
15993,710,215,1.5
15994,710,10,4
15995,710,206,4
15996,710,6,4
15997,710,246,4
15998,710,253,3.5
15999,711,253,0.5
16000,711,1,4
16001,711,12,3.5
16002,711,9,4
16003,711,205,3
16004,711,121,4
16005,711,216,3.5
16006,711,251,4
16007,711,249,4
16008,711,6,3.5
16009,711,239,4
16010,711,250,4
16011,711,233,4
16012,711,219,3.5
16013,711,84,3.5
16014,711,212,4
16015,711,246,2.5
16016,711,211,3.5
16017,711,256,3.5
16018,711,3,4
16019,711,207,2.5
16020,711,8,2
16021,711,214,4
16022,711,252,3
16023,711,11,4
16024,711,215,4
16025,711,241,3
16026,711,13,3.5
16027,711,7,3
16028,711,206,3.5
16029,711,10,4
16030,711,2,3
16031,711,4,4
16032,711,235,3.5
16033,711,217,3
16034,712,251,3
16035,712,17,2
16036,712,245,3
16037,712,211,4
16038,712,2,3.5
16039,712,213,3.5
16040,712,207,2.5
16041,712,239,3.5
16042,712,250,3
16043,712,121,2.5
16044,712,9,3
16045,712,220,3.5
16046,713,2,3.5
16047,713,3,4
16048,713,6,3.5
16049,713,5,3
16050,713,7,2
16051,713,4,3.5
16052,713,9,3
16053,713,236,3
16054,713,211,4
16055,713,216,3.5
16056,713,8,3.5
16057,713,235,3
16058,713,219,3.5
16059,713,1,3
16060,713,11,3.5
16061,713,12,3.5
16062,713,17,3
16063,714,220,2
16064,714,247,2.5
16065,714,17,3
16066,714,4,2.5
16067,714,235,1
16068,714,217,3.5
16069,714,210,3
16070,714,243,3
16071,714,253,1.5
16072,714,236,3
16073,714,12,0.5
16074,714,9,3.5
16075,714,205,3
16076,714,121,1.5
16077,714,216,2.5
16078,714,251,4
16079,714,255,2.5
16080,714,249,1
16081,714,207,2.5
16082,714,6,4
16083,714,239,1.5
16084,714,250,4
16085,714,233,2.5
16086,714,219,4
16087,714,84,2.5
16088,714,244,3.5
16089,714,234,2
16090,714,212,4
16091,714,245,4
16092,714,211,4
16093,714,254,2
16094,714,256,2
16095,714,3,3
16096,714,8,4
16097,714,214,3.5
16098,714,10,2
16099,714,252,2.5
16100,714,11,3
16101,714,215,4
16102,714,241,1.5
16103,714,13,4
16104,714,5,3.5
16105,714,7,2
16106,714,257,2
16107,714,248,2.5
16108,715,236,3.5
16109,715,4,3
16110,715,11,3.5
16111,715,1,3.5
16112,715,205,3.5
16113,715,206,3.5
16114,715,7,3
16115,715,233,3.5
16116,715,8,3.5
16117,715,2,3
16118,715,12,3.5
16119,715,3,3.5
16120,715,220,3.5
16121,715,207,3.5
16122,715,219,3.5
16123,716,3,2
16124,716,233,2.5
16125,716,205,1.5
16126,716,213,3
16127,716,255,4
16128,716,207,2
16129,716,214,2
16130,716,84,2.5
16131,716,1509,4
16132,716,17,3
16133,716,234,3.5
16134,716,211,4
16135,716,249,3
16136,716,246,3
16137,716,245,3.5
16138,716,250,4
16139,716,9,3
16140,716,254,3.5
16141,716,220,4
16142,716,121,3.5
16143,716,216,1.5
16144,716,219,3
16145,716,6,4
16146,716,11,4
16147,716,2,3
16148,716,1410,3
16149,716,217,3
16150,716,239,3
16151,716,253,3
16152,716,243,0.5
16153,716,236,2.5
16154,716,244,4
16155,716,7,2.5
16156,716,206,2.5
16157,716,251,3.5
16158,716,4,4
16159,716,247,2.5
16160,716,257,2.5
16161,716,12,2.5
16162,716,10,2
16163,716,1123,4
16164,716,5,4
16165,716,1,1
16166,716,215,4
16167,716,13,4
16168,717,2,4
16169,717,253,3
16170,717,9,3.5
16171,717,5,4
16172,717,12,3.5
16173,717,11,4
16174,717,3,3
16175,717,8,3.5
16176,717,219,3
16177,718,7,3
16178,718,235,2.5
16179,718,257,2
16180,718,206,3.5
16181,718,1,3
16182,718,236,3.5
16183,719,234,3.5
16184,719,211,3.5
16185,719,249,1.5
16186,719,246,3
16187,719,250,3.5
16188,719,9,4
16189,719,254,2.5
16190,719,121,2
16191,719,241,1.5
16192,719,216,3
16193,719,210,1.5
16194,719,252,2.5
16195,719,219,2
16196,719,212,1.5
16197,719,6,3.5
16198,719,11,2.5
16199,719,2,3.5
16200,719,8,2
16201,719,245,4
16202,719,248,2.5
16203,719,217,2
16204,719,239,3.5
16205,719,253,4
16206,719,220,0.5
16207,719,243,3.5
16208,719,236,2
16209,719,244,4
16210,719,206,4
16211,719,7,3
16212,719,4,4
16213,719,247,4
16214,719,257,3.5
16215,719,12,4
16216,719,10,3.5
16217,719,5,2.5
16218,719,215,4
16219,719,13,3
16220,719,251,3
16221,719,235,0.5
16222,719,3,3.5
16223,719,233,3
16224,719,256,2.5
16225,719,205,1
16226,719,213,4
16227,719,255,4
16228,719,207,4
16229,719,214,3.5
16230,719,1,1.5
16231,719,84,3
16232,719,17,3.5
16233,720,215,3.5
16234,721,234,4
16235,722,13,4
16236,722,1510,4
16237,722,215,4
16238,723,12,3.5
16239,723,254,4
16240,723,1,4
16241,723,121,4
16242,723,2,4
16243,723,10,4
16244,723,8,4
16245,723,207,3
16246,723,205,2.5
16247,723,7,3.5
16248,723,241,3
16249,723,250,3.5
16250,723,3,3
16251,723,206,3.5
16252,723,239,3.5
16253,724,251,3.5
16254,724,244,3.5
16255,724,4,3.5
16256,724,12,3.5
16257,724,253,3.5
16258,724,17,4
16259,724,1,4
16260,724,239,3.5
16261,724,9,4
16262,724,247,3.5
16263,724,10,4
16264,724,121,4
16265,724,217,3.5
16266,724,214,4
16267,724,220,3.5
16268,724,256,3.5
16269,724,250,4
16270,724,233,3.5
16271,724,206,3.5
16272,724,246,4
16273,724,235,3.5
16274,724,234,4
16275,724,3,4
16276,724,5,4
16277,724,213,4
16278,724,216,4
16279,724,257,4
16280,724,7,4
16281,724,205,4
16282,724,243,3
16283,724,210,3.5
16284,724,254,3.5
16285,724,248,3.5
16286,724,249,3.5
16287,724,6,4
16288,724,2,4
16289,724,219,4
16290,724,211,3
16291,724,236,4
16292,724,245,4
16293,724,207,3.5
16294,724,252,4
16295,724,255,4
16296,724,212,4
16297,724,8,3.5
16298,724,215,3.5
16299,724,11,4
16300,724,241,4
16301,724,84,3.5
16302,724,13,4
16303,725,299,4
16304,725,677,3
16305,725,726,3
16306,725,595,4
16307,725,596,3
16308,725,2,4
16309,725,759,2
16310,725,4,4
16311,725,7,4
16312,725,1511,2
16313,725,308,4
16314,725,1512,3
16315,725,313,4
16316,725,1513,2.5
16317,725,11,4
16318,725,843,3
16319,725,91,1.5
16320,725,731,4
16321,725,1514,1
16322,725,512,2.5
16323,725,1515,3.5
16324,726,244,4
16325,726,7,4
16326,726,210,4
16327,726,233,3.5
16328,726,13,4
16329,726,1,3.5
16330,726,5,4
16331,726,241,3
16332,726,216,3
16333,726,246,4
16334,726,206,4
16335,726,4,3.5
16336,726,217,4
16337,726,17,4
16338,726,205,3.5
16339,726,214,3.5
16340,726,220,3
16341,726,245,4
16342,726,239,4
16343,726,234,3.5
16344,726,207,3.5
16345,726,235,3.5
16346,726,8,3.5
16347,726,247,4
16348,726,2,4
16349,726,219,4
16350,726,12,3.5
16351,726,254,3.5
16352,726,250,3.5
16353,726,11,4
16354,726,236,3
16355,727,234,3.5
16356,727,1,3.5
16357,727,241,3
16358,727,235,3
16359,727,255,3.5
16360,727,207,3
16361,727,5,4
16362,727,257,3
16363,727,211,3.5
16364,727,12,3.5
16365,727,121,3.5
16366,727,6,4
16367,727,3,3.5
16368,727,236,3.5
16369,727,205,4
16370,727,214,3
16371,727,250,3.5
16372,727,7,3.5
16373,727,219,4
16374,727,256,3
16375,727,11,3.5
16376,727,2,3
16377,727,17,3
16378,727,4,4
16379,727,13,3.5
16380,727,84,2.5
16381,727,10,3.5
16382,727,9,3.5
16383,727,210,3
16384,727,8,4
16385,727,215,4
16386,727,253,3.5
16387,728,257,1
16388,728,11,4
16389,728,476,3.5
16390,728,270,3.5
16391,728,1516,3
16392,728,1517,4
16393,728,7,3.5
16394,728,313,4
16395,728,532,3.5
16396,728,216,3
16397,729,257,3.5
16398,729,12,3.5
16399,729,10,3.5
16400,729,5,2
16401,729,215,2.5
16402,729,13,2
16403,729,251,1.5
16404,729,235,3.5
16405,729,3,2.5
16406,729,233,2.5
16407,729,205,2
16408,729,213,2.5
16409,729,255,1.5
16410,729,207,2
16411,729,214,1.5
16412,729,1,3
16413,729,84,1.5
16414,729,17,2.5
16415,729,234,3
16416,729,211,2
16417,729,249,1.5
16418,729,246,3
16419,729,250,2
16420,729,9,3.5
16421,729,256,1
16422,729,254,1.5
16423,729,121,2.5
16424,729,241,2
16425,729,210,2.5
16426,729,216,2
16427,729,252,3.5
16428,729,219,1.5
16429,729,212,0.5
16430,729,6,2
16431,729,11,3
16432,729,2,2.5
16433,729,8,3.5
16434,729,245,2.5
16435,729,248,1.5
16436,729,217,2.5
16437,729,239,1.5
16438,729,253,3
16439,729,220,3.5
16440,729,243,2.5
16441,729,236,2.5
16442,729,244,2.5
16443,729,206,1.5
16444,729,7,3
16445,729,4,3.5
16446,729,247,3
16447,730,214,3.5
16448,730,3,4
16449,730,216,4
16450,730,217,4
16451,730,247,3.5
16452,730,245,4
16453,730,9,4
16454,730,241,4
16455,730,6,4
16456,730,219,4
16457,730,215,3
16458,730,212,4
16459,730,256,4
16460,730,246,3.5
16461,730,84,3
16462,730,13,4
16463,730,4,4
16464,730,257,4
16465,730,11,4
16466,730,254,4
16467,730,207,2
16468,730,12,4
16469,730,17,4
16470,730,205,4
16471,730,220,4
16472,730,239,4
16473,730,233,3
16474,730,8,4
16475,730,7,3.5
16476,730,210,3
16477,730,234,4
16478,730,10,4
16479,730,251,4
16480,730,206,4
16481,730,2,3.5
16482,730,253,4
16483,730,250,3.5
16484,730,235,3.5
16485,730,5,4
16486,730,255,4
16487,730,121,4
16488,730,1,4
16489,730,252,2.5
16490,730,211,4
16491,730,213,4
16492,730,244,4
16493,731,7,3
16494,731,235,2
16495,731,219,3.5
16496,731,13,2
16497,731,257,1
16498,731,1,3.5
16499,731,2,3.5
16500,731,254,2
16501,731,3,3.5
16502,731,220,3
16503,731,5,4
16504,731,213,2.5
16505,731,239,3
16506,732,705,4
16507,732,1173,4
16508,732,2,3
16509,732,1518,3.5
16510,732,308,3.5
16511,732,940,3.5
16512,732,13,3.5
16513,732,307,3.5
16514,732,4,3.5
16515,732,7,3
16516,732,8,4
16517,732,121,3
16518,732,11,4
16519,732,134,3.5
16520,732,519,3
16521,732,12,2.5
16522,733,215,2
16523,733,218,3.5
16524,733,318,2.5
16525,734,3,3
16526,734,205,4
16527,734,214,3
16528,734,1,3
16529,734,211,3
16530,734,234,4
16531,734,250,4
16532,734,121,3
16533,734,241,4
16534,734,219,4
16535,734,11,3
16536,734,8,1.5
16537,734,245,4
16538,734,253,3.5
16539,734,220,3.5
16540,734,236,2
16541,734,206,4
16542,734,7,3.5
16543,734,247,3
16544,734,12,3
16545,734,10,3.5
16546,734,215,3
16547,734,13,3.5
16548,734,251,4
16549,734,235,3
16550,735,235,3.5
16551,735,246,3.5
16552,735,335,4
16553,735,239,2
16554,735,12,3.5
16555,735,11,4
16556,735,220,4
16557,735,215,3.5
16558,735,897,3.5
16559,735,218,4
16560,735,832,1.5
16561,735,6,4
16562,735,17,3.5
16563,735,7,4
16564,735,236,3
16565,735,4,3.5
16566,735,13,1.5
16567,735,207,4
16568,735,5,3
16569,735,8,4
16570,735,213,2.5
16571,735,254,1.5
16572,735,234,3
16573,735,2,2.5
16574,735,3,3
16575,735,219,3
16576,735,9,3.5
16577,735,211,4
16578,736,241,4
16579,736,1,4
16580,736,12,4
16581,736,4,0.5
16582,736,220,4
16583,736,7,3
16584,736,235,4
16585,736,11,0.5
16586,737,254,1
16587,737,219,1
16588,737,210,2.5
16589,737,17,1.5
16590,737,241,4
16591,737,206,0.5
16592,737,11,2
16593,737,7,1
16594,737,1,3
16595,737,4,1
16596,737,205,4
16597,737,207,2.5
16598,737,12,3
16599,737,121,1.5
16600,737,2,4
16601,737,233,2
16602,738,216,4
16603,738,84,1.5
16604,738,212,3
16605,738,11,3
16606,738,2,3
16607,738,245,4
16608,738,217,4
16609,738,236,3
16610,738,206,3.5
16611,738,7,3
16612,738,257,3.5
16613,738,10,4
16614,738,215,4
16615,738,13,4
16616,738,251,4
16617,738,235,4
16618,738,3,2
16619,738,233,3.5
16620,738,205,2.5
16621,738,213,4
16622,738,207,2
16623,738,214,3.5
16624,738,5,3
16625,738,1,4
16626,738,17,4
16627,738,250,4
16628,738,241,2
16629,739,588,3
16630,739,676,2.5
16631,739,148,2.5
16632,739,799,3
16633,739,294,2.5
16634,739,410,3.5
16635,739,675,3
16636,739,2,3
16637,739,1026,3
16638,739,218,3.5
16639,739,265,2.5
16640,739,951,2.5
16641,739,431,3
16642,739,769,3.5
16643,739,1034,3
16644,739,787,3.5
16645,739,447,3
16646,739,434,4
16647,739,406,3.5
16648,739,12,2.5
16649,739,1072,3.5
16650,739,304,3.5
16651,739,310,4
16652,739,1516,3
16653,739,435,4
16654,739,589,2
16655,739,699,3
16656,739,454,3
16657,739,536,3.5
16658,739,270,3
16659,739,1219,3.5
16660,739,242,3
16661,739,478,2.5
16662,739,781,2.5
16663,739,480,3
16664,739,746,2.5
16665,739,207,3
16666,739,307,4
16667,739,657,3
16668,739,347,3.5
16669,739,59,3.5
16670,740,2,4
16671,740,213,3.5
16672,740,4,3
16673,740,7,3.5
16674,740,12,3
16675,740,17,3.5
16676,740,217,4
16677,740,234,4
16678,740,9,3.5
16679,740,216,4
16680,740,207,4
16681,740,233,3
16682,740,84,4
16683,740,245,4
16684,740,5,4
16685,740,8,4
16686,740,313,4
16687,740,11,3.5
16688,740,220,3
16689,741,5,4
16690,741,12,3
16691,741,8,3
16692,741,211,4
16693,741,13,4
16694,741,7,3
16695,741,17,3
16696,741,236,3.5
16697,741,207,3
16698,742,257,2.5
16699,742,241,3
16700,742,7,4
16701,742,207,4
16702,742,12,3.5
16703,743,2,4
16704,743,211,4
16705,743,6,3.5
16706,743,235,2.5
16707,743,9,4
16708,743,236,4
16709,743,215,3
16710,743,11,4
16711,743,234,3
16712,743,17,4
16713,743,207,4
16714,743,4,4
16715,744,220,3
16716,744,215,3.5
16717,744,216,2
16718,744,245,3.5
16719,744,206,3
16720,744,211,3.5
16721,744,3,3.5
16722,744,236,3
16723,744,205,2
16724,744,1,2
16725,744,5,3
16726,744,213,4
16727,744,17,4
16728,744,4,3.5
16729,744,7,3
16730,744,13,4
16731,744,8,3.5
16732,744,11,4
16733,744,244,3.5
16734,744,217,3
16735,744,10,2.5
16736,745,257,2
16737,745,219,3.5
16738,745,235,3
16739,745,121,3
16740,745,1,3.5
16741,745,10,3.5
16742,745,207,3
16743,745,11,3
16744,745,12,3
16745,745,241,3.5
16746,745,7,3.5
16747,746,235,2
16748,746,210,3
16749,746,243,3
16750,746,1,4
16751,746,248,2.5
16752,746,236,4
16753,746,12,1.5
16754,746,205,2.5
16755,746,216,3
16756,746,121,3
16757,746,247,4
16758,746,251,4
16759,746,255,3.5
16760,746,249,3.5
16761,746,6,3.5
16762,746,239,4
16763,746,831,4
16764,746,250,3
16765,746,217,3
16766,746,270,1.5
16767,746,219,2.5
16768,746,84,4
16769,746,244,4
16770,746,234,2.5
16771,746,253,4
16772,746,212,4
16773,746,246,4
16774,746,9,3
16775,746,245,4
16776,746,211,4
16777,746,254,3.5
16778,746,3,3.5
16779,746,207,1.5
16780,746,214,3.5
16781,746,233,3.5
16782,746,252,3
16783,746,11,4
16784,746,213,3.5
16785,746,241,3.5
16786,746,256,4
16787,746,13,4
16788,746,5,3.5
16789,746,7,3
16790,746,206,3.5
16791,746,257,3
16792,746,10,1.5
16793,746,220,3
16794,746,215,4
16795,746,17,3.5
16796,746,2,3.5
16797,746,4,4
16798,747,241,3
16799,747,6,3.5
16800,747,17,3.5
16801,747,253,3
16802,747,254,3.5
16803,747,255,4
16804,747,7,2.5
16805,747,236,3
16806,747,206,4
16807,747,4,4
16808,747,13,4
16809,747,207,3.5
16810,747,256,3
16811,747,5,4
16812,747,8,4
16813,747,213,3.5
16814,747,216,3
16815,747,234,3.5
16816,747,121,3
16817,747,2,3
16818,747,3,3
16819,747,257,3.5
16820,747,219,4
16821,747,1,3
16822,747,9,2
16823,747,211,3.5
16824,747,212,3
16825,747,245,3.5
16826,747,214,3
16827,747,235,2
16828,747,246,3.5
16829,747,205,3
16830,747,210,3
16831,747,247,3
16832,747,10,4
16833,747,239,3.5
16834,747,248,2.5
16835,747,12,4
16836,747,249,2.5
16837,747,243,3.5
16838,747,220,3
16839,747,11,4
16840,747,215,2
16841,747,250,3
16842,747,251,2
16843,747,244,3
16844,747,84,2
16845,747,252,3
16846,747,233,4
16847,747,217,3.5
16848,748,17,3
16849,748,215,4
16850,748,1,4
16851,748,2,3.5
16852,748,213,3
16853,748,11,3
16854,748,212,4
16855,748,255,3.5
16856,748,13,3
16857,749,9,4
16858,749,233,3.5
16859,749,215,3.5
16860,749,10,3
16861,749,257,2.5
16862,749,17,3
16863,749,1,2
16864,749,2,4
16865,749,254,2
16866,749,7,0.5
16867,750,249,0.5
16868,750,6,0.5
16869,750,2,0.5
16870,750,7,0.5
16871,750,219,0.5
16872,750,211,0.5
16873,750,243,0.5
16874,750,236,0.5
16875,750,210,0.5
16876,750,341,1
16877,750,252,0.5
16878,750,254,0.5
16879,750,255,0.5
16880,750,212,0.5
16881,750,8,0.5
16882,750,215,0.5
16883,750,241,0.5
16884,750,27,2
16885,750,248,0.5
16886,750,187,1.5
16887,750,13,0.5
16888,750,68,4
16889,750,245,0.5
16890,750,4,0.5
16891,750,207,4
16892,750,1,1
16893,750,253,0.5
16894,750,9,0.5
16895,750,10,0.5
16896,750,121,0.5
16897,750,11,0.5
16898,750,319,4
16899,750,84,0.5
16900,750,251,0.5
16901,750,217,0.5
16902,750,244,0.5
16903,750,1237,0.5
16904,750,12,0.5
16905,750,206,0.5
16906,750,17,0.5
16907,750,235,0.5
16908,750,239,0.5
16909,750,247,0.5
16910,750,5,1
16911,750,59,1
16912,750,213,0.5
16913,750,216,0.5
16914,750,257,0.5
16915,750,205,0.5
16916,750,214,0.5
16917,750,220,0.5
16918,750,256,0.5
16919,750,250,0.5
16920,750,233,0.5
16921,750,246,0.5
16922,750,234,0.5
16923,750,3,0.5
16924,751,236,0.5
16925,751,1,4
16926,751,253,1
16927,751,2,4
16928,751,206,4
16929,752,7,4
16930,752,207,3
16931,752,257,2
16932,752,236,4
16933,752,5,4
16934,752,11,3.5
16935,752,9,4
16936,752,4,3.5
16937,752,2,2
16938,752,875,4
16939,752,219,4
16940,752,8,3.5
16941,752,211,3.5
16942,752,17,4
16943,753,235,3
16944,753,12,3.5
16945,753,3,3
16946,753,4,2.5
16947,753,11,3
16948,753,2,3
16949,754,5,4
16950,754,4,4
16951,754,7,2
16952,754,11,4
16953,754,235,3
16954,754,12,3
16955,754,10,4
16956,754,254,4
16957,754,234,4
16958,754,257,3
16959,754,233,3.5
16960,755,779,3
16961,755,294,4
16962,755,577,2.5
16963,755,283,2
16964,756,207,2
16965,756,476,4
16966,756,9,3
16967,756,84,3
16968,756,6,2.5
16969,756,1,3
16970,756,233,2
16971,756,5,3
16972,756,12,2.5
16973,756,2,3
16974,757,254,4
16975,757,248,3
16976,757,249,3
16977,757,6,3
16978,757,2,3
16979,757,219,4
16980,757,211,3
16981,757,236,3
16982,757,245,3
16983,757,210,3
16984,757,252,2.5
16985,757,255,3
16986,757,212,3
16987,757,8,3
16988,757,215,2.5
16989,757,11,4
16990,757,241,4
16991,757,84,3
16992,757,13,4
16993,757,251,3
16994,757,244,3
16995,757,4,3
16996,757,12,0.5
16997,757,207,4
16998,757,17,1
16999,757,1,3
17000,757,253,3
17001,757,9,4
17002,757,239,3.5
17003,757,247,3
17004,757,10,4
17005,757,121,3
17006,757,217,3
17007,757,220,3
17008,757,214,3
17009,757,256,3
17010,757,250,4
17011,757,233,4
17012,757,206,3
17013,757,246,3
17014,757,235,3.5
17015,757,234,3.5
17016,757,3,3
17017,757,5,3
17018,757,213,4
17019,757,216,3
17020,757,257,3
17021,757,7,2.5
17022,757,205,3
17023,757,243,3
17024,758,17,4
17025,758,234,3
17026,758,9,3.5
17027,758,219,3.5
17028,758,11,4
17029,758,2,3.5
17030,758,8,3
17031,758,236,4
17032,758,7,4
17033,758,257,3
17034,758,12,3
17035,758,207,3.5
17036,758,10,4
17037,758,5,3.5
17038,758,1,4
17039,758,215,4
17040,758,211,4
17041,758,13,4
17042,758,235,3
17043,758,213,3.5
17044,759,7,4
17045,759,9,3.5
17046,759,11,4
17047,759,10,2.5
17048,759,257,2.5
17049,759,206,3
17050,759,205,2
17051,759,233,2
17052,759,2,4
17053,759,250,3.5
17054,759,1,2
17055,759,5,3
17056,759,216,3
17057,759,219,4
17058,759,236,3
17059,759,13,2.5
17060,759,217,3
17061,759,207,0.5
17062,759,211,4
17063,759,213,3.5
17064,759,241,1.5
17065,759,212,4
17066,759,251,3.5
17067,759,3,3.5
17068,759,235,2
17069,759,17,2.5
17070,759,8,3
17071,759,4,3
17072,759,121,1.5
17073,760,234,3.5
17074,760,253,4
17075,760,212,2
17076,760,246,3.5
17077,760,9,0.5
17078,760,245,3
17079,760,211,2
17080,760,254,3.5
17081,760,207,2.5
17082,760,3,2
17083,760,8,3
17084,760,214,1
17085,760,233,2
17086,760,252,3.5
17087,760,11,3
17088,760,241,2
17089,760,256,2.5
17090,760,13,3.5
17091,760,5,1
17092,760,206,3.5
17093,760,7,1.5
17094,760,257,2
17095,760,10,3.5
17096,760,220,1
17097,760,215,3
17098,760,17,3.5
17099,760,2,2
17100,760,213,2
17101,760,4,3
17102,760,235,3
17103,760,210,3
17104,760,243,3.5
17105,760,236,1.5
17106,760,1,3
17107,760,248,2
17108,760,12,4
17109,760,205,3
17110,760,121,1
17111,760,247,3
17112,760,216,2.5
17113,760,251,3
17114,760,255,3
17115,760,249,2.5
17116,760,6,3
17117,760,239,2.5
17118,760,250,1.5
17119,760,217,0.5
17120,760,84,1
17121,760,219,2.5
17122,760,244,0.5
17123,761,241,4
17124,761,84,4
17125,761,216,3
17126,761,252,4
17127,761,219,3
17128,761,212,2.5
17129,761,6,3
17130,761,11,4
17131,761,2,3
17132,761,245,3.5
17133,761,9,3.5
17134,761,248,4
17135,761,217,3.5
17136,761,253,3
17137,761,220,4
17138,761,236,3.5
17139,761,121,3.5
17140,761,244,3
17141,761,210,3.5
17142,761,206,4
17143,761,4,3
17144,761,247,2.5
17145,761,8,3
17146,761,257,4
17147,761,239,2
17148,761,12,4
17149,761,10,2.5
17150,761,243,3.5
17151,761,215,3
17152,761,7,4
17153,761,13,3
17154,761,251,4
17155,761,3,4
17156,761,233,3
17157,761,205,2.5
17158,761,213,3.5
17159,761,255,2
17160,761,207,2
17161,761,214,2.5
17162,761,5,3
17163,761,1,2.5
17164,761,17,2.5
17165,761,234,3
17166,761,211,3
17167,761,235,3.5
17168,761,249,4
17169,761,246,3
17170,761,250,4
17171,761,256,3.5
17172,761,254,4
17173,762,234,4
17174,762,253,3
17175,762,212,3.5
17176,762,9,3
17177,762,245,3.5
17178,762,211,4
17179,762,216,3.5
17180,762,207,4
17181,762,233,3.5
17182,762,84,3.5
17183,762,252,4
17184,762,244,3.5
17185,762,11,3.5
17186,762,256,3.5
17187,762,3,2
17188,762,13,3
17189,762,8,3.5
17190,762,5,4
17191,762,7,3.5
17192,762,206,3.5
17193,762,257,3
17194,762,10,4
17195,762,220,3.5
17196,762,215,4
17197,762,17,3
17198,762,1010,4
17199,762,2,3.5
17200,762,213,4
17201,762,235,3.5
17202,762,1,1.5
17203,762,248,4
17204,762,236,3.5
17205,762,12,3.5
17206,762,205,4
17207,762,251,4
17208,762,255,3.5
17209,762,249,4
17210,762,6,3
17211,762,239,3
17212,762,250,4
17213,762,217,4
17214,762,210,4
17215,762,219,3.5
17216,763,7,4
17217,763,207,3
17218,763,11,4
17219,763,585,3.5
17220,764,17,4
17221,764,1290,2.5
17222,764,31,2
17223,764,2,3
17224,764,499,1.5
17225,764,284,4
17226,764,265,3.5
17227,764,735,3
17228,764,589,2.5
17229,764,752,4
17230,764,432,4
17231,764,235,3
17232,764,278,4
17233,764,787,3.5
17234,764,1,2.5
17235,764,236,4
17236,764,12,4
17237,764,698,3
17238,764,9,3.5
17239,764,205,3
17240,764,522,3
17241,764,832,2
17242,764,494,4
17243,764,681,4
17244,764,339,3
17245,764,239,2.5
17246,764,250,4
17247,764,941,1
17248,764,958,4
17249,764,134,3
17250,764,219,3
17251,764,594,3
17252,764,739,3
17253,764,286,4
17254,764,740,3
17255,764,781,2.5
17256,764,716,3
17257,764,723,3
17258,764,59,4
17259,764,3,2.5
17260,764,484,4
17261,764,975,3
17262,764,8,4
17263,764,318,3.5
17264,764,1393,3.5
17265,764,313,3
17266,764,455,3
17267,764,810,0.5
17268,764,708,1
17269,764,811,3.5
17270,764,715,3
17271,764,1174,3
17272,764,631,4
17273,764,764,3.5
17274,764,5,4
17275,764,1370,3
17276,764,7,3
17277,764,709,4
17278,764,1519,2.5
17279,764,512,4
17280,764,206,4
17281,764,392,4
17282,764,257,3
17283,764,419,4
17284,764,220,4
17285,764,294,3.5
17286,764,675,4
17287,765,7,3
17288,765,11,3
17289,765,4,2.5
17290,765,13,3
17291,765,10,2.5
17292,765,2,3
17293,766,5,3
17294,766,8,2.5
17295,766,10,0.5
17296,766,11,4
17297,766,215,3
17298,766,213,2
17299,766,235,2.5
17300,766,13,3.5
17301,766,243,4
17302,766,7,4
17303,766,1,4
17304,766,236,3.5
17305,766,805,3
17306,766,17,3.5
17307,766,2,4
17308,766,4,3
17309,766,234,4
17310,766,9,4
17311,766,216,3.5
17312,766,255,3
17313,766,207,3.5
17314,766,250,2.5
17315,766,211,3.5
17316,767,234,4
17317,767,219,4
17318,768,5,3.5
17319,768,213,3
17320,768,236,3.5
17321,768,254,1.5
17322,768,7,2.5
17323,768,8,3
17324,768,215,4
17325,768,11,2.5
17326,768,17,3
17327,768,1,2
17328,768,207,2
17329,769,1520,0.5
17330,769,593,3.5
17331,769,214,0.5
17332,769,1521,2.5
17333,769,890,3
17334,769,17,3
17335,769,1202,0.5
17336,769,583,3
17337,769,1522,1.5
17338,769,10,2.5
17339,769,1121,1.5
17340,769,1523,1.5
17341,769,1506,3
17342,769,1524,4
17343,769,235,2
17344,769,318,3
17345,769,335,3.5
17346,769,1525,3
17347,769,1315,2.5
17348,769,557,0.5
17349,769,7,3.5
17350,769,385,0.5
17351,769,1507,3
17352,769,1526,4
17353,769,1527,0.5
17354,769,1528,2
17355,769,1529,3.5
17356,769,218,3
17357,769,311,3.5
17358,769,1530,2
17359,769,4,4
17360,769,750,2.5
17361,769,283,2
17362,769,247,2
17363,769,2,3.5
17364,769,207,2.5
17365,769,1505,3
17366,769,365,3
17367,769,1531,4
17368,769,1532,3
17369,769,1508,4
17370,769,141,3
17371,769,797,4
17372,769,92,2.5
17373,769,1533,3.5
17374,769,13,3.5
17375,769,11,4
17376,769,377,3
17377,769,1199,2.5
17378,769,512,2.5
17379,769,691,2
17380,769,787,4
17381,769,432,2.5
17382,769,487,3
17383,769,445,2.5
17384,769,597,2.5
17385,770,343,4
17386,770,7,3
17387,770,207,3
17388,770,2,3.5
17389,770,236,3
17390,770,4,3
17391,770,11,3.5
17392,771,1534,2.5
17393,771,7,2.5
17394,771,1535,3.5
17395,772,9,3.5
17396,772,12,4
17397,772,8,2.5
17398,772,207,4
17399,772,17,2.5
17400,772,7,4
17401,772,257,3
17402,772,1,3
17403,772,210,2
17404,773,589,4
17405,773,218,4
17406,773,7,4
17407,773,207,3
17408,773,270,4
17409,773,318,4
17410,774,4,4
17411,774,12,3
17412,774,836,4
17413,774,10,4
17414,774,13,4
17415,774,235,4
17416,774,291,3.5
17417,774,3,4
17418,774,213,3.5
17419,774,1,4
17420,774,241,3
17421,774,1213,3
17422,774,216,3.5
17423,774,219,3.5
17424,774,50,4
17425,774,805,4
17426,774,11,4
17427,774,1536,4
17428,774,236,4
17429,774,7,4
17430,774,787,3.5
17431,775,4,2
17432,775,2,3
17433,775,705,2.5
17434,775,604,3.5
17435,775,299,3.5
17436,775,17,1.5
17437,775,890,3
17438,775,341,2.5
17439,775,588,3.5
17440,775,579,2.5
17441,775,565,4
17442,775,7,3.5
17443,775,11,2.5
17444,775,776,4
17445,776,216,2
17446,776,17,4
17447,776,241,3
17448,776,9,3.5
17449,776,3,3.5
17450,776,214,2.5
17451,776,254,1.5
17452,776,7,4
17453,776,10,2
17454,776,211,4
17455,776,219,2
17456,776,255,3.5
17457,776,1,3.5
17458,776,206,3.5
17459,776,239,3
17460,776,250,4
17461,776,220,3
17462,776,11,1
17463,776,5,3.5
17464,776,207,3.5
17465,776,234,3.5
17466,776,251,3.5
17467,776,12,3.5
17468,776,253,3
17469,776,13,4
17470,776,215,3.5
17471,776,213,3
17472,776,205,3.5
17473,776,8,3
17474,777,215,2
17475,777,213,3.5
17476,777,205,3
17477,777,206,3.5
17478,777,217,3.5
17479,777,245,3
17480,777,3,4
17481,777,2,4
17482,777,234,4
17483,777,12,3
17484,777,251,3.5
17485,777,235,2.5
17486,777,253,3
17487,777,236,3
17488,777,10,4
17489,777,7,4
17490,777,210,2.5
17491,777,219,4
17492,777,13,3
17493,777,1,3.5
17494,778,706,4
17495,778,13,4
17496,778,1,4
17497,778,10,3
17498,778,11,4
17499,778,213,3
17500,778,3,1
17501,778,215,3.5
17502,779,215,3.5
17503,779,11,4
17504,779,13,4
17505,780,10,3.5
17506,780,7,4
17507,780,210,4
17508,780,233,4
17509,780,219,2
17510,780,13,3.5
17511,780,1,3
17512,780,5,3
17513,780,6,3.5
17514,780,11,4
17515,780,249,4
17516,780,216,3.5
17517,780,257,4
17518,780,84,3
17519,780,244,2.5
17520,780,9,2.5
17521,780,248,2
17522,780,215,4
17523,780,213,3.5
17524,780,252,3
17525,780,241,3.5
17526,780,205,4
17527,780,206,3
17528,780,246,2.5
17529,780,4,3.5
17530,780,255,2.5
17531,780,217,2.5
17532,780,220,4
17533,780,121,3.5
17534,780,245,3.5
17535,780,239,3.5
17536,780,256,2.5
17537,780,8,2.5
17538,780,3,3.5
17539,780,17,3.5
17540,780,2,4
17541,780,214,3
17542,780,243,3
17543,780,12,3.5
17544,780,234,3.5
17545,780,212,3.5
17546,780,254,3.5
17547,780,250,4
17548,780,207,4
17549,780,251,3
17550,780,235,1.5
17551,780,253,3
17552,780,236,3.5
17553,780,211,3.5
17554,780,247,1.5
17555,781,249,3.5
17556,781,212,3.5
17557,781,235,3.5
17558,781,9,4
17559,781,214,3.5
17560,781,255,3.5
17561,781,210,3.5
17562,781,2,4
17563,781,1,3
17564,781,8,3
17565,781,254,4
17566,781,13,4
17567,781,251,4
17568,781,243,3.5
17569,781,245,3.5
17570,781,236,3
17571,781,217,3.5
17572,781,213,4
17573,781,216,4
17574,781,205,4
17575,781,252,3.5
17576,781,241,4
17577,781,256,3.5
17578,781,248,3.5
17579,781,215,4
17580,781,84,3.5
17581,781,4,4
17582,781,5,3.5
17583,781,6,3.5
17584,781,207,3.5
17585,781,121,4
17586,781,244,3.5
17587,781,7,3
17588,781,211,3
17589,781,234,3.5
17590,781,11,4
17591,781,219,3
17592,781,239,4
17593,781,10,3.5
17594,781,253,3.5
17595,781,257,3
17596,781,233,3
17597,781,250,3.5
17598,781,206,3.5
17599,781,3,3.5
17600,781,17,3
17601,781,12,3
17602,781,247,3
17603,781,220,3.5
17604,781,246,3.5
17605,782,243,2
17606,782,17,3
17607,782,233,3
17608,782,215,4
17609,782,11,0.5
17610,782,1,3
17611,782,253,4
17612,782,211,4
17613,782,212,4
17614,782,245,4
17615,782,5,4
17616,782,12,2
17617,782,8,3
17618,782,234,3.5
17619,782,10,2
17620,782,216,3
17621,782,13,2
17622,782,207,2
17623,782,251,3
17624,782,249,4
17625,782,250,4
17626,782,219,2
17627,782,206,3
17628,782,235,2
17629,782,205,3.5
17630,782,213,1.5
17631,782,9,3
17632,782,7,4
17633,782,220,4
17634,782,214,4
17635,782,217,3
17636,783,7,3
17637,783,2,4
17638,783,1,3.5
17639,783,213,2.5
17640,783,219,3.5
17641,784,10,2.5
17642,784,11,2
17643,784,220,2.5
17644,784,215,3.5
17645,784,213,1.5
17646,784,241,1.5
17647,784,235,2.5
17648,784,13,2
17649,784,243,1.5
17650,784,206,2.5
17651,784,7,3
17652,784,257,1.5
17653,784,1,2.5
17654,784,236,3
17655,784,248,2.5
17656,784,12,2.5
17657,784,247,2.5
17658,784,17,3
17659,784,251,1.5
17660,784,2,3.5
17661,784,249,2
17662,784,4,2
17663,784,217,2.5
17664,784,210,3
17665,784,219,3.5
17666,784,234,3
17667,784,253,3.5
17668,784,246,3
17669,784,9,2
17670,784,205,3
17671,784,121,3
17672,784,216,3
17673,784,255,3.5
17674,784,207,2.5
17675,784,6,4
17676,784,239,3
17677,784,250,1.5
17678,784,233,3
17679,784,84,3
17680,784,252,3
17681,784,244,3.5
17682,784,212,3.5
17683,784,245,2.5
17684,784,211,3
17685,784,254,2.5
17686,784,256,3
17687,784,3,2.5
17688,784,8,3
17689,784,5,3
17690,784,214,3.5
17691,785,213,1.5
17692,785,216,2
17693,785,234,2
17694,785,2,2
17695,785,256,4
17696,785,219,4
17697,785,1,3.5
17698,785,9,2
17699,785,235,4
17700,785,3,3
17701,785,10,4
17702,785,12,1.5
17703,785,11,3
17704,785,215,4
17705,785,252,3.5
17706,785,236,3.5
17707,785,13,3
17708,785,5,4
17709,785,8,3
17710,786,7,3
17711,786,241,3.5
17712,786,3,4
17713,786,255,3
17714,786,11,4
17715,786,1,3.5
17716,786,256,3
17717,786,13,4
17718,786,248,3.5
17719,786,2,3
17720,786,254,3
17721,786,235,4
17722,786,10,4
17723,786,8,2
17724,786,216,1
17725,786,257,4
17726,786,205,3.5
17727,787,12,1.5
17728,787,207,1.5
17729,787,2,2.5
17730,787,7,2.5
17731,787,11,2
17732,787,239,3
17733,788,256,3
17734,788,3,3
17735,788,17,2
17736,788,205,2.5
17737,788,2,3.5
17738,788,255,2.5
17739,788,214,3.5
17740,788,243,2.5
17741,788,245,2.5
17742,788,234,2.5
17743,788,254,3.5
17744,788,207,3
17745,788,251,3.5
17746,788,235,1
17747,788,253,3.5
17748,788,8,3
17749,788,211,3
17750,788,247,3
17751,788,7,3.5
17752,788,233,3
17753,788,219,1.5
17754,788,12,3.5
17755,788,212,3
17756,788,250,2.5
17757,788,1,3
17758,788,6,2.5
17759,788,11,2.5
17760,788,236,3.5
17761,788,249,4
17762,788,257,2.5
17763,788,84,3
17764,788,244,3.5
17765,788,10,2.5
17766,788,210,3.5
17767,788,9,3.5
17768,788,248,3
17769,788,13,3.5
17770,788,215,3.5
17771,788,5,3
17772,788,213,1.5
17773,788,252,2
17774,788,241,3.5
17775,788,216,3
17776,788,206,2.5
17777,788,246,3
17778,788,4,2.5
17779,788,217,1.5
17780,788,220,0.5
17781,788,121,2
17782,788,239,3
17783,789,257,3.5
17784,789,207,3
17785,789,2,2.5
17786,789,17,4
17787,789,236,4
17788,789,11,4
17789,789,5,3.5
17790,789,12,3
17791,789,8,3.5
17792,790,234,3.5
17793,790,248,2.5
17794,790,245,3
17795,790,236,2
17796,790,205,2.5
17797,790,9,2
17798,790,1,3.5
17799,790,121,2
17800,790,255,3
17801,790,220,2.5
17802,790,214,3
17803,790,84,0.5
17804,790,10,1.5
17805,790,246,2
17806,790,1537,4
17807,790,12,1.5
17808,790,247,3.5
17809,790,239,3
17810,790,3,3
17811,790,256,2.5
17812,790,210,4
17813,790,8,3.5
17814,790,217,1.5
17815,790,206,1
17816,790,253,3.5
17817,790,212,2
17818,790,6,3
17819,790,4,4
17820,790,241,3
17821,790,17,2.5
17822,790,257,3
17823,790,213,3
17824,790,219,3
17825,790,244,4
17826,790,207,0.5
17827,790,216,3.5
17828,790,254,2
17829,790,235,2
17830,790,11,3.5
17831,790,250,2.5
17832,790,249,2
17833,790,211,4
17834,790,13,3.5
17835,790,2,2
17836,790,233,2.5
17837,790,252,1.5
17838,790,251,3
17839,790,5,2
17840,790,243,2.5
17841,790,7,2
17842,790,215,3.5
17843,791,252,3
17844,791,213,3.5
17845,791,11,4
17846,791,13,3.5
17847,791,1,3
17848,791,4,3.5
17849,791,17,4
17850,791,2,3.5
17851,791,235,4
17852,791,207,4
17853,791,3,3
17854,791,216,4
17855,791,7,4
17856,792,7,2
17857,792,84,3.5
17858,792,11,3.5
17859,792,206,3
17860,792,6,3
17861,792,17,1.5
17862,793,246,3.5
17863,793,256,4
17864,793,206,3.5
17865,793,121,3.5
17866,793,7,3
17867,793,207,4
17868,793,3,3.5
17869,793,210,4
17870,793,11,4
17871,793,220,3.5
17872,793,12,3
17873,793,4,4
17874,793,241,4
17875,793,13,3.5
17876,793,1,4
17877,793,205,3.5
17878,793,5,4
17879,794,213,4
17880,794,235,3
17881,794,13,4
17882,794,1,3
17883,794,236,3
17884,794,12,3.5
17885,794,2,4
17886,794,4,4
17887,794,217,3.5
17888,794,219,4
17889,794,234,3.5
17890,794,9,3.5
17891,794,216,3
17892,794,207,4
17893,794,239,4
17894,794,254,3
17895,794,5,3.5
17896,794,8,4
17897,794,10,3
17898,794,252,3
17899,794,11,4
17900,794,215,3.5
17901,795,249,3
17902,795,6,3
17903,795,675,4
17904,795,2,3
17905,795,219,3.5
17906,795,211,3
17907,795,236,3.5
17908,795,252,3
17909,795,212,3
17910,795,8,3.5
17911,795,11,2
17912,795,218,4
17913,795,241,3.5
17914,795,84,3
17915,795,251,3
17916,795,1,3.5
17917,795,4,2.5
17918,795,12,4
17919,795,207,3.5
17920,795,17,4
17921,795,253,3
17922,795,9,2.5
17923,795,121,3
17924,795,220,3
17925,795,250,3
17926,795,233,3
17927,795,206,3
17928,795,234,2.5
17929,795,235,3
17930,795,3,3.5
17931,795,5,3
17932,795,403,3.5
17933,795,216,3
17934,795,257,3
17935,795,7,4
17936,795,205,4
17937,796,257,3
17938,796,7,3
17939,797,6,2.5
17940,797,247,3
17941,797,207,3.5
17942,797,216,4
17943,797,3,1
17944,797,256,2
17945,797,235,2.5
17946,797,2,4
17947,797,212,1.5
17948,797,4,3.5
17949,797,251,3
17950,797,241,2.5
17951,797,17,3.5
17952,797,257,2
17953,797,213,2.5
17954,797,219,3.5
17955,797,215,2
17956,797,244,2
17957,797,254,2.5
17958,797,11,4
17959,797,250,1.5
17960,797,236,4
17961,797,249,2
17962,797,211,3
17963,797,13,1
17964,797,205,3.5
17965,797,233,2.5
17966,797,252,2.5
17967,797,5,2.5
17968,797,1,1.5
17969,797,243,3
17970,797,7,3
17971,797,255,2
17972,797,214,3.5
17973,797,234,2
17974,797,10,3
17975,797,248,3.5
17976,797,245,3
17977,797,246,1.5
17978,797,12,2
17979,797,9,3
17980,797,220,2.5
17981,797,121,2.5
17982,797,239,1
17983,797,210,1.5
17984,797,8,3.5
17985,797,217,2.5
17986,797,84,2
17987,797,206,2
17988,797,253,2
17989,798,536,4
17990,798,363,4
17991,799,13,2.5
17992,799,215,4
17993,800,246,3
17994,800,236,2
17995,800,213,3.5
17996,800,235,1
17997,800,9,4
17998,800,255,1
17999,800,216,2
18000,800,210,3
18001,800,205,2
18002,800,252,3.5
18003,800,1,2.5
18004,800,248,4
18005,800,8,3
18006,800,254,2
18007,800,13,3.5
18008,800,215,4
18009,800,243,2.5
18010,800,245,3.5
18011,800,84,2.5
18012,800,217,4
18013,800,5,1.5
18014,800,256,3.5
18015,800,241,2
18016,800,211,3.5
18017,800,11,2.5
18018,800,219,3.5
18019,800,253,4
18020,800,4,0.5
18021,800,6,4
18022,800,233,3
18023,800,207,3.5
18024,800,250,4
18025,800,206,2
18026,800,121,3.5
18027,800,244,3
18028,800,17,3
18029,800,7,3.5
18030,800,12,2
18031,800,234,2.5
18032,800,247,2
18033,800,220,1.5
18034,800,249,3.5
18035,800,239,2.5
18036,800,10,1.5
18037,800,212,0.5
18038,800,257,3.5
18039,800,214,2.5
18040,800,2,1.5
18041,800,3,1
18042,800,251,4
18043,801,705,4
18044,801,10,3.5
18045,801,5,3
18046,801,251,3
18047,801,219,3.5
18048,801,1173,3.5
18049,801,12,2.5
18050,802,11,3.5
18051,802,13,3.5
18052,802,7,3.5
18053,803,254,4
18054,803,1,4
18055,803,2,4
18056,804,310,4
18057,805,215,4
18058,805,254,2.5
18059,805,213,2
18060,805,10,2
18061,805,8,4
18062,805,9,4
18063,805,255,3.5
18064,805,3,3
18065,805,257,4
18066,805,13,4
18067,805,234,3
18068,805,2,4
18069,805,7,2
18070,805,216,1.5
18071,806,1538,3
18072,806,1539,0.5
18073,806,1540,3.5
18074,806,431,3.5
18075,807,205,3
18076,807,211,3.5
18077,807,207,3
18078,807,255,2.5
18079,807,17,4
18080,807,215,4
18081,807,3,1.5
18082,807,250,3
18083,807,1,3
18084,807,236,3.5
18085,807,210,2.5
18086,807,11,4
18087,807,9,4
18088,807,4,3.5
18089,807,6,3.5
18090,807,8,2.5
18091,808,246,3
18092,808,217,3
18093,808,215,3
18094,808,17,3
18095,808,205,3
18096,808,432,4
18097,808,255,3
18098,808,214,4
18099,808,245,3.5
18100,808,239,4
18101,808,234,3.5
18102,808,207,3
18103,808,8,3.5
18104,808,211,3.5
18105,808,3,2.5
18106,808,2,2.5
18107,808,1541,4
18108,808,7,4
18109,808,219,3
18110,808,212,3.5
18111,808,1,3
18112,808,6,2
18113,808,11,0.5
18114,808,10,0.5
18115,808,233,2.5
18116,808,13,0.5
18117,808,5,2.5
18118,808,213,0.5
18119,808,252,3
18120,808,216,3
18121,809,235,4
18122,810,207,3.5
18123,810,206,3.5
18124,810,12,3.5
18125,810,217,2
18126,810,1211,4
18127,810,8,1
18128,810,251,4
18129,810,216,2
18130,810,84,2.5
18131,810,17,2
18132,810,1260,4
18133,810,236,3.5
18134,810,215,2
18135,810,7,4
18136,810,219,3
18137,810,255,4
18138,810,1,3
18139,810,235,2
18140,810,2,4
18141,810,9,4
18142,810,250,3.5
18143,810,1542,4
18144,811,309,4
18145,812,714,3.5
18146,812,410,0.5
18147,812,274,4
18148,812,217,4
18149,812,241,3
18150,812,832,3
18151,812,1543,2
18152,812,1195,2
18153,812,522,3
18154,812,808,3
18155,812,851,1
18156,812,425,1.5
18157,812,1544,4
18158,812,835,2
18159,812,1545,1.5
18160,812,206,4
18161,812,702,4
18162,812,293,4
18163,812,13,3
18164,812,1016,2
18165,812,583,2
18166,812,292,0.5
18167,812,207,4
18168,812,663,1
18169,812,256,2
18170,812,219,4
18171,812,746,4
18172,812,5,4
18173,812,662,2
18174,812,284,3.5
18175,812,1546,1
18176,812,382,4
18177,812,1547,3.5
18178,812,121,3
18179,812,2,4
18180,812,1513,3.5
18181,812,10,4
18182,812,3,2
18183,812,400,3
18184,812,1548,4
18185,812,831,4
18186,812,1,3
18187,812,1053,4
18188,812,706,4
18189,812,661,4
18190,812,211,4
18191,812,1549,4
18192,812,1160,3
18193,812,347,4
18194,812,235,2.5
18195,812,205,3.5
18196,812,336,3
18197,812,1550,1.5
18198,812,1551,1.5
18199,812,12,3.5
18200,812,1552,2.5
18201,812,17,3
18202,812,881,1
18203,812,709,3
18204,812,250,4
18205,812,366,3
18206,812,251,2
18207,812,862,2
18208,812,7,1
18209,812,1553,4
18210,812,242,3
18211,812,501,2.5
18212,813,241,2
18213,813,8,3
18214,813,148,3.5
18215,813,216,0.5
18216,813,235,1.5
18217,813,7,2
18218,813,1554,0.5
18219,813,206,3
18220,813,239,1.5
18221,813,2,3
18222,813,215,4
18223,813,3,2
18224,813,1,1
18225,813,1555,3.5
18226,813,1556,4
18227,813,17,3.5
18228,813,10,1
18229,813,1557,4
18230,814,84,2.5
18231,814,207,4
18232,814,251,3
18233,814,249,2.5
18234,814,250,4
18235,814,219,4
18236,814,254,3
18237,814,9,4
18238,814,7,4
18239,814,246,3.5
18240,814,206,4
18241,814,257,1
18242,814,247,2.5
18243,814,235,1.5
18244,814,205,2.5
18245,814,239,3
18246,814,213,3.5
18247,814,2,3.5
18248,814,4,4
18249,814,215,3.5
18250,814,210,1
18251,814,233,2.5
18252,814,248,1.5
18253,814,3,4
18254,814,11,4
18255,814,1,3.5
18256,814,253,3
18257,814,220,3.5
18258,814,256,2
18259,814,214,2.5
18260,814,217,2.5
18261,814,243,2.5
18262,814,17,3.5
18263,814,10,3.5
18264,814,211,4
18265,814,255,4
18266,814,212,3.5
18267,814,245,3.5
18268,814,252,2.5
18269,814,236,3.5
18270,814,244,4
18271,814,5,4
18272,814,12,4
18273,814,241,3
18274,814,6,3.5
18275,814,8,4
18276,814,234,3.5
18277,814,216,3
18278,814,13,2.5
18279,814,121,3
18280,815,2,2
18281,815,1166,0.5
18282,815,1181,4
18283,815,3,2
18284,815,257,3
18285,815,219,4
18286,815,1,3
18287,815,9,0.5
18288,815,211,4
18289,815,212,0.5
18290,815,245,3
18291,815,214,0.5
18292,815,1177,1
18293,815,235,0.5
18294,815,246,0.5
18295,815,205,0.5
18296,815,210,0.5
18297,815,247,0.5
18298,815,10,0.5
18299,815,239,0.5
18300,815,248,0.5
18301,815,12,4
18302,815,243,0.5
18303,815,249,0.5
18304,815,1169,4
18305,815,220,2
18306,815,11,4
18307,815,215,3
18308,815,250,0.5
18309,815,1167,4
18310,815,251,0.5
18311,815,244,0.5
18312,815,84,0.5
18313,815,252,0.5
18314,815,233,4
18315,815,217,0.5
18316,815,241,0.5
18317,815,6,0.5
18318,815,17,0.5
18319,815,253,0.5
18320,815,1168,4
18321,815,254,0.5
18322,815,255,1
18323,815,1172,1
18324,815,1170,0.5
18325,815,7,4
18326,815,236,0.5
18327,815,206,0.5
18328,815,4,0.5
18329,815,13,4
18330,815,207,0.5
18331,815,256,0.5
18332,815,1176,3
18333,815,1179,4
18334,815,5,2
18335,815,8,1
18336,815,213,3
18337,815,216,0.5
18338,815,234,1
18339,815,121,0.5
18340,816,1,3.5
18341,816,236,2
18342,816,2,4
18343,816,7,3
18344,816,278,4
18345,816,239,3
18346,816,12,1.5
18347,816,434,4
18348,817,245,4
18349,817,211,4
18350,817,254,2.5
18351,817,256,4
18352,817,3,4
18353,817,8,3
18354,817,5,4
18355,817,214,3.5
18356,817,10,3.5
18357,817,252,4
18358,817,11,4
18359,817,220,4
18360,817,215,3.5
18361,817,213,4
18362,817,241,4
18363,817,235,4
18364,817,13,2.5
18365,817,243,4
18366,817,206,4
18367,817,7,4
18368,817,257,2.5
18369,817,1,4
18370,817,236,1
18371,817,248,4
18372,817,12,2.5
18373,817,247,3.5
18374,817,17,4
18375,817,251,3
18376,817,2,3
18377,817,249,4
18378,817,4,4
18379,817,217,4
18380,817,210,4
18381,817,219,2.5
18382,817,234,3.5
18383,817,253,3
18384,817,246,3.5
18385,817,9,2
18386,817,205,4
18387,817,121,2.5
18388,817,216,4
18389,817,255,4
18390,817,207,4
18391,817,6,3.5
18392,817,239,4
18393,817,250,3.5
18394,817,233,3.5
18395,817,84,3
18396,817,244,4
18397,817,212,3.5
18398,818,248,3
18399,818,13,3.5
18400,818,5,3
18401,818,213,4
18402,818,252,3
18403,818,241,3
18404,818,216,2
18405,818,246,3.5
18406,818,206,3
18407,818,4,4
18408,818,217,3
18409,818,121,3
18410,818,239,4
18411,818,256,3
18412,818,215,4
18413,818,17,3
18414,818,205,2
18415,818,255,3.5
18416,818,214,3
18417,818,220,3
18418,818,243,3
18419,818,245,3
18420,818,234,3
18421,818,254,3.5
18422,818,207,3.5
18423,818,251,3
18424,818,235,3
18425,818,253,2.5
18426,818,8,3.5
18427,818,211,3.5
18428,818,3,2.5
18429,818,247,3
18430,818,2,3.5
18431,818,7,4
18432,818,233,3
18433,818,219,3
18434,818,212,3
18435,818,12,4
18436,818,250,3
18437,818,1,4
18438,818,6,3.5
18439,818,11,4
18440,818,236,3
18441,818,249,3
18442,818,257,4
18443,818,84,3
18444,818,244,2.5
18445,818,10,3.5
18446,818,210,3
18447,818,9,3
18448,819,5,4
18449,819,12,2.5
18450,819,11,4
18451,819,8,4
18452,819,207,3.5
18453,819,4,4
18454,819,2,3.5
18455,819,215,4
18456,819,9,3
18457,819,17,4
18458,819,236,3
18459,819,255,3.5
18460,820,7,3.5
18461,820,4,3.5
18462,820,9,3.5
18463,820,236,4
18464,820,219,3
18465,820,1,3.5
18466,820,207,3
18467,820,12,2.5
18468,821,251,4
18469,821,244,4
18470,821,235,4
18471,821,1,4
18472,821,253,4
18473,821,5,4
18474,821,216,3.5
18475,821,217,3
18476,821,205,4
18477,821,214,4
18478,821,220,4
18479,821,256,4
18480,821,233,3.5
18481,821,234,4
18482,821,3,3.5
18483,821,7,4
18484,821,219,4
18485,821,236,4
18486,821,252,3.5
18487,821,215,3
18488,821,241,4
18489,821,249,4
18490,821,13,4
18491,821,2,4
18492,821,211,4
18493,821,245,4
18494,821,207,4
18495,821,255,4
18496,821,121,4
18497,821,10,3
18498,821,8,3.5
18499,822,7,3
18500,822,207,3.5
18501,822,12,3.5
18502,822,235,3
18503,822,1,3
18504,822,5,3
18505,823,12,0.5
18506,823,11,3.5
18507,823,8,2
18508,823,7,1.5
18509,823,207,2.5
18510,823,257,0.5
18511,823,9,3.5
18512,824,249,3
18513,824,341,3.5
18514,824,11,4
18515,824,589,4
18516,824,215,4
18517,824,441,4
18518,824,214,2
18519,824,243,4
18520,824,13,4
18521,825,294,4
18522,825,1234,4
18523,825,715,2.5
18524,825,1210,1
18525,825,882,3
18526,825,1558,3.5
18527,825,1559,4
18528,825,267,1
18529,825,2,3.5
18530,825,459,3.5
18531,825,455,3.5
18532,825,512,3.5
18533,825,219,3
18534,825,1,3
18535,825,764,3.5
18536,825,1053,2
18537,825,295,3.5
18538,825,1560,2.5
18539,825,499,3
18540,825,1561,4
18541,825,347,3.5
18542,825,235,3.5
18543,825,1174,4
18544,825,533,3.5
18545,825,278,4
18546,825,435,4
18547,825,432,4
18548,825,400,3
18549,825,31,4
18550,825,218,4
18551,825,681,3
18552,825,73,3.5
18553,825,728,4
18554,825,242,4
18555,825,1562,3.5
18556,825,501,3.5
18557,825,397,3.5
18558,825,274,4
18559,825,719,2.5
18560,825,318,4
18561,825,270,4
18562,825,696,4
18563,825,752,4
18564,825,17,3
18565,825,536,4
18566,825,7,3.5
18567,825,1563,4
18568,825,70,2.5
18569,825,236,4
18570,825,1564,3
18571,825,496,4
18572,825,293,4
18573,825,410,4
18574,825,520,3.5
18575,825,207,3.5
18576,826,235,4
18577,826,239,4
18578,826,213,4
18579,826,2,4
18580,826,4,4
18581,826,9,0.5
18582,826,248,3.5
18583,826,7,4
18584,826,210,4
18585,826,3,4
18586,826,206,4
18587,826,220,1.5
18588,826,214,3.5
18589,826,217,4
18590,826,205,4
18591,826,243,4
18592,826,17,4
18593,826,233,4
18594,826,215,4
18595,826,11,4
18596,826,253,4
18597,826,1,4
18598,826,211,4
18599,826,256,4
18600,826,212,4
18601,826,245,4
18602,826,252,4
18603,826,12,3
18604,826,236,3.5
18605,826,244,4
18606,826,5,4
18607,826,241,4
18608,826,6,4
18609,826,8,4
18610,826,255,4
18611,826,234,4
18612,826,10,4
18613,826,216,4
18614,826,13,4
18615,826,121,3.5
18616,826,84,4
18617,826,207,4
18618,826,251,4
18619,826,249,3.5
18620,826,250,4
18621,826,219,4
18622,826,254,3.5
18623,826,246,4
18624,826,257,4
18625,826,247,4
18626,827,4,3
18627,827,218,4
18628,827,7,2.5
18629,827,861,2
18630,828,251,3.5
18631,828,216,3.5
18632,828,218,4
18633,828,257,3.5
18634,828,1,3.5
18635,828,210,3
18636,828,12,2.5
18637,828,8,3
18638,828,205,3.5
18639,828,235,2.5
18640,828,207,3.5
18641,828,17,2.5
18642,828,206,3
18643,828,239,3.5
18644,828,7,3.5
18645,829,236,1.5
18646,829,255,3
18647,829,6,1
18648,829,207,3
18649,829,245,4
18650,829,123,4
18651,829,3,3
18652,829,8,2
18653,829,1396,3
18654,829,10,2
18655,829,11,2.5
18656,829,213,3.5
18657,829,491,4
18658,829,13,4
18659,829,1397,1
18660,829,7,4
18661,829,206,4
18662,829,1,3
18663,829,434,4
18664,829,17,3
18665,829,2,3.5
18666,829,4,1.5
18667,829,235,3
18668,830,197,4
18669,830,192,3.5
18670,830,207,3
18671,830,117,3.5
18672,830,234,4
18673,830,341,1.5
18674,830,1017,2.5
18675,830,66,3.5
18676,830,54,4
18677,830,57,3
18678,830,1499,3
18679,830,347,4
18680,830,704,4
18681,830,202,3
18682,830,835,3
18683,830,400,3.5
18684,830,147,3.5
18685,830,729,3.5
18686,830,169,3
18687,830,34,3
18688,830,484,4
18689,830,340,3.5
18690,830,425,3
18691,830,241,4
18692,830,201,3
18693,830,107,4
18694,830,30,4
18695,830,130,3
18696,830,118,4
18697,830,245,3.5
18698,830,43,3.5
18699,830,1475,4
18700,830,1028,3
18701,830,1183,1
18702,830,1026,3
18703,830,155,3
18704,830,1256,3.5
18705,830,307,2.5
18706,830,17,3.5
18707,830,86,3.5
18708,830,139,3.5
18709,830,899,3.5
18710,830,394,3.5
18711,830,661,3.5
18712,830,161,3
18713,830,200,3.5
18714,830,754,3.5
18715,830,428,2.5
18716,830,1565,3
18717,830,336,3.5
18718,830,181,4
18719,830,881,3.5
18720,830,657,4
18721,830,151,3
18722,830,675,3
18723,830,198,3
18724,830,183,3
18725,830,870,4
18726,830,82,4
18727,830,76,3
18728,830,53,3.5
18729,830,811,4
18730,830,678,3.5
18731,830,163,2.5
18732,830,875,1.5
18733,830,348,4
18734,830,126,4
18735,830,763,3.5
18736,830,1566,3
18737,830,35,4
18738,830,15,3
18739,830,52,3.5
18740,830,1301,2.5
18741,830,193,3.5
18742,830,1273,4
18743,830,206,4
18744,830,144,4
18745,830,300,4
18746,830,1187,4
18747,830,1567,3.5
18748,830,805,3
18749,830,397,3.5
18750,830,189,3.5
18751,830,60,3
18752,830,819,3.5
18753,830,24,2.5
18754,830,7,3
18755,830,1568,3.5
18756,830,55,3.5
18757,830,478,3
18758,830,114,3
18759,830,75,3
18760,830,71,3.5
18761,830,131,3.5
18762,830,186,4
18763,830,3,4
18764,830,89,3.5
18765,830,153,4
18766,830,136,4
18767,831,245,4
18768,831,239,4
18769,831,1569,0.5
18770,831,207,3.5
18771,831,344,2.5
18772,831,3,4
18773,831,337,3
18774,831,977,4
18775,831,518,4
18776,831,1570,3
18777,831,7,4
18778,831,233,3
18779,831,1571,3
18780,831,254,3.5
18781,831,1,4
18782,831,250,4
18783,831,486,4
18784,831,781,0.5
18785,831,1572,4
18786,831,1187,4
18787,831,557,2
18788,831,244,3.5
18789,831,1573,4
18790,831,1574,4
18791,831,485,4
18792,831,13,4
18793,831,1575,4
18794,831,1576,4
18795,831,241,3.5
18796,831,770,4
18797,831,810,3
18798,831,585,1
18799,831,787,1
18800,831,377,2.5
18801,831,1577,4
18802,831,217,4
18803,831,805,4
18804,831,1578,1.5
18805,831,383,2
18806,831,215,4
18807,831,410,4
18808,831,1579,2
18809,831,1580,3
18810,831,1581,4
18811,831,17,3
18812,831,205,3.5
18813,831,1582,1
18814,831,657,4
18815,831,1583,3
18816,832,215,3
18817,833,4,3
18818,833,1,3.5
18819,833,11,4
18820,833,10,4
18821,834,211,4
18822,834,235,1.5
18823,834,17,3
18824,834,7,3
18825,834,253,4
18826,834,3,3.5
18827,834,9,4
18828,834,6,3.5
18829,834,241,0.5
18830,835,11,4
18831,835,205,4
18832,835,8,4
18833,835,9,4
18834,835,4,4
18835,835,7,4
18836,835,17,4
18837,835,236,4
18838,836,1584,4
18839,836,256,3
18840,836,233,3
18841,836,250,3
18842,836,246,4
18843,836,234,3
18844,836,3,3.5
18845,836,249,3
18846,836,6,4
18847,836,2,1.5
18848,836,7,2.5
18849,836,219,3.5
18850,836,243,2.5
18851,836,236,4
18852,836,210,2.5
18853,836,1585,3.5
18854,836,252,4
18855,836,254,2.5
18856,836,255,4
18857,836,212,4
18858,836,8,3
18859,836,215,4
18860,836,241,4
18861,836,248,3
18862,836,13,1.5
18863,836,211,4
18864,836,245,3.5
18865,836,4,4
18866,836,207,3
18867,836,1,2
18868,836,477,3.5
18869,836,9,4
18870,836,10,3
18871,836,121,3.5
18872,836,11,4
18873,836,1586,3
18874,836,1587,4
18875,836,84,3.5
18876,836,251,3
18877,836,217,2.5
18878,836,244,3.5
18879,836,12,3.5
18880,836,206,2.5
18881,836,17,4
18882,836,235,1.5
18883,836,253,4
18884,836,239,2.5
18885,836,247,3
18886,836,5,3.5
18887,836,47,3
18888,836,213,3.5
18889,836,216,3.5
18890,836,257,2.5
18891,836,1588,3
18892,836,205,2.5
18893,836,214,3.5
18894,836,220,3
18895,836,564,2.5
18896,837,591,3
18897,837,590,3.5
18898,837,251,3
18899,837,255,3
18900,837,250,3
18901,837,219,3.5
18902,837,586,1.5
18903,837,9,3
18904,837,211,3.5
18905,837,365,3.5
18906,837,207,2.5
18907,837,336,2
18908,837,91,3.5
18909,837,5,3
18910,837,8,2.5
18911,837,7,2.5
18912,837,215,3.5
18913,837,17,3
18914,837,2,3
18915,837,213,3
18916,837,584,0.5
18917,837,236,3
18918,838,1589,2
18919,838,217,1
18920,838,210,3.5
18921,838,219,2.5
18922,838,234,3
18923,838,212,1.5
18924,838,245,3.5
18925,838,968,2
18926,838,211,2.5
18927,838,216,3.5
18928,838,207,4
18929,838,233,2
18930,838,961,3
18931,838,254,3
18932,838,944,4
18933,838,3,0.5
18934,838,5,2
18935,838,7,3.5
18936,838,257,1.5
18937,838,10,0.5
18938,838,11,1
18939,838,220,1.5
18940,838,215,2
18941,838,299,2.5
18942,838,2,3
18943,838,213,1.5
18944,838,4,1.5
18945,838,241,2.5
18946,838,1036,3
18947,838,235,3
18948,838,13,3
18949,838,1,1
18950,838,12,3
18951,838,847,2
18952,838,205,2.5
18953,838,247,2
18954,838,17,3.5
18955,838,251,3
18956,838,255,0.5
18957,838,923,2
18958,838,239,3
18959,839,226,4
18960,839,228,4
18961,839,424,4
18962,839,17,4
18963,839,225,3.5
18964,839,255,4
18965,839,232,3.5
18966,839,7,1.5
18967,839,236,3.5
18968,839,4,1
18969,839,13,1.5
18970,839,230,4
18971,839,222,3.5
18972,839,5,3.5
18973,839,413,4
18974,839,1082,4
18975,839,221,3.5
18976,839,223,4
18977,839,396,4
18978,839,227,4
18979,839,229,4
18980,839,1102,3.5
18981,839,2,2
18982,839,1590,4
18983,839,231,4
18984,839,219,3
18985,839,9,2
18986,839,211,3.5
18987,839,657,4
18988,839,620,3.5
18989,839,224,3.5
18990,839,1591,4
18991,839,805,4
18992,839,1194,4
18993,839,11,2
18994,839,1029,4
18995,840,9,4
18996,840,254,4
18997,840,3,4
18998,840,207,4
18999,840,8,4
19000,840,233,3.5
19001,840,11,4
19002,840,213,3.5
19003,840,241,3.5
19004,840,13,3.5
19005,840,5,4
19006,840,7,4
19007,840,257,3.5
19008,840,10,3.5
19009,840,17,3.5
19010,840,4,4
19011,840,235,4
19012,840,1,3.5
19013,840,12,4
19014,840,121,3.5
19015,840,255,3.5
19016,841,236,3
19017,841,11,4
19018,841,2,4
19019,841,4,4
19020,841,13,4
19021,841,291,3.5
19022,841,8,4
19023,841,1,2
19024,841,1566,4
19025,841,7,0.5
19026,841,805,4
19027,842,256,3.5
19028,842,247,3.5
19029,842,702,3.5
19030,842,1077,3.5
19031,842,10,2
19032,842,1592,4
19033,842,489,0.5
19034,842,278,3.5
19035,842,291,3
19036,842,2,3
19037,842,244,2.5
19038,842,1087,3.5
19039,842,407,0.5
19040,842,6,4
19041,842,220,3.5
19042,842,1116,4
19043,842,215,4
19044,842,121,2.5
19045,842,242,4
19046,842,315,3.5
19047,842,1,4
19048,842,235,2
19049,842,408,4
19050,842,245,2.5
19051,842,257,2
19052,842,9,4
19053,842,1119,4
19054,842,1097,4
19055,842,1076,0.5
19056,842,743,0.5
19057,842,255,3
19058,842,5,4
19059,842,233,3.5
19060,842,589,2.5
19061,842,1091,4
19062,842,461,0.5
19063,842,494,3.5
19064,842,1118,4
19065,842,8,3.5
19066,842,249,2
19067,842,391,3.5
19068,842,805,4
19069,842,216,0.5
19070,842,1093,2
19071,842,250,4
19072,842,207,1
19073,842,217,2.5
19074,842,441,0.5
19075,842,536,1.5
19076,842,13,2.5
19077,842,1099,3.5
19078,842,240,1.5
19079,842,519,3
19080,842,206,4
19081,842,252,2
19082,842,246,4
19083,842,205,2
19084,842,11,3.5
19085,842,977,3
19086,842,214,2
19087,842,845,4
19088,842,1075,3
19089,842,658,3.5
19090,842,211,4
19091,842,236,4
19092,842,3,2
19093,842,638,3.5
19094,842,241,2
19095,842,7,2.5
19096,842,17,4
19097,842,1103,3.5
19098,842,675,4
19099,842,451,4
19100,842,212,3
19101,842,1114,4
19102,842,425,3
19103,842,525,3.5
19104,842,213,4
19105,842,239,3.5
19106,842,714,3.5
19107,842,253,3.5
19108,842,248,2
19109,842,1415,4
19110,842,234,3
19111,842,388,2.5
19112,842,4,1
19113,842,254,0.5
19114,842,243,0.5
19115,842,84,3.5
19116,842,1082,4
19117,842,12,2
19118,842,251,3.5
19119,842,1090,3.5
19120,842,431,3.5
19121,842,781,2
19122,842,1593,3.5
19123,842,219,3
19124,842,399,3.5
19125,842,210,1.5
19126,842,415,4
19127,843,239,2
19128,843,215,2
19129,843,214,2
19130,843,213,2
19131,843,1,2
19132,843,13,2
19133,843,2,2
19134,843,234,2
19135,843,1517,4
19136,843,10,2
19137,843,212,2
19138,843,216,2
19139,843,205,2
19140,843,11,3.5
19141,843,7,2
19142,843,3,2
19143,844,236,2.5
19144,844,8,4
19145,844,121,3.5
19146,844,13,3.5
19147,844,2,4
19148,844,219,3.5
19149,844,246,2.5
19150,844,10,3
19151,844,235,3
19152,844,207,3.5
19153,844,205,3.5
19154,844,7,2.5
19155,844,250,3.5
19156,844,1,3.5
19157,844,206,4
19158,845,1594,4
19159,845,233,3.5
19160,845,267,3
19161,845,345,3.5
19162,845,13,3.5
19163,845,842,4
19164,845,21,2.5
19165,845,2,3.5
19166,845,1566,4
19167,845,160,3.5
19168,845,239,4
19169,845,1595,4
19170,845,487,4
19171,845,213,4
19172,845,242,3
19173,845,252,3.5
19174,845,218,4
19175,845,294,3.5
19176,845,217,4
19177,845,12,4
19178,845,806,3.5
19179,845,70,2
19180,845,494,4
19181,845,219,3.5
19182,845,10,4
19183,845,205,3.5
19184,845,236,3
19185,845,253,4
19186,845,1455,3.5
19187,845,7,4
19188,845,1596,1
19189,845,180,3.5
19190,845,1597,3.5
19191,845,8,4
19192,845,379,3.5
19193,845,534,4
19194,845,251,3
19195,845,1598,3.5
19196,845,1010,4
19197,845,206,4
19198,845,876,2
19199,845,585,3
19200,845,270,3.5
19201,845,211,3.5
19202,845,1599,3.5
19203,845,245,3.5
19204,845,318,4
19205,845,248,4
19206,845,212,4
19207,845,550,3.5
19208,845,307,4
19209,845,409,1.5
19210,845,1600,3.5
19211,845,519,3.5
19212,845,1486,3.5
19213,845,121,3.5
19214,845,1219,4
19215,845,530,4
19216,845,330,3.5
19217,845,1601,3.5
19218,845,383,3
19219,845,589,3
19220,845,207,4
19221,845,472,3.5
19222,845,1602,3.5
19223,845,59,3
19224,845,1603,4
19225,845,244,3.5
19226,845,1604,3
19227,845,1198,3.5
19228,845,1605,3.5
19229,845,84,3
19230,845,616,4
19231,845,705,4
19232,845,1606,3
19233,845,441,2
19234,845,1607,3
19235,845,347,3.5
19236,845,509,3.5
19237,845,1608,2.5
19238,845,3,4
19239,845,247,3.5
19240,845,900,3.5
19241,845,977,4
19242,845,183,3
19243,845,234,3.5
19244,845,1609,3.5
19245,845,17,3
19246,845,1610,1
19247,845,512,3.5
19248,845,1611,1.5
19249,845,560,3.5
19250,845,1072,3.5
19251,845,532,3.5
19252,845,805,3
19253,845,432,3.5
19254,845,406,3.5
19255,845,250,4
19256,845,1612,4
19257,845,719,2.5
19258,845,1613,3.5
19259,845,486,4
19260,845,477,3
19261,845,202,3
19262,845,536,2.5
19263,845,1023,3
19264,845,265,3
19265,845,241,3.5
19266,845,638,3.5
19267,845,256,3.5
19268,845,1614,3.5
19269,845,216,3.5
19270,845,343,2.5
19271,845,1,3.5
19272,845,1615,3.5
19273,845,1616,3
19274,845,442,3.5
19275,845,215,4
19276,845,295,3.5
19277,845,96,4
19278,845,1617,4
19279,845,942,3.5
19280,845,623,3
19281,845,1618,2.5
19282,845,1619,2.5
19283,846,219,3
19284,846,215,1.5
19285,846,13,3
19286,846,84,3
19287,846,11,3
19288,846,12,1.5
19289,846,251,3.5
19290,846,17,1.5
19291,846,241,4
19292,846,243,3.5
19293,846,236,2.5
19294,846,247,1
19295,846,217,3
19296,846,220,3
19297,846,235,3
19298,846,9,1
19299,847,220,4
19300,847,348,4
19301,847,239,4
19302,847,207,2.5
19303,847,251,4
19304,847,235,2
19305,847,728,4
19306,847,8,1
19307,847,211,2.5
19308,847,3,3.5
19309,847,2,2
19310,847,1620,4
19311,847,7,2
19312,847,43,4
19313,847,219,3.5
19314,847,212,3.5
19315,847,12,4
19316,847,250,4
19317,847,6,0.5
19318,847,11,1.5
19319,847,236,2.5
19320,847,1621,4
19321,847,84,3.5
19322,847,1059,4
19323,847,1622,4
19324,847,244,3
19325,847,10,3
19326,847,210,2
19327,847,233,2.5
19328,847,1574,4
19329,847,248,3.5
19330,847,13,3
19331,847,1,3.5
19332,847,213,0.5
19333,847,1623,4
19334,847,5,3
19335,847,1624,4
19336,847,999,4
19337,847,252,2.5
19338,847,241,4
19339,847,216,3
19340,847,257,2.5
19341,847,206,2
19342,847,246,3
19343,847,4,1
19344,847,1625,4
19345,847,217,3
19346,847,662,4
19347,847,9,2.5
19348,847,1221,4
19349,847,256,3
19350,847,215,2.5
19351,847,17,0.5
19352,847,279,4
19353,847,205,4
19354,847,1001,4
19355,847,1195,4
19356,848,9,3.5
19357,848,254,4
19358,848,355,4
19359,848,1626,3.5
19360,848,1601,2.5
19361,848,11,4
19362,848,656,4
19363,848,343,4
19364,848,1274,3
19365,848,572,4
19366,848,239,3
19367,848,1536,3
19368,848,1627,4
19369,848,769,4
19370,848,1628,3.5
19371,848,4,3
19372,848,1629,3.5
19373,848,10,4
19374,848,1,4
19375,848,318,4
19376,848,13,4
19377,848,301,3
19378,848,560,3
19379,848,518,4
19380,848,213,3.5
19381,848,1630,1
19382,848,604,3.5
19383,848,234,3
19384,849,259,3
19385,849,236,3.5
19386,849,585,2.5
19387,849,7,2.5
19388,849,275,4
19389,849,787,3.5
19390,849,805,4
19391,849,278,3
19392,849,1173,3.5
19393,849,781,4
19394,849,239,1
19395,849,1631,3
19396,849,1070,4
19397,849,1632,3.5
19398,849,3,2
19399,849,213,3
19400,849,1256,3
19401,849,1038,4
19402,849,832,2.5
19403,849,347,4
19404,849,1633,4
19405,849,1088,3.5
19406,849,5,2.5
19407,849,294,3
19408,849,297,3
19409,849,746,3.5
19410,849,17,1.5
19411,849,940,4
19412,849,211,3
19413,849,1372,3
19414,849,397,3
19415,849,486,3
19416,849,957,3.5
19417,849,241,2.5
19418,849,847,3.5
19419,849,1634,3
19420,849,242,3.5
19421,849,2,3.5
19422,850,241,4
19423,850,11,4
19424,851,8,3.5
19425,851,211,4
19426,851,234,2
19427,851,10,3.5
19428,851,255,3.5
19429,851,216,3.5
19430,851,13,3
19431,851,121,2.5
19432,851,84,3
19433,851,207,3.5
19434,851,251,4
19435,851,249,3.5
19436,851,250,2
19437,851,219,3.5
19438,851,252,2.5
19439,851,246,3
19440,851,5,3
19441,851,241,3.5
19442,851,6,4
19443,851,235,2
19444,851,239,2.5
19445,851,213,3.5
19446,851,2,3.5
19447,851,254,4
19448,851,4,1
19449,851,9,3.5
19450,851,7,0.5
19451,851,210,3.5
19452,851,206,2.5
19453,851,257,3.5
19454,851,247,2
19455,851,214,4
19456,851,205,2.5
19457,851,243,3
19458,851,17,4
19459,851,248,3
19460,851,233,3.5
19461,851,215,3
19462,851,3,3.5
19463,851,11,4
19464,851,253,3.5
19465,851,1,3
19466,851,220,1
19467,851,256,3
19468,851,212,2
19469,851,217,3
19470,851,245,3.5
19471,851,236,4
19472,851,244,4
19473,851,12,4
19474,852,8,4
19475,852,211,2
19476,852,3,4
19477,852,17,2
19478,852,2,3
19479,852,214,3.5
19480,852,243,2
19481,852,234,2
19482,852,212,2.5
19483,852,12,4
19484,852,254,2
19485,852,250,4
19486,852,207,4
19487,852,251,4
19488,852,235,2.5
19489,852,11,4
19490,852,253,4
19491,852,236,1
19492,852,247,2
19493,852,244,2
19494,852,10,4
19495,852,7,4
19496,852,210,2
19497,852,233,2
19498,852,219,4
19499,852,13,3
19500,852,1,3.5
19501,852,5,4
19502,852,6,2
19503,852,216,2.5
19504,852,249,2
19505,852,257,2
19506,852,84,1
19507,852,9,2.5
19508,852,248,2
19509,852,215,2
19510,852,213,2
19511,852,252,4
19512,852,241,2
19513,852,205,3.5
19514,852,206,4
19515,852,246,2
19516,852,4,4
19517,852,255,2
19518,852,217,2
19519,852,220,2
19520,852,121,4
19521,852,245,2
19522,852,239,2
19523,852,256,2
19524,853,17,3.5
19525,853,1635,3.5
19526,853,8,3.5
19527,853,675,4
19528,854,215,4
19529,854,11,3.5
19530,854,4,3.5
19531,854,250,4
19532,854,121,3.5
19533,854,12,4
19534,854,220,4
19535,854,249,3
19536,854,10,4
19537,854,257,2
19538,854,3,3.5
19539,854,251,3.5
19540,854,213,4
19541,854,235,3
19542,854,9,4
19543,854,1,2.5
19544,854,8,4
19545,854,254,3
19546,854,13,4
19547,854,243,4
19548,854,236,4
19549,854,241,3
19550,855,1123,4
19551,856,257,3.5
19552,857,218,4
19553,857,278,3
19554,857,5,2.5
19555,857,1123,3
19556,857,7,2.5
19557,857,938,2
19558,857,207,3
19559,857,2,4
19560,858,465,4
19561,859,249,3.5
19562,859,216,4
19563,859,244,4
19564,859,9,3.5
19565,859,215,3.5
19566,859,213,4
19567,859,241,3.5
19568,859,1636,3.5
19569,859,206,3.5
19570,859,255,4
19571,859,217,3
19572,859,220,4
19573,859,245,3
19574,859,239,3.5
19575,859,8,3
19576,859,3,4
19577,859,17,3
19578,859,2,3
19579,859,234,3.5
19580,859,12,3
19581,859,250,4
19582,859,207,3
19583,859,251,4
19584,859,253,4
19585,859,236,3.5
19586,859,211,3
19587,859,491,1.5
19588,859,10,3.5
19589,859,7,3
19590,859,233,3
19591,859,219,3
19592,859,1,3.5
19593,859,5,4
19594,859,6,4
19595,859,11,3.5
19596,860,2,3.5
19597,860,236,3
19598,860,3,3
19599,860,8,3
19600,860,7,3
19601,860,11,2.5
19602,860,207,3
19603,860,215,3
19604,860,211,3.5
19605,860,17,3
19606,860,205,3.5
19607,861,336,4
19608,861,8,4
19609,861,589,3.5
19610,861,1,4
19611,861,1637,4
19612,861,207,4
19613,861,769,4
19614,861,308,4
19615,861,2,4
19616,861,7,4
19617,861,233,4
19618,862,476,4
19619,862,1638,4
19620,862,17,4
19621,862,12,4
19622,862,9,4
19623,862,2,3
19624,862,3,3
19625,862,668,3.5
19626,862,236,4
19627,862,1639,3
19628,862,252,4
19629,862,8,4
19630,862,13,3.5
19631,862,215,4
19632,862,5,4
19633,862,207,3
19634,862,7,3.5
19635,862,211,4
19636,862,11,4
19637,862,219,3
19638,862,4,4
19639,863,241,4
19640,863,17,4
19641,863,253,4
19642,863,215,3
19643,863,7,2.5
19644,863,236,2.5
19645,863,207,1
19646,863,5,2
19647,863,8,3
19648,863,234,2
19649,863,2,2.5
19650,863,219,2
19651,863,1,2
19652,863,211,4
19653,863,213,3
19654,863,205,1
19655,863,3,2
19656,863,239,1.5
19657,863,12,1
19658,863,250,2
19659,863,251,2
19660,863,245,2.5
19661,864,245,2
19662,864,252,4
19663,864,236,4
19664,864,244,2
19665,864,5,4
19666,864,12,1
19667,864,241,4
19668,864,6,3.5
19669,864,8,4
19670,864,234,4
19671,864,10,1.5
19672,864,255,2
19673,864,216,3.5
19674,864,13,1
19675,864,121,3.5
19676,864,84,4
19677,864,207,4
19678,864,251,1.5
19679,864,249,2.5
19680,864,250,2
19681,864,219,2
19682,864,254,4
19683,864,9,3
19684,864,7,3.5
19685,864,246,4
19686,864,206,1
19687,864,257,1.5
19688,864,969,3
19689,864,247,2
19690,864,235,4
19691,864,205,1.5
19692,864,239,2.5
19693,864,213,3
19694,864,2,4
19695,864,4,2
19696,864,210,2
19697,864,248,2
19698,864,3,1
19699,864,1,1
19700,864,220,4
19701,864,256,2
19702,864,217,2.5
19703,864,214,2.5
19704,864,551,2.5
19705,864,243,3.5
19706,864,17,2
19707,864,233,4
19708,864,215,4
19709,864,1640,2
19710,864,11,1.5
19711,864,253,4
19712,864,211,3
19713,864,212,3.5
19714,865,220,2.5
19715,865,245,3
19716,865,234,3.5
19717,865,254,2.5
19718,865,207,2
19719,865,251,2.5
19720,865,235,4
19721,865,253,3
19722,865,8,2.5
19723,865,211,4
19724,865,3,2.5
19725,865,247,3
19726,865,2,4
19727,865,7,2.5
19728,865,233,2.5
19729,865,219,3.5
19730,865,212,3
19731,865,12,3.5
19732,865,250,2.5
19733,865,1,4
19734,865,11,4
19735,865,236,3.5
19736,865,257,3
19737,865,84,2
19738,865,244,3
19739,865,10,3
19740,865,210,3.5
19741,865,9,3
19742,865,13,4
19743,865,5,3.5
19744,865,213,3
19745,865,241,2.5
19746,865,216,4
19747,865,206,4
19748,865,4,3.5
19749,865,217,3
19750,865,121,2.5
19751,865,239,3
19752,865,256,2.5
19753,865,215,3
19754,865,17,2.5
19755,865,205,4
19756,865,255,2.5
19757,866,17,3.5
19758,866,207,2.5
19759,866,12,2
19760,866,236,3.5
19761,866,7,0.5
19762,866,2,2.5
19763,866,399,4
19764,866,8,3.5
19765,866,235,3
19766,866,5,3.5
19767,867,13,2
19768,867,245,3
19769,867,234,2
19770,867,257,3
19771,867,219,2.5
19772,867,17,3.5
19773,867,233,2.5
19774,867,220,3
19775,867,12,1.5
19776,867,7,3.5
19777,867,253,1
19778,867,215,4
19779,867,252,1.5
19780,867,210,3
19781,867,212,3.5
19782,867,683,3
19783,867,5,3.5
19784,867,211,4
19785,867,680,3
19786,867,1,1
19787,867,246,2.5
19788,867,206,2.5
19789,867,1641,0.5
19790,867,216,1
19791,867,217,2
19792,867,255,2.5
19793,867,749,2
19794,867,6,1
19795,867,243,4
19796,867,84,2.5
19797,867,235,1
19798,867,241,2.5
19799,867,251,3.5
19800,867,244,2
19801,867,207,1.5
19802,867,214,3
19803,867,857,3
19804,867,3,1
19805,867,205,1
19806,867,585,3.5
19807,867,239,3
19808,867,218,4
19809,867,10,3
19810,867,4,4
19811,867,254,1.5
19812,867,442,2.5
19813,867,213,4
19814,867,11,4
19815,867,250,3
19816,867,8,2
19817,867,2,1.5
19818,867,1642,4
19819,867,9,3
19820,867,247,2
19821,867,236,3
19822,867,121,3
19823,868,4,4
19824,868,1,3.5
19825,868,2,4
19826,868,5,3
19827,868,219,2.5
19828,868,12,3
19829,868,235,4
19830,868,10,1.5
19831,868,8,2
19832,868,207,3.5
19833,868,241,3.5
19834,868,215,3
19835,868,11,4
19836,868,7,3
19837,869,1,1.5
19838,869,207,3.5
19839,869,205,3.5
19840,869,5,3.5
19841,869,2,3.5
19842,869,3,4
19843,869,8,4
19844,869,215,1
19845,869,13,4
19846,869,84,3.5
19847,869,12,3
19848,869,253,3
19849,870,2,2.5
19850,870,206,3
19851,870,254,3.5
19852,870,7,3
19853,870,9,3.5
19854,870,211,3
19855,870,239,3.5
19856,870,8,4
19857,870,17,3
19858,870,1,1.5
19859,870,10,2
19860,870,11,3.5
19861,870,4,3.5
19862,870,213,3
19863,871,17,3
19864,871,233,3
19865,871,215,0.5
19866,871,11,3.5
19867,871,253,0.5
19868,871,211,2.5
19869,871,212,2.5
19870,871,245,2.5
19871,871,252,3.5
19872,871,236,3
19873,871,5,4
19874,871,12,0.5
19875,871,241,0.5
19876,871,6,2.5
19877,871,8,1.5
19878,871,10,0.5
19879,871,255,2.5
19880,871,216,0.5
19881,871,13,2
19882,871,84,0.5
19883,871,207,1.5
19884,871,251,0.5
19885,871,250,3
19886,871,219,3
19887,871,254,1
19888,871,9,0.5
19889,871,246,4
19890,871,206,3.5
19891,871,257,2
19892,871,247,4
19893,871,235,0.5
19894,871,205,0.5
19895,871,239,3
19896,871,213,3.5
19897,871,2,3
19898,871,4,3.5
19899,871,7,0.5
19900,871,3,2.5
19901,871,858,2
19902,871,1,1
19903,871,220,3
19904,871,217,1.5
19905,872,211,4
19906,872,7,2.5
19907,872,207,2
19908,872,8,3
19909,872,17,3.5
19910,873,11,3
19911,873,10,2.5
19912,873,17,2.5
19913,873,241,3.5
19914,873,3,2.5
19915,873,270,4
19916,873,13,1.5
19917,873,7,3
19918,873,207,3.5
19919,873,383,1
19920,873,239,2
19921,873,2,4
19922,873,135,2
19923,873,836,4
19924,874,254,3
19925,874,256,4
19926,874,3,3.5
19927,874,8,3.5
19928,874,5,4
19929,874,214,3.5
19930,874,206,4
19931,874,7,3.5
19932,874,257,3
19933,874,10,3
19934,874,11,3.5
19935,874,220,3
19936,874,215,4
19937,874,2,2.5
19938,874,213,3.5
19939,874,4,3.5
19940,874,241,3
19941,874,235,3
19942,874,13,4
19943,874,243,3
19944,874,236,4
19945,874,1,3
19946,874,248,3
19947,874,12,3.5
19948,874,205,2.5
19949,874,121,3.5
19950,874,247,3
19951,874,17,4
19952,874,251,3
19953,874,255,3.5
19954,874,249,3.5
19955,874,6,4
19956,874,239,3.5
19957,874,250,3.5
19958,874,217,3.5
19959,874,210,3
19960,874,219,3.5
19961,874,234,3.5
19962,874,253,2.5
19963,874,212,3.5
19964,874,246,3.5
19965,874,9,3.5
19966,874,245,4
19967,874,211,4
19968,874,216,3
19969,874,207,2.5
19970,874,233,3.5
19971,874,84,3.5
19972,874,252,3.5
19973,874,244,3.5
19974,875,12,3.5
19975,875,235,0.5
19976,875,10,3
19977,875,219,2.5
19978,875,220,2.5
19979,875,13,3
19980,875,1,4
19981,875,206,3
19982,875,2,4
19983,875,11,3
19984,875,7,1.5
19985,875,212,3
19986,876,17,2
19987,876,207,3.5
19988,876,7,2.5
19989,876,12,2
19990,876,205,2.5
19991,876,1,3
19992,877,7,3
19993,877,4,4
19994,877,13,3
19995,877,215,2
19996,877,254,3
19997,877,10,3
19998,877,17,3
19999,877,11,4
20000,878,213,3
20001,878,257,4
20002,878,7,3.5
20003,878,243,4
20004,878,236,3.5
20005,878,210,0.5
20006,878,254,4
20007,878,215,1
20008,878,241,3.5
20009,878,248,4
20010,878,249,4
20011,878,6,4
20012,878,13,3
20013,878,2,3
20014,878,219,1
20015,878,211,4
20016,878,245,4
20017,878,4,1.5
20018,878,207,3.5
20019,878,252,4
20020,878,255,1
20021,878,212,3.5
20022,878,121,4
20023,878,8,3
20024,878,11,3.5
20025,878,84,4
20026,878,251,4
20027,878,244,0.5
20028,878,235,0.5
20029,878,12,4
20030,878,206,4
20031,878,17,3
20032,878,1,3.5
20033,878,253,2
20034,878,239,4
20035,878,9,4
20036,878,247,3.5
20037,878,10,3.5
20038,878,5,1.5
20039,878,216,3.5
20040,878,217,1.5
20041,878,205,3
20042,878,214,3
20043,878,220,1
20044,878,256,3.5
20045,878,250,4
20046,878,233,3
20047,878,246,3
20048,878,234,3
20049,878,3,3.5
20050,879,220,0.5
20051,879,219,3
20052,879,239,0.5
20053,879,10,1
20054,879,257,0.5
20055,879,214,0.5
20056,879,250,0.5
20057,879,206,0.5
20058,879,3,4
20059,879,17,0.5
20060,879,12,3.5
20061,879,247,1
20062,879,246,0.5
20063,879,249,0.5
20064,879,212,0.5
20065,879,235,3.5
20066,879,9,0.5
20067,879,255,0.5
20068,879,210,0.5
20069,879,2,3.5
20070,879,1,3
20071,879,8,0.5
20072,879,254,0.5
20073,879,13,0.5
20074,879,251,0.5
20075,879,243,0.5
20076,879,245,0.5
20077,879,236,0.5
20078,879,217,0.5
20079,879,213,0.5
20080,879,216,0.5
20081,879,205,3
20082,879,252,0.5
20083,879,256,0.5
20084,879,241,3
20085,879,248,0.5
20086,879,215,0.5
20087,879,11,0.5
20088,879,84,0.5
20089,879,253,0.5
20090,879,4,1
20091,879,5,0.5
20092,879,6,0.5
20093,879,233,0.5
20094,879,207,0.5
20095,879,121,1.5
20096,879,244,0.5
20097,879,7,2
20098,879,211,0.5
20099,879,234,0.5
20100,880,17,4
20101,880,236,3.5
20102,880,5,4
20103,880,12,0.5
20104,880,219,2
20105,880,121,2.5
20106,880,9,3.5
20107,880,8,4
20108,880,1,3
20109,880,2,3.5
20110,880,7,3.5
20111,881,215,2.5
20112,881,213,1.5
20113,881,10,2
20114,881,3,3
20115,881,13,3.5
20116,881,11,3.5
20117,881,214,3
20118,881,1,3
20119,881,2,3.5
20120,882,207,0.5
20121,882,213,1.5
20122,882,2,4
20123,882,254,1
20124,882,3,4
20125,882,216,1
20126,882,9,2.5
20127,882,233,1.5
20128,882,219,1.5
20129,882,17,4
20130,883,257,4
20131,883,808,4
20132,883,940,4
20133,883,1643,4
20134,883,981,3.5
20135,883,307,3
20136,883,9,3.5
20137,883,215,4
20138,883,205,4
20139,883,239,2.5
20140,883,30,4
20141,883,8,4
20142,883,17,4
20143,883,2,3.5
20144,883,275,4
20145,883,234,3.5
20146,883,1644,3.5
20147,883,250,4
20148,883,429,3.5
20149,883,207,3
20150,883,251,3.5
20151,883,236,4
20152,883,211,4
20153,883,1645,2
20154,883,10,3
20155,883,7,3.5
20156,883,219,4
20157,883,5,3.5
20158,883,1646,4
20159,883,11,3.5
20160,884,1,3
20161,884,206,3.5
20162,884,235,3
20163,884,241,3
20164,884,7,4
20165,884,205,3
20166,885,343,4
20167,886,235,1.5
20168,886,241,2
20169,886,207,3
20170,886,12,2.5
20171,886,206,4
20172,886,1,1
20173,887,2,3.5
20174,887,215,3.5
20175,887,17,4
20176,887,3,4
20177,887,8,4
20178,887,13,3.5
20179,887,11,4
20180,888,12,1
20181,888,216,3
20182,888,207,3.5
20183,888,235,2
20184,888,213,4
20185,888,254,3
20186,888,4,3.5
20187,888,7,3.5
20188,888,257,3
20189,888,239,3.5
20190,888,2,4
20191,888,17,4
20192,888,233,3
20193,888,215,3.5
20194,888,11,4
20195,888,1,2.5
20196,888,220,3.5
20197,888,10,3
20198,888,255,3.5
20199,888,13,4
20200,889,189,4
20201,889,10,3
20202,889,213,2.5
20203,889,7,3.5
20204,889,1,2.5
20205,889,205,3
20206,890,6,3.5
20207,890,780,4
20208,890,207,3.5
20209,890,206,3.5
20210,890,121,3.5
20211,890,12,3
20212,890,779,0.5
20213,890,211,3
20214,890,234,3
20215,890,220,3
20216,890,219,3.5
20217,890,10,3
20218,890,250,3.5
20219,890,3,4
20220,890,17,3.5
20221,890,786,4
20222,890,653,4
20223,890,212,4
20224,890,788,4
20225,890,235,3
20226,890,9,4
20227,890,255,4
20228,890,2,4
20229,890,771,4
20230,890,205,3.5
20231,890,1,3
20232,890,8,4
20233,890,13,3.5
20234,890,251,3
20235,890,775,4
20236,890,236,3
20237,890,5,4
20238,890,216,3
20239,890,654,1.5
20240,890,256,4
20241,890,241,3
20242,890,11,3.5
20243,890,784,1
20244,890,84,3
20245,890,253,3.5
20246,890,4,4
20247,891,616,3
20248,891,269,3.5
20249,891,1117,2.5
20250,891,1078,3
20251,891,347,3
20252,891,1092,3.5
20253,891,159,3
20254,891,239,2.5
20255,891,805,3.5
20256,891,1111,3.5
20257,891,845,2.5
20258,891,1100,2
20259,891,1105,2.5
20260,891,8,2.5
20261,891,278,3
20262,891,1080,2.5
20263,891,447,3
20264,891,2,2.5
20265,891,1110,2.5
20266,891,1478,3
20267,891,290,3.5
20268,891,12,1.5
20269,891,793,3
20270,891,1256,2.5
20271,891,207,2
20272,891,91,3
20273,891,236,3
20274,891,211,3
20275,891,1084,1.5
20276,891,1096,0.5
20277,891,263,0.5
20278,891,1104,3
20279,891,7,2.5
20280,891,1083,1.5
20281,891,1034,2
20282,891,1198,2.5
20283,891,5,3.5
20284,891,441,2
20285,891,286,3.5
20286,891,1101,2
20287,891,1102,3.5
20288,891,611,3
20289,891,1120,0.5
20290,891,265,3.5
20291,891,1088,2.5
20292,891,307,3.5
20293,891,453,1
20294,891,1094,3
20295,892,1371,2.5
20296,892,361,1
20297,892,733,3.5
20298,892,617,4
20299,892,287,3
20300,892,7,4
20301,892,1,2.5
20302,892,692,2
20303,892,1136,4
20304,892,310,1.5
20305,892,242,4
20306,892,474,3.5
20307,893,219,4
20308,893,1647,4
20309,893,216,4
20310,893,377,4
20311,893,205,4
20312,893,257,3
20313,894,5,4
20314,894,345,4
20315,894,1648,4
20316,894,11,3
20317,894,7,2
20318,894,1,2.5
20319,894,4,2
20320,894,205,3.5
20321,894,207,3.5
20322,894,698,3
20323,894,519,4
20324,894,64,4
20325,894,2,3.5
20326,894,476,4
20327,894,408,3.5
20328,894,1393,3.5
20329,894,585,3.5
20330,895,3,3.5
20331,895,211,4
20332,895,236,4
20333,895,491,4
20334,895,17,4
20335,896,4,4
20336,896,6,4
20337,896,233,4
20338,896,250,4
20339,896,206,4
20340,896,121,4
20341,896,244,4
20342,896,17,4
20343,896,12,4
20344,896,247,4
20345,896,220,4
20346,896,249,4
20347,896,239,4
20348,896,10,4
20349,896,212,4
20350,896,9,4
20351,896,257,4
20352,896,214,4
20353,896,210,4
20354,896,2,4
20355,896,3,4
20356,896,1,4
20357,896,251,4
20358,896,246,4
20359,896,245,4
20360,896,236,4
20361,896,213,4
20362,896,235,4
20363,896,255,4
20364,896,216,4
20365,896,205,4
20366,896,252,4
20367,896,248,4
20368,896,8,4
20369,896,254,4
20370,896,13,4
20371,896,215,4
20372,896,243,4
20373,896,84,4
20374,896,217,4
20375,896,5,4
20376,896,207,4
20377,896,7,4
20378,896,241,4
20379,896,256,4
20380,896,211,4
20381,896,234,4
20382,896,11,4
20383,896,219,4
20384,896,253,4
20385,897,7,4
20386,897,1,4
20387,897,236,3.5
20388,897,12,2
20389,897,17,3
20390,897,2,3.5
20391,897,235,3.5
20392,897,207,4
20393,898,428,3
20394,898,1199,2.5
20395,898,432,4
20396,898,677,3.5
20397,898,398,4
20398,898,397,4
20399,898,594,2
20400,898,1339,3.5
20401,898,585,4
20402,898,550,4
20403,898,1003,1
20404,898,1287,2.5
20405,898,666,3.5
20406,898,1291,4
20407,898,1292,4
20408,898,294,3.5
20409,898,1288,3.5
20410,898,696,4
20411,898,1290,3
20412,898,1202,3.5
20413,898,218,3.5
20414,898,274,2
20415,898,1289,3
20416,898,1286,1.5
20417,898,442,2.5
20418,898,589,3.5
20419,898,26,3.5
20420,898,283,4
20421,898,512,4
20422,898,7,3.5
20423,898,318,4
20424,899,318,4
20425,899,220,4
20426,899,239,3
20427,899,257,2.5
20428,899,1122,4
20429,899,17,4
20430,899,10,3
20431,899,241,3
20432,899,12,2.5
20433,899,5,4
20434,899,1,2.5
20435,899,7,3
20436,899,2,4
20437,899,207,4
20438,900,206,2
20439,900,246,2
20440,900,4,2
20441,900,255,2
20442,900,217,2
20443,900,220,2
20444,900,121,2
20445,900,245,2
20446,900,239,2
20447,900,256,2
20448,900,8,2
20449,900,3,2
20450,900,17,2
20451,900,2,2
20452,900,214,2
20453,900,243,2
20454,900,12,3
20455,900,234,2
20456,900,212,2
20457,900,254,2
20458,900,250,2
20459,900,207,3
20460,900,251,2
20461,900,235,3
20462,900,253,2
20463,900,236,2
20464,900,211,2
20465,900,247,2.5
20466,900,10,1.5
20467,900,7,3
20468,900,210,2
20469,900,233,2
20470,900,219,2
20471,900,13,2
20472,900,1,3
20473,900,5,2
20474,900,6,2
20475,900,11,2.5
20476,900,257,2
20477,900,249,2
20478,900,216,2.5
20479,900,84,2
20480,900,244,2
20481,900,9,2
20482,900,248,2
20483,900,215,2
20484,900,213,2
20485,900,252,2
20486,900,241,2
20487,900,205,2
20488,901,9,3.5
20489,901,241,3.5
20490,901,8,4
20491,901,3,3.5
20492,901,13,3.5
20493,901,250,3.5
20494,902,586,4
20495,902,1649,3.5
20496,902,211,3.5
20497,902,254,1.5
20498,902,3,0.5
20499,902,207,2
20500,902,252,3
20501,902,11,4
20502,902,1091,4
20503,902,1650,2.5
20504,902,13,4
20505,902,1651,3
20506,902,5,2.5
20507,902,7,4
20508,902,206,1
20509,902,10,2
20510,902,1652,3
20511,902,2,4
20512,902,235,2.5
20513,902,1542,2.5
20514,902,1,2.5
20515,902,236,3.5
20516,902,12,3
20517,902,875,3
20518,902,1653,3.5
20519,902,239,3.5
20520,902,592,2
20521,903,255,3
20522,903,206,3.5
20523,903,7,3.5
20524,903,239,2.5
20525,903,207,3.5
20526,903,3,2.5
20527,903,215,3
20528,903,250,3
20529,903,5,3.5
20530,903,236,2
20531,903,11,4
20532,903,12,2.5
20533,903,4,2.5
20534,903,241,1
20535,903,8,4
20536,903,1,3.5
20537,903,205,2.5
20538,903,235,2.5
20539,904,215,3
20540,905,246,3.5
20541,905,217,3
20542,905,241,3
20543,905,233,2.5
20544,905,249,2.5
20545,905,215,4
20546,905,214,3
20547,905,213,4
20548,905,8,4
20549,905,248,2.5
20550,905,17,4
20551,905,243,3
20552,905,10,2
20553,905,255,3.5
20554,905,256,3
20555,905,235,3.5
20556,905,236,4
20557,905,318,4
20558,905,9,3.5
20559,905,3,4
20560,905,254,4
20561,905,239,3
20562,905,7,4
20563,905,250,2.5
20564,905,210,2.5
20565,905,257,2
20566,905,211,4
20567,905,4,2.5
20568,905,219,4
20569,905,1,3
20570,905,2,1
20571,905,247,4
20572,905,207,4
20573,905,252,3
20574,905,245,2.5
20575,905,206,3
20576,905,121,3
20577,905,12,3
20578,905,6,3
20579,905,220,3
20580,905,244,2
20581,905,212,3
20582,905,13,4
20583,905,11,4
20584,905,5,4
20585,905,675,4
20586,905,205,4
20587,905,234,4
20588,905,251,3
20589,905,216,2
20590,905,253,3
20591,905,84,3.5
20592,906,7,4
20593,906,897,3
20594,906,9,3
20595,906,5,3.5
20596,906,1,3.5
20597,906,236,3
20598,906,11,3
20599,906,638,4
20600,906,8,3
20601,906,675,4
20602,906,211,4
20603,906,434,4
20604,906,207,3.5
20605,906,17,4
20606,907,3,3
20607,907,213,3
20608,907,7,3
20609,907,248,3
20610,907,6,2.5
20611,907,2,2
20612,907,219,2
20613,907,211,2.5
20614,907,236,3
20615,907,245,3
20616,907,4,2.5
20617,907,207,0.5
20618,907,255,2.5
20619,907,212,2.5
20620,907,8,3
20621,907,215,3
20622,907,11,2
20623,907,241,2.5
20624,907,13,1
20625,907,251,2.5
20626,907,244,3
20627,907,12,2
20628,907,253,2
20629,907,17,3
20630,907,1,2
20631,907,9,2
20632,907,247,3
20633,907,5,3
20634,907,217,3
20635,907,205,2.5
20636,907,220,2
20637,907,233,2
20638,907,206,3
20639,907,246,3
20640,908,17,1.5
20641,908,7,3
20642,908,13,2
20643,908,219,4
20644,908,217,4
20645,908,212,3
20646,908,10,1
20647,908,220,2.5
20648,908,215,1.5
20649,908,235,3
20650,908,216,3
20651,908,245,2
20652,908,206,3
20653,908,12,3.5
20654,908,251,2.5
20655,908,3,1.5
20656,908,236,2
20657,908,205,3
20658,908,234,4
20659,908,1,3.5
20660,908,241,2.5
20661,908,250,3
20662,908,247,2
20663,908,255,1.5
20664,908,249,3.5
20665,908,257,2.5
20666,908,121,2.5
20667,908,2,3
20668,909,1,4
20669,909,220,3
20670,909,256,2.5
20671,909,212,3.5
20672,909,217,3
20673,909,245,2
20674,909,236,3.5
20675,909,244,2
20676,909,211,2
20677,909,234,3.5
20678,909,10,3
20679,909,255,3
20680,909,216,3.5
20681,909,13,4
20682,909,84,2.5
20683,909,249,2.5
20684,909,250,3
20685,909,252,3
20686,909,12,3
20687,909,246,3.5
20688,909,5,4
20689,909,241,4
20690,909,6,3
20691,909,8,2
20692,909,121,3.5
20693,909,207,4
20694,909,251,3
20695,909,235,4
20696,909,239,3.5
20697,909,213,3
20698,909,2,3.5
20699,909,219,4
20700,909,254,3
20701,909,4,4
20702,909,9,3
20703,909,7,4
20704,909,206,4
20705,909,257,2
20706,909,247,2
20707,909,214,3
20708,909,205,3.5
20709,909,243,3
20710,909,17,3
20711,909,248,2.5
20712,909,210,2
20713,909,233,3
20714,909,215,3.5
20715,909,3,4
20716,909,11,4
20717,909,253,4
20718,910,13,3.5
20719,910,3,3.5
20720,910,215,3.5
20721,910,216,3
20722,910,10,1.5
20723,910,11,2.5
20724,910,214,3
20725,910,205,4
20726,910,1,3.5
20727,910,212,2.5
20728,910,213,2.5
20729,910,2,3.5
20730,911,753,4
20731,911,215,3
20732,911,12,1.5
20733,911,253,1.5
20734,911,247,2.5
20735,911,234,3
20736,911,1544,3.5
20737,911,216,3
20738,911,205,1
20739,911,7,2.5
20740,911,211,3.5
20741,911,213,1.5
20742,911,17,3
20743,912,6,2.5
20744,912,236,1.5
20745,912,213,3.5
20746,912,3,3.5
20747,912,11,3.5
20748,912,4,3.5
20749,912,283,3.5
20750,912,255,0.5
20751,912,8,1
20752,912,2,4
20753,912,211,0.5
20754,912,17,3
20755,913,236,3
20756,913,2,3
20757,913,213,3.5
20758,913,11,3.5
20759,913,10,3.5
20760,913,12,2.5
20761,913,235,3
20762,913,1,3.5
20763,913,4,3.5
20764,913,7,3.5
20765,914,1654,1
20766,914,250,4
20767,914,219,3
20768,914,239,3
20769,914,4,3
20770,914,9,3.5
20771,914,7,3
20772,914,3,3.5
20773,914,220,3
20774,914,17,3
20775,914,215,4
20776,914,11,4
20777,914,253,3
20778,914,211,4
20779,914,278,4
20780,914,236,3.5
20781,914,5,4
20782,914,12,3
20783,914,6,3
20784,914,8,4
20785,914,255,3.5
20786,914,251,3
20787,915,207,3
20788,915,216,4
20789,915,205,3
20790,915,7,3
20791,915,241,4
20792,915,213,2
20793,915,3,4
20794,915,1,4
20795,915,206,2.5
20796,915,2,4
20797,915,121,2.5
20798,915,234,3
20799,915,257,2
20800,915,235,4
20801,916,1445,2.5
20802,916,1446,3.5
20803,916,1524,3.5
20804,916,215,4
20805,916,955,2.5
20806,917,1443,4
20807,917,3,3.5
20808,917,1070,2
20809,917,7,3.5
20810,917,248,3
20811,917,211,4
20812,917,10,2.5
20813,917,4,4
20814,917,1565,1.5
20815,917,1,4
20816,917,235,0.5
20817,917,247,2
20818,917,245,3
20819,917,486,4
20820,917,206,3
20821,917,121,3
20822,917,239,3
20823,917,1038,1
20824,917,1655,2.5
20825,917,220,3
20826,917,244,2.5
20827,917,1656,0.5
20828,917,11,2.5
20829,917,5,2.5
20830,917,234,3
20831,917,251,3
20832,917,12,2
20833,917,253,2
20834,917,84,2.5
20835,917,13,2
20836,917,217,3
20837,917,8,4
20838,917,205,3
20839,917,216,3.5
20840,917,467,1.5
20841,917,17,4
20842,918,213,3
20843,918,214,3.5
20844,918,1091,4
20845,918,248,3.5
20846,918,712,3.5
20847,918,17,4
20848,918,1657,3.5
20849,918,255,3.5
20850,918,719,3.5
20851,918,254,3.5
20852,918,10,4
20853,918,211,3
20854,918,3,3
20855,918,205,3.5
20856,918,397,4
20857,918,522,3
20858,918,70,2
20859,918,5,3
20860,918,371,3.5
20861,918,250,3.5
20862,918,241,4
20863,918,252,3
20864,918,295,3
20865,918,251,3
20866,918,4,3
20867,918,244,3
20868,918,249,3
20869,918,219,2.5
20870,918,9,3.5
20871,918,709,3
20872,918,215,4
20873,918,6,3
20874,918,623,3.5
20875,918,536,4
20876,918,1658,3.5
20877,918,13,3.5
20878,918,239,3
20879,918,726,3.5
20880,918,696,4
20881,918,512,1
20882,918,533,3.5
20883,918,121,3
20884,918,212,3.5
20885,918,256,4
20886,918,84,3
20887,918,234,2.5
20888,918,253,3
20889,918,247,3.5
20890,918,257,3
20891,918,7,2.5
20892,918,235,4
20893,918,245,3
20894,918,8,3.5
20895,918,236,3
20896,918,243,3
20897,918,2,3
20898,918,356,3.5
20899,918,392,3.5
20900,918,290,3.5
20901,918,1,3.5
20902,918,206,4
20903,918,246,4
20904,918,216,3.5
20905,918,1659,1
20906,918,12,3
20907,918,217,3.5
20908,918,207,3.5
20909,918,347,4
20910,918,210,3
20911,918,310,4
20912,918,183,3.5
20913,918,220,3
20914,918,11,3
20915,918,233,3
20916,919,214,1.5
20917,919,7,0.5
20918,919,10,1
20919,919,219,0.5
20920,919,255,0.5
20921,919,1,2
20922,919,2,2.5
20923,919,252,4
20924,919,245,1.5
20925,919,239,2
20926,919,6,0.5
20927,919,257,0.5
20928,919,11,1.5
20929,919,5,0.5
20930,919,234,0.5
20931,919,212,3
20932,919,13,1.5
20933,919,217,1
20934,919,249,1
20935,919,215,0.5
20936,919,213,3
20937,919,205,1
20938,919,216,2
20939,919,17,1.5
20940,919,246,2.5
20941,919,3,1.5
20942,920,255,3
20943,920,11,4
20944,920,207,2.5
20945,920,214,1.5
20946,920,3,1
20947,920,205,3.5
20948,920,239,2.5
20949,920,13,2.5
20950,920,10,4
20951,920,234,2
20952,920,219,3.5
20953,920,17,1.5
20954,920,233,2.5
20955,920,213,3.5
20956,920,215,3
20957,920,8,2.5
20958,920,2,3
20959,920,5,2
20960,920,211,2.5
20961,920,245,2.5
20962,920,7,4
20963,920,216,1
20964,920,217,2.5
20965,920,252,2.5
20966,920,6,2.5
20967,920,210,3
20968,920,212,2.5
20969,920,246,4
20970,920,1,4
20971,921,1221,0.5
20972,921,9,3.5
20973,921,3,2.5
20974,921,254,4
20975,921,7,4
20976,921,239,4
20977,921,210,1
20978,921,211,3
20979,921,10,4
20980,921,1231,0.5
20981,921,4,4
20982,921,219,4
20983,921,1,4
20984,921,235,4
20985,921,247,2.5
20986,921,2,2.5
20987,921,252,1
20988,921,245,1.5
20989,921,206,1
20990,921,1229,3
20991,921,121,2.5
20992,921,12,4
20993,921,250,3
20994,921,6,3
20995,921,220,2
20996,921,244,3.5
20997,921,257,1.5
20998,921,13,3.5
20999,921,11,0.5
21000,921,1223,3.5
21001,921,5,0.5
21002,921,207,4
21003,921,1227,3.5
21004,921,205,2
21005,921,234,1
21006,921,251,1.5
21007,921,1224,3
21008,921,216,2.5
21009,921,253,2
21010,921,84,1.5
21011,921,212,4
21012,921,1660,3
21013,921,217,1.5
21014,921,246,1.5
21015,921,831,4
21016,921,233,3
21017,921,249,2
21018,921,215,1
21019,921,214,2.5
21020,921,213,2.5
21021,921,1222,2
21022,921,8,3
21023,921,866,3.5
21024,921,1226,4
21025,921,248,3
21026,921,17,1.5
21027,921,243,4
21028,921,878,1
21029,921,1194,3.5
21030,921,1228,1.5
21031,921,255,2
21032,921,241,3
21033,921,256,3.5
21034,921,236,1.5
21035,922,13,3.5
21036,923,11,3.5
21037,923,13,4
21038,923,215,3.5
21039,924,843,4
21040,925,213,2
21041,925,1,2.5
21042,925,239,3
21043,925,2,0.5
21044,925,10,3
21045,925,252,2.5
21046,925,212,4
21047,925,234,3.5
21048,925,216,3.5
21049,925,205,4
21050,925,215,4
21051,925,11,1
21052,925,7,2.5
21053,926,11,4
21054,926,5,4
21055,926,205,4
21056,926,13,4
21057,926,10,3.5
21058,926,215,3
21059,926,213,2
21060,927,213,3.5
21061,927,11,4
21062,927,2,3.5
21063,927,13,3
21064,927,8,2
21065,927,1,4
21066,927,236,3
21067,927,5,4
21068,927,17,1.5
21069,927,219,4
21070,927,206,3
21071,927,235,3.5
21072,927,214,3
21073,927,7,2.5
21074,927,207,2.5
21075,927,10,4
21076,927,3,2.5
21077,927,215,3
21078,928,213,3.5
21079,928,5,3
21080,928,7,3.5
21081,928,206,3
21082,928,257,3
21083,928,220,3.5
21084,928,2,3
21085,928,4,4
21086,928,217,2.5
21087,928,1,3
21088,928,236,3.5
21089,928,12,4
21090,928,9,3.5
21091,928,207,3.5
21092,928,6,3
21093,928,250,3
21094,928,219,3
21095,928,84,3
21096,928,234,3
21097,928,3,2.5
21098,928,8,3
21099,928,10,2
21100,928,11,4
21101,929,7,3
21102,929,10,1
21103,929,233,1
21104,929,257,0.5
21105,930,212,2
21106,930,217,2.5
21107,930,245,3
21108,930,236,3.5
21109,930,244,2.5
21110,930,12,2
21111,930,211,2.5
21112,930,234,3
21113,930,10,4
21114,930,255,3
21115,930,216,3
21116,930,13,3
21117,930,84,2.5
21118,930,251,2
21119,930,249,2.5
21120,930,250,2
21121,930,219,3.5
21122,930,252,3
21123,930,246,2.5
21124,930,5,1.5
21125,930,241,2.5
21126,930,6,2
21127,930,8,3
21128,930,121,2.5
21129,930,207,3.5
21130,930,235,2.5
21131,930,239,3
21132,930,213,3.5
21133,930,2,4
21134,930,254,3
21135,930,9,3
21136,930,4,2.5
21137,930,7,2
21138,930,210,2.5
21139,930,206,3
21140,930,257,3.5
21141,930,247,3.5
21142,930,214,2.5
21143,930,205,2.5
21144,930,243,3.5
21145,930,17,2.5
21146,930,248,1.5
21147,930,233,3
21148,930,215,2.5
21149,930,3,2
21150,930,11,3.5
21151,930,253,2.5
21152,930,1,2
21153,930,220,2.5
21154,930,256,2.5
21155,931,205,4
21156,931,1,2
21157,931,13,3.5
21158,931,236,2.5
21159,931,241,2
21160,931,11,4
21161,931,219,3.5
21162,931,253,3.5
21163,931,4,3.5
21164,931,207,3
21165,931,250,3
21166,931,206,3
21167,931,7,3
21168,931,12,3
21169,931,220,3.5
21170,931,239,4
21171,931,3,3.5
21172,931,17,3.5
21173,931,213,4
21174,931,235,3
21175,932,8,2.5
21176,932,207,3.5
21177,932,477,3
21178,932,17,2.5
21179,932,10,3
21180,932,322,3.5
21181,932,927,0.5
21182,932,3,3
21183,932,216,2.5
21184,932,236,2
21185,932,9,2.5
21186,932,2,4
21187,932,241,3.5
21188,932,219,3.5
21189,933,219,3
21190,933,10,3
21191,933,207,3.5
21192,933,1,2
21193,933,2,4
21194,934,233,3.5
21195,935,233,3.5
21196,935,219,3.5
21197,935,244,3
21198,935,254,4
21199,935,8,3.5
21200,935,10,4
21201,935,11,4
21202,935,215,3.5
21203,935,213,3.5
21204,935,241,4
21205,935,13,3.5
21206,935,243,3.5
21207,935,7,4
21208,935,257,3
21209,935,1,3.5
21210,935,17,3.5
21211,935,2,4
21212,935,4,4
21213,935,210,3
21214,935,236,3.5
21215,935,12,3
21216,935,550,4
21217,935,9,3
21218,935,205,3.5
21219,935,121,3.5
21220,935,216,4
21221,935,251,3.5
21222,935,255,3.5
21223,935,207,3.5
21224,935,239,3.5
21225,936,10,2.5
21226,936,13,4
21227,936,233,2.5
21228,936,213,4
21229,936,255,3
21230,936,5,3
21231,936,234,3
21232,936,246,3
21233,936,250,2.5
21234,936,254,2
21235,936,241,2
21236,936,216,2
21237,936,252,4
21238,936,219,4
21239,936,212,4
21240,936,11,2.5
21241,936,245,3
21242,936,217,3.5
21243,936,121,3.5
21244,936,244,2.5
21245,936,247,2.5
21246,937,215,4
21247,937,220,4
21248,937,236,4
21249,937,247,4
21250,937,241,4
21251,937,233,4
21252,937,2,4
21253,938,17,3.5
21254,938,723,2
21255,938,211,3
21256,938,336,4
21257,938,1248,2.5
21258,938,1254,2
21259,938,499,3
21260,938,220,3
21261,938,1253,3.5
21262,938,1250,2
21263,938,1240,2
21264,938,1235,1
21265,938,1245,4
21266,938,1239,2.5
21267,938,689,3.5
21268,938,1244,2
21269,938,1251,2.5
21270,938,1242,2.5
21271,938,1236,3
21272,938,1252,2.5
21273,938,1241,3.5
21274,938,1249,1
21275,938,1238,2.5
21276,938,1247,3.5
21277,938,289,3.5
21278,938,257,2.5
21279,938,447,3.5
21280,938,12,2.5
21281,938,207,3.5
21282,938,1246,3
21283,938,1243,2.5
21284,938,1237,3
21285,939,609,4
21286,939,211,2.5
21287,939,2,3
21288,939,3,2
21289,939,205,3
21290,939,7,2.5
21291,939,236,1.5
21292,939,11,3
21293,939,1661,3
21294,939,1395,4
21295,939,1274,2.5
21296,939,1662,3.5
21297,939,17,2
21298,939,241,2.5
21299,939,1,2
21300,939,10,2.5
21301,939,1663,3.5
21302,939,1664,3
21303,940,236,3.5
21304,940,12,3
21305,940,11,4
21306,940,241,4
21307,940,219,3.5
21308,940,207,4
21309,940,7,4
21310,940,4,4
21311,940,206,4
21312,941,1274,4
21313,942,217,3.5
21314,942,220,3.5
21315,942,214,4
21316,942,234,3
21317,942,3,3
21318,942,213,3
21319,942,257,4
21320,942,236,3.5
21321,942,254,3.5
21322,942,215,4
21323,942,6,3
21324,942,2,4
21325,942,219,4
21326,942,211,3
21327,942,255,4
21328,942,8,4
21329,942,13,3.5
21330,942,206,4
21331,942,17,4
21332,942,1,1
21333,942,239,2.5
21334,942,9,3
21335,942,10,2
21336,942,5,4
21337,943,8,3.5
21338,943,7,3
21339,943,17,4
21340,943,241,0.5
21341,943,12,1
21342,943,236,3
21343,944,1665,4
21344,944,234,3.5
21345,944,10,3.5
21346,944,12,4
21347,944,1,3.5
21348,944,206,3.5
21349,944,216,3.5
21350,944,3,3
21351,944,235,4
21352,944,217,4
21353,944,1666,4
21354,944,212,2.5
21355,944,4,4
21356,944,241,3
21357,944,17,2
21358,944,257,4
21359,944,213,4
21360,944,207,3.5
21361,944,254,4
21362,944,11,4
21363,944,250,4
21364,944,211,2.5
21365,944,13,3.5
21366,944,2,4
21367,944,7,4
21368,945,255,4
21369,945,245,3.5
21370,945,239,3.5
21371,945,235,2
21372,945,8,4
21373,945,211,3.5
21374,945,3,4
21375,945,219,3.5
21376,945,234,1
21377,945,12,2
21378,945,207,1
21379,945,11,4
21380,945,253,2
21381,945,236,3
21382,945,84,3.5
21383,945,247,2
21384,945,244,2.5
21385,945,10,1.5
21386,945,7,4
21387,945,233,3.5
21388,945,13,2.5
21389,945,1,4
21390,945,5,4
21391,945,6,4
21392,945,252,3.5
21393,945,241,3
21394,945,257,2
21395,945,4,4
21396,945,217,3
21397,945,9,4
21398,945,215,3
21399,945,213,3.5
21400,945,17,3
21401,946,252,2
21402,946,219,1.5
21403,946,212,2
21404,946,6,2
21405,946,11,3.5
21406,946,2,4
21407,946,245,3
21408,946,248,2
21409,946,217,2
21410,946,253,2
21411,946,236,3
21412,946,121,2
21413,946,244,2
21414,946,7,4
21415,946,210,3
21416,946,206,4
21417,946,4,1.5
21418,946,247,2
21419,946,8,2
21420,946,257,2
21421,946,239,2
21422,946,12,1.5
21423,946,10,3
21424,946,243,2
21425,946,215,3
21426,946,13,4
21427,946,251,2
21428,946,3,4
21429,946,233,2
21430,946,205,4
21431,946,213,3
21432,946,255,2
21433,946,207,3.5
21434,946,214,2
21435,946,5,3.5
21436,946,1,3.5
21437,946,17,4
21438,946,234,2
21439,946,211,2.5
21440,946,235,3
21441,946,246,3.5
21442,946,249,2.5
21443,946,250,2
21444,946,9,2
21445,946,256,2
21446,946,254,2
21447,946,241,3
21448,946,216,3
21449,946,84,2
21450,947,253,2
21451,947,245,2.5
21452,947,206,3.5
21453,947,246,3
21454,947,251,3.5
21455,947,212,2
21456,947,248,2
21457,947,243,2
21458,947,234,3.5
21459,947,1367,1
21460,947,1,4
21461,947,241,3.5
21462,947,252,2
21463,947,235,3.5
21464,947,216,3
21465,947,255,2
21466,947,207,3
21467,947,5,4
21468,947,249,2.5
21469,947,211,4
21470,947,257,2.5
21471,947,12,3.5
21472,947,121,3
21473,947,6,3
21474,947,3,4
21475,947,236,4
21476,947,205,3.5
21477,947,214,2
21478,947,250,3
21479,947,342,4
21480,947,247,3
21481,947,749,1
21482,947,7,4
21483,947,233,3
21484,947,1118,4
21485,947,219,3.5
21486,947,213,4
21487,947,256,2
21488,947,11,4
21489,947,2,2
21490,947,17,3.5
21491,947,244,2
21492,947,217,2
21493,947,4,3.5
21494,947,239,3.5
21495,947,254,2.5
21496,947,13,3.5
21497,947,84,3
21498,947,10,3
21499,947,9,4
21500,947,210,2
21501,947,8,4
21502,947,220,4
21503,947,215,3
21504,948,2,3.5
21505,948,1,4
21506,948,236,3.5
21507,948,213,2.5
21508,948,235,2.5
21509,948,216,2
21510,948,205,3.5
21511,948,13,4
21512,948,215,3.5
21513,948,84,2
21514,948,5,3.5
21515,948,207,2
21516,948,7,3.5
21517,948,241,3.5
21518,948,11,4
21519,948,219,3.5
21520,948,4,4
21521,948,257,3.5
21522,948,206,4
21523,948,3,3.5
21524,948,12,1.5
21525,948,220,2.5
21526,948,239,3.5
21527,948,10,4
21528,948,212,2
21529,948,214,3
21530,949,4,3.5
21531,949,247,2.5
21532,949,8,3
21533,949,239,2.5
21534,949,12,2
21535,949,7,3.5
21536,949,233,2.5
21537,949,257,3
21538,949,207,3
21539,949,10,1
21540,949,1,2.5
21541,949,234,3
21542,949,13,3
21543,949,250,2
21544,949,254,1.5
21545,949,241,2
21546,949,219,2.5
21547,949,212,2
21548,949,11,3.5
21549,949,2,2.5
21550,949,9,3
21551,949,217,3
21552,950,5,4
21553,950,213,4
21554,950,252,3
21555,950,241,2.5
21556,950,216,1.5
21557,950,206,4
21558,950,246,2.5
21559,950,4,4
21560,950,217,2
21561,950,121,4
21562,950,256,3
21563,950,215,4
21564,950,17,4
21565,950,205,3
21566,950,255,4
21567,950,214,4
21568,950,220,4
21569,950,245,3.5
21570,950,239,4
21571,950,234,3
21572,950,207,3
21573,950,251,4
21574,950,235,2.5
21575,950,253,4
21576,950,8,4
21577,950,211,4
21578,950,3,4
21579,950,247,4
21580,950,2,4
21581,950,7,4
21582,950,233,3.5
21583,950,243,2
21584,950,219,4
21585,950,12,4
21586,950,212,4
21587,950,250,3.5
21588,950,254,2
21589,950,1,1.5
21590,950,6,4
21591,950,11,4
21592,950,236,3
21593,950,249,4
21594,950,257,2.5
21595,950,84,4
21596,950,244,4
21597,950,10,2.5
21598,950,210,4
21599,950,9,3.5
21600,950,248,2
21601,950,13,4
21602,951,7,3.5
21603,951,215,3.5
21604,951,250,4
21605,951,236,4
21606,951,11,4
21607,951,12,4
21608,951,4,4
21609,951,2,3.5
21610,951,13,4
21611,951,8,3.5
21612,951,17,3.5
21613,951,212,2.5
21614,951,214,3.5
21615,952,216,1.5
21616,952,181,3
21617,952,84,4
21618,952,207,4
21619,952,3,4
21620,952,305,0.5
21621,952,10,3
21622,952,4,2
21623,952,11,2
21624,952,250,4
21625,952,2,1.5
21626,952,9,3.5
21627,952,236,3
21628,952,13,2
21629,952,234,4
21630,952,219,3
21631,952,17,3.5
21632,952,233,3
21633,952,12,0.5
21634,952,7,4
21635,952,8,4
21636,952,835,2
21637,952,1,4
21638,953,8,2.5
21639,953,207,0.5
21640,953,7,2
21641,953,17,3
21642,953,5,3.5
21643,953,236,2
21644,954,11,4
21645,954,2,4
21646,954,210,3
21647,955,236,3
21648,955,5,4
21649,955,213,3
21650,955,207,2
21651,955,8,2.5
21652,955,17,3.5
21653,955,10,3
21654,955,9,2
21655,955,2,4
21656,955,13,2.5
21657,956,341,4
21658,957,11,3.5
21659,957,1,3
21660,957,207,1.5
21661,957,236,2
21662,957,7,3.5
21663,957,2,2
21664,957,215,2
21665,957,8,3
21666,957,235,3
21667,957,219,3
21668,957,17,3
21669,957,213,3
21670,957,10,1.5
21671,958,10,3.5
21672,958,246,4
21673,958,12,2
21674,958,247,4
21675,958,220,0.5
21676,958,239,3
21677,958,3,2
21678,958,256,0.5
21679,958,210,3
21680,958,8,4
21681,958,217,1.5
21682,958,206,4
21683,958,253,0.5
21684,958,6,1.5
21685,958,4,0.5
21686,958,241,0.5
21687,958,17,3.5
21688,958,257,1.5
21689,958,213,3.5
21690,958,219,2.5
21691,958,244,0.5
21692,958,207,1
21693,958,216,2
21694,958,254,1.5
21695,958,235,0.5
21696,958,11,2
21697,958,249,1.5
21698,958,211,3
21699,958,2,3
21700,958,212,2
21701,958,233,2.5
21702,958,252,1.5
21703,958,251,0.5
21704,958,5,2
21705,958,243,1.5
21706,958,215,4
21707,958,234,2
21708,958,250,1
21709,958,248,1.5
21710,958,245,3.5
21711,958,236,4
21712,958,13,3
21713,958,205,2
21714,958,9,3
21715,958,1,3
21716,958,121,4
21717,958,7,1.5
21718,958,255,2.5
21719,958,214,3
21720,958,84,0.5
21721,959,216,3.5
21722,959,239,3
21723,959,214,3.5
21724,959,212,2.5
21725,959,205,3
21726,959,10,4
21727,959,13,3
21728,959,3,4
21729,959,215,2.5
21730,959,1,0.5
21731,959,2,3.5
21732,959,213,3
21733,959,11,1.5
21734,960,213,2
21735,960,3,3
21736,960,1,2
21737,960,207,3
21738,960,12,3
21739,960,1667,4
21740,960,236,4
21741,960,1173,4
21742,960,9,4
21743,960,475,4
21744,960,7,2.5
21745,960,2,2.5
21746,960,219,4
21747,960,1668,4
21748,960,1431,4
21749,960,5,4
21750,960,1669,4
21751,960,17,4
21752,961,283,1
21753,961,577,1
21754,961,779,3.5
21755,962,215,3
21756,962,17,1
21757,962,205,2
21758,962,239,3.5
21759,962,207,2.5
21760,962,235,2.5
21761,962,8,3.5
21762,962,211,2.5
21763,962,3,2.5
21764,962,7,4
21765,962,219,2.5
21766,962,12,2
21767,962,1,2.5
21768,962,11,3.5
21769,962,236,1
21770,962,10,1
21771,962,13,2
21772,962,5,4
21773,962,213,3
21774,963,408,2.5
21775,963,591,2
21776,963,1062,2
21777,963,833,3.5
21778,963,1670,1
21779,963,1671,3
21780,963,189,4
21781,963,1672,2.5
21782,963,805,3.5
21783,963,341,3
21784,963,593,2
21785,963,1673,3
21786,963,295,3
21787,963,1674,1
21788,963,1017,4
21789,963,377,2
21790,963,1675,2.5
21791,963,1676,2.5
21792,963,739,3
21793,963,521,3
21794,963,63,3
21795,963,1677,4
21796,963,207,2.5
21797,963,355,3
21798,963,769,3.5
21799,963,658,3
21800,963,1019,2.5
21801,963,1200,0.5
21802,963,7,3
21803,963,925,1.5
21804,963,478,3.5
21805,963,257,2
21806,963,597,2
21807,963,1678,1.5
21808,963,363,4
21809,963,2,3.5
21810,964,236,4
21811,964,7,4
21812,964,239,3
21813,964,2,4
21814,964,219,4
21815,964,17,4
21816,964,10,2
21817,964,3,3
21818,964,11,4
21819,964,1,1.5
21820,964,4,4
21821,964,207,2.5
21822,965,213,3.5
21823,965,583,4
21824,965,235,4
21825,965,216,2.5
21826,965,252,2
21827,965,205,3
21828,965,1679,3
21829,965,256,4
21830,965,13,3.5
21831,965,606,0.5
21832,965,490,4
21833,965,215,2.5
21834,965,1680,3.5
21835,965,207,4
21836,965,585,3.5
21837,965,397,4
21838,965,1681,2.5
21839,965,7,3.5
21840,965,241,3.5
21841,965,857,4
21842,965,694,3
21843,965,11,1
21844,965,219,4
21845,965,253,3
21846,965,257,2
21847,965,218,4
21848,965,206,4
21849,965,3,0.5
21850,965,121,2
21851,965,17,3
21852,965,749,3.5
21853,965,12,2.5
21854,965,683,2
21855,965,246,2.5
21856,965,696,4
21857,965,10,3.5
21858,965,212,2.5
21859,965,442,4
21860,965,2,0.5
21861,965,1,3.5
21862,965,1641,4
21863,965,509,4
21864,965,680,4
21865,965,245,2
21866,965,217,2
21867,966,13,4
21868,966,2,3.5
21869,966,7,2.5
21870,966,216,3
21871,966,17,3
21872,966,11,4
21873,966,5,3.5
21874,966,250,3
21875,966,12,2.5
21876,966,205,4
21877,966,219,3
21878,966,10,2.5
21879,966,9,3.5
21880,966,257,2.5
21881,966,4,4
21882,966,211,4
21883,967,216,4
21884,967,10,4
21885,967,9,4
21886,967,254,4
21887,967,255,4
21888,967,219,4
21889,967,8,4
21890,967,1,4
21891,967,4,4
21892,967,13,4
21893,967,7,2.5
21894,967,257,3.5
21895,967,2,4
21896,967,213,4
21897,967,11,4
21898,968,17,4
21899,968,2,4
21900,968,1,2.5
21901,968,215,4
21902,968,9,2
21903,969,1682,2
21904,969,345,2.5
21905,969,1010,1
21906,969,799,2.5
21907,969,242,3.5
21908,969,1683,3
21909,969,1445,3.5
21910,969,1684,2.5
21911,969,733,1.5
21912,969,429,4
21913,969,589,2.5
21914,969,590,2.5
21915,969,1685,2.5
21916,969,1686,1.5
21917,969,986,2.5
21918,969,1687,3
21919,969,295,2.5
21920,969,798,4
21921,969,769,3.5
21922,969,1352,2
21923,969,1300,3.5
21924,969,1688,3
21925,969,502,3
21926,969,370,3
21927,969,1689,3.5
21928,969,1690,3
21929,969,1691,3.5
21930,969,197,4
21931,969,358,2
21932,969,1692,2.5
21933,969,1382,1
21934,969,1693,2.5
21935,969,1159,4
21936,969,1694,4
21937,969,1695,4
21938,969,1407,2.5
21939,969,440,3
21940,969,335,3.5
21941,969,1534,3.5
21942,969,1696,3
21943,969,574,2.5
21944,969,1697,3
21945,969,1698,3
21946,969,1699,2.5
21947,969,1700,0.5
21948,969,1701,3.5
21949,969,1702,2.5
21950,969,1703,3
21951,969,1704,3
21952,969,691,1.5
21953,969,1705,3
21954,969,1706,3
21955,969,1707,4
21956,969,1708,1.5
21957,969,314,2.5
21958,969,1709,3
21959,969,1710,3
21960,969,1164,1.5
21961,969,183,2.5
21962,969,1711,2.5
21963,969,1712,3
21964,969,1713,2
21965,969,936,3.5
21966,969,366,1.5
21967,969,949,2
21968,969,419,3
21969,969,1714,2.5
21970,969,270,3.5
21971,969,1715,3.5
21972,969,890,1.5
21973,969,1716,2
21974,969,1673,3
21975,969,1717,2.5
21976,969,1718,3.5
21977,969,1719,1.5
21978,969,833,3
21979,969,1547,1.5
21980,969,1720,3
21981,969,1721,2.5
21982,969,511,4
21983,969,1722,2.5
21984,969,1723,3
21985,969,1724,3
21986,969,712,2.5
21987,969,1725,2
21988,969,1726,1.5
21989,969,1299,3
21990,969,1727,2.5
21991,969,1728,1.5
21992,969,705,3.5
21993,969,770,4
21994,969,1729,4
21995,969,396,3.5
21996,969,1598,3
21997,969,1730,2
21998,969,359,3
21999,969,1731,2
22000,969,839,4
22001,969,588,3
22002,969,1732,2.5
22003,969,688,1.5
22004,969,1733,2.5
22005,969,493,3
22006,969,279,3.5
22007,969,838,3
22008,969,1734,2.5
22009,969,1552,3
22010,969,293,3
22011,969,1735,2
22012,969,304,3.5
22013,969,1736,3.5
22014,969,1649,3
22015,969,908,3
22016,969,1206,3.5
22017,969,1035,4
22018,969,286,4
22019,969,947,2.5
22020,969,1737,3.5
22021,969,1738,4
22022,969,1739,2.5
22023,969,167,3
22024,969,1740,3
22025,969,1741,2
22026,969,1742,4
22027,969,750,3
22028,969,801,2.5
22029,969,1743,2.5
22030,969,1744,3
22031,969,1745,3
22032,969,1746,2.5
22033,969,1747,3.5
22034,969,866,3
22035,969,1748,2.5
22036,969,585,3
22037,969,576,2.5
22038,969,599,2.5
22039,969,1749,2
22040,969,1750,2
22041,969,309,2.5
22042,969,478,3
22043,969,1751,2
22044,969,1752,2
22045,969,1520,3
22046,969,1753,2.5
22047,969,1500,1
22048,969,265,2.5
22049,969,268,3.5
22050,969,1754,2.5
22051,969,360,2.5
22052,969,1755,2.5
22053,969,1756,3
22054,969,765,2
22055,969,71,3
22056,969,604,3
22057,969,955,1.5
22058,969,1757,3
22059,969,127,2.5
22060,969,299,4
22061,969,876,3.5
22062,969,861,2.5
22063,969,289,3
22064,969,1758,3
22065,969,729,3
22066,969,746,3.5
22067,969,274,2.5
22068,969,706,2.5
22069,969,28,3.5
22070,969,1759,2.5
22071,969,572,4
22072,969,393,3.5
22073,969,1760,2.5
22074,969,1761,3.5
22075,969,1762,3
22076,969,1763,2
22077,970,256,1
22078,970,8,2
22079,970,235,1.5
22080,970,219,0.5
22081,970,13,4
22082,970,121,3.5
22083,970,250,0.5
22084,970,214,4
22085,970,234,4
22086,970,17,3.5
22087,970,249,4
22088,971,249,2.5
22089,971,250,3
22090,971,252,3
22091,971,246,2.5
22092,971,5,3.5
22093,971,12,2.5
22094,971,241,3
22095,971,6,3
22096,971,8,3
22097,971,216,2.5
22098,971,121,2.5
22099,971,207,4
22100,971,251,2.5
22101,971,235,1.5
22102,971,239,2
22103,971,213,2
22104,971,2,2
22105,971,219,4
22106,971,254,3.5
22107,971,4,2.5
22108,971,9,3
22109,971,7,3.5
22110,971,206,1.5
22111,971,257,1.5
22112,971,247,2.5
22113,971,214,3
22114,971,205,3.5
22115,971,17,3
22116,971,248,3
22117,971,210,2.5
22118,971,233,2.5
22119,971,215,3
22120,971,3,2.5
22121,971,11,3
22122,971,253,4
22123,971,1,3
22124,971,220,1.5
22125,971,256,2
22126,971,212,2.5
22127,971,217,2
22128,971,243,2.5
22129,971,245,1.5
22130,971,236,3
22131,971,244,1.5
22132,971,211,3.5
22133,971,234,2.5
22134,971,10,2.5
22135,971,255,2.5
22136,971,13,2.5
22137,971,84,2.5
22138,972,255,3
22139,972,216,2
22140,972,233,4
22141,972,5,3
22142,972,249,3
22143,972,257,3
22144,972,121,2
22145,972,6,4
22146,972,213,3.5
22147,972,2,4
22148,972,214,2.5
22149,972,250,3
22150,972,17,3.5
22151,972,7,4
22152,972,239,4
22153,972,13,3
22154,972,219,3.5
22155,972,256,2.5
22156,972,210,2.5
22157,972,8,4
22158,972,11,4
22159,972,244,3.5
22160,972,217,3
22161,972,4,3.5
22162,972,246,3
22163,972,254,2.5
22164,972,84,3.5
22165,972,243,1.5
22166,972,10,2
22167,972,9,4
22168,972,220,2
22169,972,215,3.5
22170,972,235,1.5
22171,972,253,4
22172,972,245,3
22173,972,207,2.5
22174,972,206,3
22175,972,211,3
22176,972,12,2.5
22177,972,251,2.5
22178,972,212,3
22179,972,236,0.5
22180,972,3,2
22181,972,248,2.5
22182,972,845,4
22183,972,205,2.5
22184,972,234,3
22185,972,1,1
22186,972,241,2.5
22187,972,247,3
22188,972,252,3
22189,973,215,4
22190,973,11,4
22191,973,17,4
22192,973,10,2.5
22193,973,13,3
22194,973,236,4
22195,973,7,4
22196,974,565,4
22197,975,13,4
22198,976,215,1
22199,976,12,4
22200,977,8,2.5
22201,977,7,3
22202,977,207,3
22203,978,1338,3.5
22204,978,1335,3.5
22205,978,442,4
22206,978,12,4
22207,978,1336,4
22208,978,509,4
22209,979,2,3.5
22210,979,12,3
22211,979,235,2.5
22212,979,4,3.5
22213,979,206,3.5
22214,979,207,3.5
22215,979,11,3.5
22216,979,7,4
22217,979,1,2.5
22218,980,236,3.5
22219,980,12,3
22220,980,9,3.5
22221,980,255,3.5
22222,980,6,3.5
22223,980,207,3
22224,980,239,3
22225,980,219,3.5
22226,980,84,3
22227,980,211,3.5
22228,980,254,3
22229,980,3,3
22230,980,8,3
22231,980,5,4
22232,980,214,3.5
22233,980,11,3.5
22234,980,215,4
22235,980,213,3
22236,980,714,3.5
22237,980,241,2.5
22238,980,13,4
22239,980,7,3
22240,980,206,3
22241,980,1,2.5
22242,980,17,3
22243,980,2,2.5
22244,980,4,3
22245,981,255,3
22246,981,10,2.5
22247,981,211,3
22248,981,13,3
22249,981,212,2.5
22250,981,245,2.5
22251,981,252,4
22252,981,244,3.5
22253,981,246,2.5
22254,981,5,2.5
22255,981,12,3
22256,981,6,2.5
22257,981,8,3
22258,981,234,2.5
22259,981,216,2.5
22260,981,84,2.5
22261,981,207,2.5
22262,981,251,2.5
22263,981,219,3
22264,981,254,2.5
22265,981,4,2.5
22266,981,9,3.5
22267,981,7,3.5
22268,981,206,2.5
22269,981,257,4
22270,981,247,2.5
22271,981,214,2.5
22272,981,205,2.5
22273,981,239,2.5
22274,981,2,2.5
22275,981,215,3
22276,981,233,3
22277,981,210,2.5
22278,981,3,2.5
22279,981,11,3
22280,981,1,2.5
22281,981,253,4
22282,981,1764,4
22283,981,17,3.5
22284,981,236,3.5
22285,982,8,2.5
22286,982,245,3
22287,982,248,2.5
22288,982,217,3
22289,982,253,2
22290,982,220,2.5
22291,982,236,3
22292,982,243,1.5
22293,982,244,3
22294,982,210,2
22295,982,206,2.5
22296,982,7,0.5
22297,982,4,4
22298,982,247,3.5
22299,982,257,3.5
22300,982,239,3
22301,982,12,2
22302,982,10,3
22303,982,215,3
22304,982,13,3.5
22305,982,251,2.5
22306,982,235,2
22307,982,3,3
22308,982,233,3
22309,982,205,2
22310,982,213,2
22311,982,255,2.5
22312,982,207,3
22313,982,214,3.5
22314,982,5,2.5
22315,982,1,2.5
22316,982,17,3
22317,982,234,2.5
22318,982,211,3
22319,982,249,2
22320,982,246,3
22321,982,250,3
22322,982,9,4
22323,982,256,2
22324,982,254,3.5
22325,982,121,2
22326,982,241,2.5
22327,982,216,2.5
22328,982,84,2.5
22329,982,252,2.5
22330,982,219,3
22331,982,212,3
22332,982,6,3
22333,982,11,4
22334,982,2,3.5
22335,983,1747,4
22336,983,579,0.5
22337,983,13,4
22338,983,215,4
22339,983,261,4
22340,984,206,3
22341,984,219,3.5
22342,984,6,3.5
22343,984,4,4
22344,984,247,1.5
22345,984,8,3
22346,984,239,3
22347,984,12,3.5
22348,984,243,1.5
22349,984,236,3.5
22350,984,215,3.5
22351,984,7,3
22352,984,251,3
22353,984,233,3.5
22354,984,213,2
22355,984,255,3.5
22356,984,257,1
22357,984,207,4
22358,984,10,2
22359,984,5,2.5
22360,984,1,3
22361,984,234,3.5
22362,984,211,4
22363,984,13,3
22364,984,235,3
22365,984,249,3
22366,984,246,2
22367,984,250,3
22368,984,3,3.5
22369,984,254,3
22370,984,256,1.5
22371,984,205,2.5
22372,984,214,2
22373,984,241,2.5
22374,984,216,2.5
22375,984,84,3.5
22376,984,17,3
22377,984,252,2
22378,984,212,2.5
22379,984,11,4
22380,984,2,4
22381,984,245,1.5
22382,984,9,4
22383,984,248,1.5
22384,984,217,1.5
22385,984,253,4
22386,984,220,3.5
22387,984,121,2
22388,984,244,1.5
22389,984,210,2
22390,985,3,2
22391,985,205,2
22392,985,213,3.5
22393,985,255,3.5
22394,985,214,2
22395,985,17,3.5
22396,985,234,3.5
22397,985,246,3.5
22398,985,216,2
22399,985,252,3.5
22400,985,219,3.5
22401,985,212,2.5
22402,985,11,3.5
22403,985,2,2
22404,985,217,3.5
22405,985,239,3.5
22406,985,7,4
22407,985,10,3.5
22408,985,5,3.5
22409,985,1,3.5
22410,985,215,3.5
22411,985,13,3.5
22412,986,5,3.5
22413,986,236,4
22414,986,13,4
22415,986,9,4
22416,986,7,4
22417,986,215,4
22418,986,8,4
22419,986,234,4
22420,986,211,4
22421,986,233,4
22422,986,17,4
22423,986,213,4
22424,986,241,3
22425,987,207,3
22426,987,6,3
22427,987,239,2.5
22428,987,250,2.5
22429,987,233,2.5
22430,987,84,3
22431,987,252,3.5
22432,987,244,2.5
22433,987,212,3
22434,987,245,1.5
22435,987,211,2
22436,987,254,3
22437,987,256,2
22438,987,3,2
22439,987,8,3.5
22440,987,5,3
22441,987,214,2.5
22442,987,10,2.5
22443,987,11,4
22444,987,220,2.5
22445,987,215,3
22446,987,213,3
22447,987,241,2.5
22448,987,235,3.5
22449,987,13,3
22450,987,243,1.5
22451,987,206,3
22452,987,7,3
22453,987,257,2.5
22454,987,1,2.5
22455,987,236,4
22456,987,248,2.5
22457,987,12,2.5
22458,987,247,2.5
22459,987,17,2
22460,987,251,2.5
22461,987,2,3
22462,987,249,3
22463,987,4,3
22464,987,217,1.5
22465,987,210,2
22466,987,219,3
22467,987,234,3
22468,987,253,2.5
22469,987,246,2.5
22470,987,9,2.5
22471,987,205,3.5
22472,987,121,2.5
22473,987,216,1.5
22474,987,255,3.5
22475,988,220,2
22476,988,215,1.5
22477,988,2,1
22478,988,213,2
22479,988,4,3
22480,988,241,2.5
22481,988,235,3.5
22482,988,243,2
22483,988,1,3
22484,988,248,1.5
22485,988,236,3
22486,988,12,3.5
22487,988,205,1.5
22488,988,121,2
22489,988,247,2
22490,988,17,3.5
22491,988,251,2.5
22492,988,255,1.5
22493,988,249,1.5
22494,988,6,2.5
22495,988,239,1.5
22496,988,250,2.5
22497,988,217,1.5
22498,988,210,2
22499,988,219,3
22500,988,234,1.5
22501,988,253,1
22502,988,212,1
22503,988,246,1.5
22504,988,9,2.5
22505,988,245,2.5
22506,988,211,2
22507,988,216,1.5
22508,988,254,3
22509,988,207,3.5
22510,988,233,2
22511,988,84,1.5
22512,988,252,2
22513,988,244,2
22514,988,256,1.5
22515,988,3,2.5
22516,988,13,2
22517,988,7,4
22518,988,8,3
22519,988,5,1.5
22520,988,214,1.5
22521,988,206,2
22522,988,257,3
22523,988,10,2
22524,988,11,2
22525,989,7,3
22526,989,236,3.5
22527,989,13,4
22528,989,207,2
22529,989,1368,1
22530,989,8,2.5
22531,989,4,2.5
22532,989,1765,4
22533,989,219,3
22534,989,1,3
22535,989,1766,4
22536,989,205,2
22537,989,10,2
22538,989,565,4
22539,989,12,3
22540,989,11,4
22541,989,235,2.5
22542,989,1340,1
22543,989,241,3
22544,989,17,3.5
22545,989,220,2.5
22546,989,215,4
22547,989,250,3.5
22548,989,1767,3
22549,990,1768,4
22550,990,524,4
22551,990,206,4
22552,990,547,4
22553,990,254,4
22554,990,239,3.5
22555,990,210,3
22556,990,9,4
22557,990,241,4
22558,990,527,4
22559,990,5,4
22560,990,17,3
22561,990,4,4
22562,990,235,4
22563,991,213,3.5
22564,991,2,4
22565,991,4,3.5
22566,991,248,2.5
22567,991,210,2.5
22568,991,233,4
22569,991,215,3
22570,991,3,3.5
22571,991,11,4
22572,991,253,2.5
22573,991,1,4
22574,991,220,3
22575,991,256,3
22576,991,214,3
22577,991,217,3
22578,991,243,2.5
22579,991,17,4
22580,991,211,4
22581,991,10,3.5
22582,991,255,3
22583,991,212,4
22584,991,245,2.5
22585,991,252,3.5
22586,991,236,4
22587,991,244,2.5
22588,991,5,4
22589,991,12,4
22590,991,1097,4
22591,991,241,3.5
22592,991,6,2.5
22593,991,8,2.5
22594,991,234,3
22595,991,216,4
22596,991,13,3
22597,991,121,2.5
22598,991,84,3
22599,991,207,4
22600,991,251,2.5
22601,991,249,3
22602,991,250,2.5
22603,991,219,3
22604,991,254,2.5
22605,991,9,4
22606,991,7,4
22607,991,246,4
22608,991,206,3
22609,991,257,2.5
22610,991,247,2.5
22611,991,235,2.5
22612,991,205,3
22613,991,239,3.5
22614,992,278,4
22615,992,286,4
22616,992,1436,4
22617,993,1,2.5
22618,993,213,4
22619,993,11,4
22620,993,13,3
22621,993,215,4
22622,993,10,4
22623,994,7,3
22624,994,4,3.5
22625,994,11,3.5
22626,995,84,3.5
22627,995,251,4
22628,995,244,1
22629,995,1,2
22630,995,12,3
22631,995,206,2.5
22632,995,17,3.5
22633,995,235,1.5
22634,995,253,4
22635,995,239,1
22636,995,9,4
22637,995,247,3
22638,995,10,1
22639,995,5,4
22640,995,216,2.5
22641,995,217,2
22642,995,205,4
22643,995,214,3
22644,995,220,3
22645,995,256,2.5
22646,995,233,3.5
22647,995,250,4
22648,995,246,3
22649,995,234,3
22650,995,3,3.5
22651,995,213,1
22652,995,257,3
22653,995,7,2
22654,995,219,3.5
22655,995,243,3
22656,995,236,3.5
22657,995,210,3
22658,995,254,1.5
22659,995,215,3
22660,995,241,2.5
22661,995,248,2.5
22662,995,249,3
22663,995,6,3.5
22664,995,13,3
22665,995,2,2
22666,995,211,3
22667,995,245,4
22668,995,4,4
22669,995,207,1.5
22670,995,252,2.5
22671,995,255,4
22672,995,212,4
22673,995,8,3.5
22674,995,121,3.5
22675,995,11,2.5
22676,996,257,4
22677,996,235,3.5
22678,996,12,3.5
22679,996,1,3.5
22680,996,207,4
22681,997,9,4
22682,997,4,4
22683,997,249,4
22684,998,834,4
22685,998,1769,4
22686,998,472,1.5
22687,998,159,1
22688,998,56,4
22689,998,631,1.5
22690,998,569,1
22691,998,1770,0.5
22692,998,283,1.5
22693,998,917,4
22694,998,1771,4
22695,998,59,4
22696,998,1772,0.5
22697,998,435,1.5
22698,998,1773,1.5
22699,998,1123,3.5
22700,998,64,1.5
22701,998,207,3
22702,998,167,4
22703,998,705,4
22704,998,1249,0.5
22705,998,1428,4
22706,998,1774,4
22707,998,1775,1.5
22708,998,7,3
22709,998,1776,4
22710,998,1410,4
22711,998,51,4
22712,998,1068,4
22713,998,1777,4
22714,998,24,4
22715,998,1778,1
22716,998,1779,4
22717,998,541,1.5
22718,998,1780,4
22719,998,1330,4
22720,998,123,1
22721,998,468,1
22722,998,1781,4
22723,998,189,4
22724,999,13,2.5
22725,999,217,2
22726,999,215,3
22727,999,213,3
22728,999,205,2
22729,999,689,4
22730,999,251,3
22731,999,216,2
22732,999,17,4
22733,999,1782,2.5
22734,999,241,2.5
22735,999,236,3.5
22736,999,3,2.5
22737,999,254,1.5
22738,999,7,3
22739,999,243,1.5
22740,999,10,1.5
22741,999,211,2.5
22742,999,219,4
22743,999,1783,3.5
22744,999,1,2
22745,999,235,1.5
22746,999,1784,0.5
22747,999,2,1.5
22748,999,247,2
22749,999,245,3
22750,999,206,3
22751,999,239,3
22752,999,811,4
22753,999,28,3.5
22754,999,250,2.5
22755,999,244,2.5
22756,999,1785,0.5
22757,999,207,1.5
22758,999,717,3.5
22759,999,234,3
22760,999,12,3
22761,999,943,0.5
22762,999,253,2
22763,999,220,2
22764,1000,6,1
22765,1000,11,2
22766,1000,2,3
22767,1000,4,2.5
22768,1000,247,1.5
22769,1000,8,1.5
22770,1000,217,3
22771,1000,239,2
22772,1000,253,2.5
22773,1000,243,1.5
22774,1000,236,2.5
22775,1000,206,0.5
22776,1000,7,0.5
22777,1000,251,2.5
22778,1000,233,1.5
22779,1000,257,1
22780,1000,12,1
22781,1000,207,2.5
22782,1000,10,0.5
22783,1000,5,1.5
22784,1000,1,1
22785,1000,215,1
22786,1000,234,1
22787,1000,211,2
22788,1000,13,2
22789,1000,235,1.5
22790,1000,249,2
22791,1000,250,2.5
22792,1000,3,3.5
22793,1000,256,1
22794,1000,205,2
22795,1000,213,2.5
22796,1000,255,2.5
22797,1000,214,2
22798,1000,216,1
22799,1000,84,3.5
22800,1000,17,2.5
22801,1000,252,2.5
22802,1000,212,0.5
22803,1000,246,1
22804,1000,245,2
22805,1000,9,1.5
22806,1000,248,2.5
22807,1000,254,1.5
22808,1000,341,4
22809,1000,220,3.5
22810,1000,121,2.5
22811,1000,241,3.5
22812,1000,244,1
22813,1000,210,1.5
22814,1000,219,2
22815,1001,219,2.5
22816,1001,244,2
22817,1001,11,1
22818,1001,243,2.5
22819,1001,235,1.5
22820,1001,12,2
22821,1001,3,2.5
22822,1001,241,2
22823,1001,234,0.5
22824,1001,253,2
22825,1001,214,2
22826,1001,10,3
22827,1001,210,1.5
22828,1001,255,4
22829,1001,17,1.5
22830,1001,2,4
22831,1001,213,1.5
22832,1001,251,3.5
22833,1001,212,3
22834,1001,7,4
22835,1001,9,3.5
22836,1001,247,4
22837,1001,254,2
22838,1001,245,3
22839,1001,84,3.5
22840,1001,6,2.5
22841,1001,13,3.5
22842,1001,206,3
22843,1001,249,4
22844,1001,248,3
22845,1001,215,3.5
22846,1001,250,4
22847,1001,1,3.5
22848,1001,257,4
22849,1001,211,1.5
22850,1001,121,1
22851,1001,233,3
22852,1001,236,3.5
22853,1001,252,2
22854,1001,246,1.5
22855,1001,216,1
22856,1001,220,0.5
22857,1001,8,3.5
22858,1001,205,4
22859,1001,256,2.5
22860,1001,4,1
22861,1001,5,2.5
22862,1001,207,3
22863,1001,239,1.5
22864,1001,217,3.5
22865,1002,279,3.5
22866,1002,207,2
22867,1002,250,2
22868,1002,213,2
22869,1002,409,3.5
22870,1002,1786,3
22871,1002,219,0.5
22872,1002,254,1.5
22873,1002,4,0.5
22874,1002,7,4
22875,1002,429,1
22876,1002,205,1.5
22877,1002,239,2
22878,1002,589,3.5
22879,1002,940,1
22880,1002,1037,3.5
22881,1002,17,0.5
22882,1002,522,2.5
22883,1002,233,1.5
22884,1002,11,0.5
22885,1002,341,4
22886,1002,1445,3
22887,1002,236,0.5
22888,1002,1787,2
22889,1002,318,4
22890,1002,658,3.5
22891,1002,1754,3.5
22892,1002,12,2.5
22893,1002,8,0.5
22894,1003,5,2
22895,1003,207,2.5
22896,1003,256,2.5
22897,1003,241,2
22898,1003,211,2.5
22899,1003,11,3
22900,1003,219,2
22901,1003,253,2.5
22902,1003,4,3
22903,1003,6,2.5
22904,1003,233,1
22905,1003,206,2
22906,1003,250,2
22907,1003,121,2
22908,1003,244,2
22909,1003,17,2
22910,1003,7,3
22911,1003,12,4
22912,1003,234,2
22913,1003,247,2.5
22914,1003,220,2
22915,1003,249,2.5
22916,1003,239,2.5
22917,1003,10,2
22918,1003,212,2.5
22919,1003,214,2.5
22920,1003,9,3.5
22921,1003,257,1.5
22922,1003,210,2
22923,1003,2,2.5
22924,1003,3,2.5
22925,1003,1,2
22926,1003,251,2
22927,1003,246,2
22928,1003,236,2
22929,1003,213,4
22930,1003,235,1.5
22931,1003,255,1.5
22932,1003,216,2.5
22933,1003,205,3
22934,1003,252,2.5
22935,1003,8,1.5
22936,1003,248,3
22937,1003,254,1.5
22938,1003,13,3
22939,1003,215,2
22940,1003,243,2.5
22941,1003,245,2.5
22942,1003,84,3
22943,1003,217,2.5
22944,1004,214,1
22945,1004,3,2.5
22946,1004,213,4
22947,1004,243,4
22948,1004,236,3.5
22949,1004,254,3.5
22950,1004,215,2.5
22951,1004,13,3.5
22952,1004,219,3.5
22953,1004,211,4
22954,1004,255,4
22955,1004,8,3.5
22956,1004,11,2.5
22957,1004,251,3.5
22958,1004,12,3
22959,1004,17,4
22960,1004,1,2
22961,1004,253,4
22962,1004,10,1
22963,1004,5,3.5
22964,1005,241,3.5
22965,1005,121,2.5
22966,1005,215,3
22967,1006,211,3
22968,1006,254,3.5
22969,1006,256,2.5
22970,1006,207,3
22971,1006,3,2.5
22972,1006,8,3
22973,1006,214,2.5
22974,1006,252,2.5
22975,1006,11,3.5
22976,1006,91,4
22977,1006,299,4
22978,1006,213,3.5
22979,1006,241,2.5
22980,1006,13,3
22981,1006,5,4
22982,1006,206,2.5
22983,1006,7,4
22984,1006,257,2.5
22985,1006,248,3
22986,1006,10,3
22987,1006,220,4
22988,1006,215,3
22989,1006,17,3
22990,1006,2,2.5
22991,1006,1551,4
22992,1006,4,3.5
22993,1006,235,3
22994,1006,217,3
22995,1006,210,2.5
22996,1006,243,2.5
22997,1006,253,2
22998,1006,1,2.5
22999,1006,236,2.5
23000,1006,12,3
23001,1006,9,3
23002,1006,205,2.5
23003,1006,121,2.5
23004,1006,247,3
23005,1006,216,2.5
23006,1006,251,3.5
23007,1006,255,3
23008,1006,249,2.5
23009,1006,6,3
23010,1006,239,3
23011,1006,250,3
23012,1006,233,2.5
23013,1006,84,3.5
23014,1006,219,2.5
23015,1006,244,2.5
23016,1006,234,2.5
23017,1006,1016,4
23018,1006,212,2.5
23019,1006,246,3
23020,1006,245,3
23021,1007,250,4
23022,1007,7,2.5
23023,1007,2,1.5
23024,1007,215,3.5
23025,1007,8,3
23026,1007,235,1.5
23027,1007,219,4
23028,1007,11,4
23029,1007,1,2.5
23030,1007,4,3
23031,1007,207,2
23032,1007,12,1.5
23033,1007,236,3.5
23034,1008,8,4
23035,1008,11,3
23036,1008,215,3.5
23037,1008,213,3.5
23038,1008,13,4
23039,1008,7,4
23040,1008,17,3
23041,1008,2,4
23042,1008,4,3.5
23043,1008,235,4
23044,1008,217,4
23045,1008,1,2.5
23046,1008,205,4
23047,1008,247,3
23048,1008,251,4
23049,1008,250,4
23050,1008,219,4
23051,1008,234,4
23052,1008,207,4
23053,1009,3,3.5
23054,1009,17,4
23055,1009,255,3.5
23056,1009,215,4
23057,1009,11,3.5
23058,1009,220,3.5
23059,1009,211,4
23060,1009,4,3.5
23061,1009,1,2
23062,1009,13,2.5
23063,1009,2,2
23064,1009,233,3.5
23065,1009,10,1
23066,1009,8,4
23067,1009,461,3
23068,1010,7,3.5
23069,1010,233,3
23070,1010,638,4
23071,1010,1,3
23072,1010,257,3
23073,1010,1302,4
23074,1010,1666,4
23075,1010,215,3
23076,1010,205,3.5
23077,1010,8,2.5
23078,1010,977,4
23079,1010,755,4
23080,1010,12,2
23081,1010,250,3.5
23082,1010,207,3
23083,1010,242,4
23084,1010,253,3
23085,1010,236,3.5
23086,1010,434,4
23087,1011,9,3.5
23088,1011,241,2
23089,1011,2,3
23090,1011,847,4
23091,1011,12,3
23092,1011,236,4
23093,1012,7,3.5
23094,1012,11,4
23095,1012,214,3.5
23096,1012,2,3.5
23097,1012,13,4
23098,1012,10,4
23099,1012,3,4
23100,1012,213,3.5
23101,1012,1,4
23102,1012,219,4
23103,1012,205,3.5
23104,1012,215,4
23105,1013,7,4
23106,1013,213,2
23107,1013,9,4
23108,1013,13,3
23109,1013,234,4
23110,1013,207,3.5
23111,1013,17,1.5
23112,1013,3,3.5
23113,1013,215,4
23114,1013,1088,3
23115,1014,214,2.5
23116,1014,234,3
23117,1014,212,1
23118,1014,11,4
23119,1014,1626,4
23120,1014,10,2
23121,1014,7,4
23122,1014,219,3
23123,1014,13,4
23124,1014,1,1
23125,1014,216,3
23126,1014,416,4
23127,1014,1482,4
23128,1014,215,3
23129,1014,213,3
23130,1014,341,4
23131,1014,252,3
23132,1014,205,3.5
23133,1014,217,2
23134,1014,239,2.5
23135,1014,3,3
23136,1014,2,3.5
23137,1015,247,4
23138,1015,10,3
23139,1015,7,3.5
23140,1015,13,3.5
23141,1015,1,3
23142,1015,5,4
23143,1015,216,4
23144,1015,257,4
23145,1015,4,3.5
23146,1015,9,1.5
23147,1015,17,3
23148,1015,239,4
23149,1015,8,4
23150,1015,3,4
23151,1015,2,2.5
23152,1015,219,4
23153,1015,12,3.5
23154,1015,254,2
23155,1015,207,3
23156,1015,11,4
23157,1015,236,1.5
23158,1016,299,3.5
23159,1017,1628,2
23160,1017,343,2
23161,1017,1627,3
23162,1017,1630,3
23163,1017,1601,3
23164,1017,11,3
23165,1017,215,1
23166,1017,1536,1
23167,1017,1274,2
23168,1017,1504,1.5
23169,1017,355,3
23170,1017,235,2
23171,1017,769,0.5
23172,1017,604,1.5
23173,1017,1629,2.5
23174,1017,1626,1
23175,1017,572,3
23176,1017,518,3
23177,1017,1788,2.5
23178,1017,560,2
23179,1017,1259,0.5
23180,1018,1789,3.5
23181,1018,781,3
23182,1018,1790,4
23183,1018,1791,4
23184,1018,1539,4
23185,1018,1265,2.5
23186,1018,1587,1
23187,1018,1200,3.5
23188,1018,542,4
23189,1018,1792,3.5
23190,1018,1793,4
23191,1018,1794,3
23192,1018,752,3.5
23193,1018,303,2.5
23194,1018,845,2.5
23195,1018,1795,3
23196,1018,1796,4
23197,1018,1264,2.5
23198,1018,1797,3.5
23199,1018,843,3.5
23200,1018,219,3.5
23201,1018,1798,3
23202,1018,2,2
23203,1018,669,4
23204,1018,1799,3
23205,1018,1800,3.5
23206,1018,1801,3
23207,1018,1802,4
23208,1018,274,0.5
23209,1018,787,2.5
23210,1018,1261,3
23211,1018,278,2.5
23212,1018,1267,2.5
23213,1018,8,2
23214,1018,12,3.5
23215,1018,800,4
23216,1018,1803,3
23217,1018,596,3.5
23218,1018,236,3
23219,1018,1804,3.5
23220,1018,1805,3
23221,1018,7,2.5
23222,1019,197,4
23223,1019,7,3.5
23224,1019,1089,2.5
23225,1019,1113,3
23226,1019,304,3.5
23227,1019,805,4
23228,1019,1219,2.5
23229,1019,1647,2.5
23230,1019,1073,3
23231,1019,213,1
23232,1019,1107,2.5
23233,1019,1115,3
23234,1019,13,3
23235,1019,1072,2
23236,1019,494,2
23237,1019,1095,1.5
23238,1019,1079,2
23239,1019,2,3
23240,1019,8,2
23241,1019,611,3.5
23242,1019,347,3.5
23243,1019,1085,3.5
23244,1020,10,4
23245,1021,11,1.5
23246,1021,213,2.5
23247,1021,13,4
23248,1022,17,4
23249,1022,11,3
23250,1022,2,4
23251,1022,245,4
23252,1022,9,3.5
23253,1022,217,3.5
23254,1022,121,4
23255,1022,206,4
23256,1022,6,3.5
23257,1022,4,3
23258,1022,8,4
23259,1022,239,3
23260,1022,215,3.5
23261,1022,7,4
23262,1022,251,3.5
23263,1022,213,3.5
23264,1022,257,2.5
23265,1022,207,4
23266,1022,5,3.5
23267,1022,1,3.5
23268,1022,211,4
23269,1022,13,4
23270,1022,235,3
23271,1022,3,4
23272,1022,205,4
23273,1022,254,4
23274,1023,12,1.5
23275,1023,4,3
23276,1023,11,3.5
23277,1023,2,3
23278,1023,207,2.5
23279,1024,213,3.5
23280,1024,216,2.5
23281,1024,121,2
23282,1024,2,3
23283,1024,3,1.5
23284,1024,257,1
23285,1024,1,3.5
23286,1024,9,3
23287,1024,212,0.5
23288,1024,214,3.5
23289,1024,235,2
23290,1024,205,3.5
23291,1024,247,3
23292,1024,10,2.5
23293,1024,239,1.5
23294,1024,248,2.5
23295,1024,12,3
23296,1024,249,4
23297,1024,243,2
23298,1024,220,1.5
23299,1024,11,3.5
23300,1024,215,4
23301,1024,250,4
23302,1024,251,3.5
23303,1024,84,2
23304,1024,233,1.5
23305,1024,241,3
23306,1024,6,1.5
23307,1024,17,1.5
23308,1024,253,2
23309,1024,254,4
23310,1024,236,3
23311,1024,206,2
23312,1024,4,2.5
23313,1024,13,3.5
23314,1024,256,3.5
23315,1025,257,3.5
23316,1025,11,4
23317,1026,12,3
23318,1026,257,3
23319,1026,11,4
23320,1026,2,3.5
23321,1027,236,4
23322,1027,5,4
23323,1027,17,4
23324,1027,13,3.5
23325,1027,213,4
23326,1027,3,3
23327,1027,11,3
23328,1027,7,2.5
23329,1027,4,3
23330,1027,255,3.5
23331,1027,8,4
23332,1027,220,3
23333,1027,2,4
23334,1027,211,4
23335,1027,215,3
23336,1028,476,4
23337,1028,17,2.5
23338,1028,2,2
23339,1028,236,4
23340,1028,7,3
23341,1028,235,2
23342,1029,1279,4
23343,1029,586,3
23344,1029,297,4
23345,1030,1,3.5
23346,1030,5,1.5
23347,1030,11,1.5
23348,1030,12,2.5
23349,1030,2,3.5
23350,1030,969,4
23351,1030,205,3.5
23352,1030,235,3.5
23353,1030,10,3
23354,1030,7,1.5
23355,1030,207,3
23356,1031,11,2.5
23357,1031,1640,1.5
23358,1032,215,3.5
23359,1033,832,0.5
23360,1033,313,4
23361,1033,1806,3.5
23362,1033,533,4
23363,1033,236,1
23364,1033,1559,4
23365,1034,808,3
23366,1034,1807,4
23367,1034,233,1.5
23368,1034,441,0.5
23369,1034,13,2.5
23370,1034,563,4
23371,1034,431,4
23372,1034,1808,3
23373,1034,434,3
23374,1034,2,2.5
23375,1034,1809,3
23376,1034,1415,1
23377,1034,217,4
23378,1034,12,2.5
23379,1034,1810,3
23380,1034,1655,4
23381,1034,10,2
23382,1034,219,4
23383,1034,205,2
23384,1034,236,2
23385,1034,1253,3
23386,1034,7,1.5
23387,1034,548,3
23388,1034,8,3.5
23389,1034,1811,3
23390,1034,1592,2
23391,1034,251,3.5
23392,1034,206,4
23393,1034,658,3
23394,1034,211,4
23395,1034,1091,4
23396,1034,5,4
23397,1034,102,4
23398,1034,1103,4
23399,1034,1812,3
23400,1034,335,3.5
23401,1034,1813,4
23402,1034,1814,3
23403,1034,1093,2.5
23404,1034,399,4
23405,1034,215,3.5
23406,1034,1542,3
23407,1034,207,0.5
23408,1034,822,4
23409,1034,1815,3.5
23410,1034,427,3.5
23411,1034,1816,4
23412,1034,1817,3
23413,1034,465,4
23414,1034,84,3
23415,1034,1818,3
23416,1034,368,3
23417,1034,255,2.5
23418,1034,903,3
23419,1034,213,3.5
23420,1034,525,4
23421,1034,242,4
23422,1034,675,4
23423,1034,1819,3
23424,1034,247,2.5
23425,1034,9,3
23426,1034,234,4
23427,1034,1820,4
23428,1034,17,2.5
23429,1034,303,3.5
23430,1034,1821,3
23431,1034,1298,3
23432,1034,220,3.5
23433,1034,1534,4
23434,1034,250,4
23435,1034,245,4
23436,1034,42,3
23437,1034,1822,3
23438,1034,542,4
23439,1034,1823,2.5
23440,1034,6,2.5
23441,1034,448,4
23442,1034,241,3
23443,1034,456,4
23444,1034,1114,4
23445,1034,1824,3
23446,1034,1090,3.5
23447,1034,216,4
23448,1034,1825,3.5
23449,1034,1,2
23450,1034,863,3.5
23451,1034,620,4
23452,1034,1826,3
23453,1034,214,4
23454,1034,1119,4
23455,1034,1827,3
23456,1034,1828,3.5
23457,1035,1,3
23458,1035,11,3.5
23459,1036,13,3.5
23460,1036,2,3.5
23461,1036,12,3.5
23462,1036,10,3
23463,1036,207,3.5
23464,1036,215,3
23465,1036,11,3.5
23466,1036,213,3
23467,1037,216,4
23468,1037,8,3.5
23469,1037,207,4
23470,1037,7,4
23471,1037,2,4
23472,1037,1340,4
23473,1037,11,4
23474,1037,236,3.5
23475,1038,13,2
23476,1038,251,4
23477,1038,243,2
23478,1038,245,2
23479,1038,236,4
23480,1038,217,2
23481,1038,213,3
23482,1038,235,3
23483,1038,216,4
23484,1038,252,4
23485,1038,205,3
23486,1038,256,2
23487,1038,241,3.5
23488,1038,248,2.5
23489,1038,215,3
23490,1038,84,2.5
23491,1038,4,2.5
23492,1038,5,2
23493,1038,6,2.5
23494,1038,207,1.5
23495,1038,121,3.5
23496,1038,244,2.5
23497,1038,7,3.5
23498,1038,211,2
23499,1038,234,3.5
23500,1038,11,2.5
23501,1038,219,4
23502,1038,10,3.5
23503,1038,253,3
23504,1038,257,2
23505,1038,233,1.5
23506,1038,206,2
23507,1038,250,4
23508,1038,3,2.5
23509,1038,17,3
23510,1038,12,3
23511,1038,220,2.5
23512,1038,247,2
23513,1038,246,2
23514,1038,249,3
23515,1038,239,2
23516,1038,212,4
23517,1038,9,3
23518,1038,214,3
23519,1038,255,2.5
23520,1038,2,2.5
23521,1038,210,2
23522,1038,1,3
23523,1038,8,2
23524,1038,254,2.5
23525,1039,804,4
23526,1039,132,3.5
23527,1039,377,3
23528,1039,174,2.5
23529,1039,135,1.5
23530,1039,88,2
23531,1039,657,2.5
23532,1039,176,2
23533,1039,477,2.5
23534,1039,39,3
23535,1039,129,2.5
23536,1039,59,4
23537,1039,103,3
23538,1039,97,4
23539,1039,476,4
23540,1039,8,3
23541,1039,106,2
23542,1039,219,2.5
23543,1039,1251,3
23544,1039,215,2.5
23545,1039,162,4
23546,1039,798,4
23547,1039,99,1
23548,1039,127,3
23549,1039,50,2.5
23550,1039,188,3.5
23551,1039,240,2.5
23552,1039,1038,1.5
23553,1039,795,3
23554,1039,1257,1.5
23555,1039,1829,1.5
23556,1039,1100,3
23557,1039,62,2
23558,1039,1724,2
23559,1039,63,0.5
23560,1039,19,2
23561,1039,762,2.5
23562,1039,145,3
23563,1039,78,2
23564,1039,259,2.5
23565,1039,927,2.5
23566,1039,845,3
23567,1039,1830,2.5
23568,1039,9,3
23569,1039,267,2.5
23570,1039,280,1
23571,1039,167,3.5
23572,1039,44,3.5
23573,1039,80,2
23574,1039,90,2.5
23575,1039,447,2
23576,1039,1360,4
23577,1039,137,2.5
23578,1039,278,4
23579,1039,45,2.5
23580,1039,563,4
23581,1039,203,1
23582,1039,900,3.5
23583,1039,431,3.5
23584,1039,77,2.5
23585,1039,360,3.5
23586,1039,614,2.5
23587,1039,166,0.5
23588,1039,18,3
23589,1039,108,3
23590,1039,408,3
23591,1039,184,0.5
23592,1039,512,3
23593,1039,95,4
23594,1039,1017,2.5
23595,1039,190,3
23596,1039,1078,3
23597,1039,534,3.5
23598,1039,318,3.5
23599,1039,16,3
23600,1039,1559,3
23601,1039,12,3
23602,1039,165,3.5
23603,1039,177,2.5
23604,1039,743,0.5
23605,1039,41,2.5
23606,1039,919,2
23607,1039,49,2.5
23608,1039,839,1.5
23609,1039,1562,2.5
23610,1039,22,3.5
23611,1039,5,3.5
23612,1039,1452,2
23613,1039,168,3
23614,1039,112,3
23615,1039,94,3
23616,1039,1655,2.5
23617,1039,363,2
23618,1039,87,3
23619,1039,387,2.5
23620,1039,58,3
23621,1039,1376,3.5
23622,1039,2,3.5
23623,1039,1831,3.5
23624,1039,173,2
23625,1039,518,3
23626,1039,115,2.5
23627,1039,254,2
23628,1039,1072,3
23629,1039,105,4
23630,1039,1460,1
23631,1039,110,3
23632,1039,1010,2.5
23633,1039,310,2.5
23634,1039,1034,1.5
23635,1039,542,3.5
23636,1039,1369,3
23637,1039,432,3
23638,1039,182,3.5
23639,1039,286,4
23640,1039,1318,1.5
23641,1039,14,1.5
23642,1039,175,0.5
23643,1039,207,3.5
23644,1039,340,4
23645,1039,218,4
23646,1039,436,2.5
23647,1039,1832,2
23648,1039,880,2
23649,1039,102,3
23650,1039,48,3
23651,1039,1491,2
23652,1039,468,3.5
23653,1039,599,1.5
23654,1040,2,3.5
23655,1040,235,3
23656,1040,966,3.5
23657,1040,236,4
23658,1040,241,2.5
23659,1040,1098,2.5
23660,1040,207,3
23661,1040,17,3
23662,1040,1833,0.5
23663,1040,1123,4
23664,1040,781,3
23665,1040,267,3.5
23666,1040,307,4
23667,1040,845,3
23668,1040,787,3.5
23669,1040,7,4
23670,1040,8,3.5
23671,1040,10,2
23672,1041,951,0.5
23673,1041,1548,4
23674,1041,1513,4
23675,1041,389,2.5
23676,1041,1549,0.5
23677,1041,268,4
23678,1041,606,3.5
23679,1041,743,3.5
23680,1041,270,4
23681,1041,968,4
23682,1041,1545,4
23683,1041,11,4
23684,1041,293,4
23685,1041,4,4
23686,1041,1543,0.5
23687,1041,207,4
23688,1041,706,4
23689,1041,1546,4
23690,1041,274,4
23691,1041,266,3
23692,1041,589,4
23693,1041,218,4
23694,1041,438,3.5
23695,1042,414,3.5
23696,1042,1695,4
23697,1042,805,3.5
23698,1042,511,3
23699,1042,874,3
23700,1042,204,3
23701,1042,1834,2.5
23702,1042,501,4
23703,1043,207,2
23704,1043,7,3.5
23705,1043,2,4
23706,1044,7,4
23707,1045,84,3
23708,1045,17,2
23709,1045,255,1
23710,1045,213,2.5
23711,1045,2,1
23712,1045,217,3
23713,1045,8,1.5
23714,1045,13,1.5
23715,1046,247,2
23716,1046,10,1
23717,1046,239,4
23718,1046,248,2
23719,1046,12,3
23720,1046,249,1.5
23721,1046,243,1.5
23722,1046,220,2
23723,1046,11,4
23724,1046,215,4
23725,1046,250,4
23726,1046,251,3.5
23727,1046,84,3.5
23728,1046,252,2
23729,1046,7,1
23730,1046,233,3.5
23731,1046,217,2.5
23732,1046,241,1.5
23733,1046,6,3
23734,1046,17,4
23735,1046,253,3
23736,1046,254,2.5
23737,1046,255,4
23738,1046,236,3.5
23739,1046,206,3
23740,1046,4,3.5
23741,1046,13,3
23742,1046,207,3
23743,1046,256,2.5
23744,1046,219,3
23745,1046,5,3.5
23746,1046,8,4
23747,1046,213,3.5
23748,1046,216,1.5
23749,1046,121,4
23750,1046,234,4
23751,1046,2,3.5
23752,1046,3,1.5
23753,1046,257,3.5
23754,1046,1,1.5
23755,1046,9,4
23756,1046,211,4
23757,1046,212,3
23758,1046,244,3
23759,1046,245,3.5
23760,1046,214,4
23761,1046,235,4
23762,1046,246,4
23763,1046,205,3
23764,1046,210,2
23765,1047,213,4
23766,1047,216,3
23767,1047,234,3
23768,1047,2,4
23769,1047,3,3
23770,1047,10,4
23771,1047,239,3.5
23772,1047,1,3
23773,1047,211,3
23774,1047,212,3
23775,1047,245,3
23776,1047,214,3
23777,1047,246,3
23778,1047,205,3
23779,1047,210,3
23780,1047,17,3
23781,1047,11,3
23782,1047,215,4
23783,1047,252,3
23784,1047,7,3
23785,1047,233,4
23786,1047,217,3
23787,1047,6,3
23788,1047,255,3
23789,1047,13,3
23790,1047,207,3
23791,1047,219,3
23792,1047,5,3
23793,1047,8,3
23794,1048,10,2
23795,1048,7,3.5
23796,1048,239,3
23797,1048,213,1
23798,1048,220,3
23799,1048,245,2.5
23800,1048,13,2
23801,1048,1,2
23802,1048,12,3.5
23803,1048,2,2.5
23804,1048,219,3.5
23805,1048,235,3
23806,1048,207,2.5
23807,1049,3,3.5
23808,1049,1,3.5
23809,1049,12,1.5
23810,1049,5,3.5
23811,1049,251,2.5
23812,1049,236,3.5
23813,1049,220,3.5
23814,1049,235,3
23815,1049,257,2.5
23816,1049,17,3
23817,1050,84,2.5
23818,1050,252,2
23819,1050,7,3
23820,1050,206,2.5
23821,1050,233,2.5
23822,1050,217,2
23823,1050,241,2
23824,1050,253,2.5
23825,1050,254,2
23826,1050,255,3
23827,1050,236,3
23828,1050,4,3
23829,1050,2,3.5
23830,1050,13,2.5
23831,1050,207,2.5
23832,1050,256,2
23833,1050,219,2.5
23834,1050,5,3.5
23835,1050,8,4
23836,1050,213,2.5
23837,1050,216,2.5
23838,1050,234,2
23839,1050,121,2
23840,1050,3,2.5
23841,1050,10,1.5
23842,1050,257,1.5
23843,1050,239,2.5
23844,1050,243,1
23845,1050,1,3
23846,1050,9,3.5
23847,1050,244,2
23848,1050,211,3.5
23849,1050,212,3
23850,1050,245,2
23851,1050,214,2
23852,1050,235,2.5
23853,1050,246,2
23854,1050,205,2
23855,1050,210,2
23856,1050,247,2
23857,1050,6,3.5
23858,1050,248,2
23859,1050,12,3.5
23860,1050,249,2
23861,1050,17,4
23862,1050,220,2.5
23863,1050,11,3.5
23864,1050,215,3
23865,1050,250,2
23866,1050,251,2.5
23867,1051,213,3
23868,1051,241,3.5
23869,1051,5,4
23870,1051,7,3.5
23871,1051,206,4
23872,1051,220,3
23873,1051,520,4
23874,1051,17,3
23875,1051,2,4
23876,1051,235,3.5
23877,1051,1359,4
23878,1051,236,3
23879,1051,12,2.5
23880,1051,9,3.5
23881,1051,121,3
23882,1051,216,3
23883,1051,255,3.5
23884,1051,234,3.5
23885,1051,211,3.5
23886,1052,206,2.5
23887,1052,217,0.5
23888,1052,9,3
23889,1052,215,4
23890,1052,213,2.5
23891,1052,205,4
23892,1052,255,3
23893,1052,214,2.5
23894,1052,245,1.5
23895,1052,239,2.5
23896,1052,234,1.5
23897,1052,3,1.5
23898,1052,2,3.5
23899,1052,219,3.5
23900,1052,212,4
23901,1052,254,2.5
23902,1052,11,2.5
23903,1052,244,2
23904,1052,10,4
23905,1052,7,1.5
23906,1052,13,4
23907,1052,1,3.5
23908,1052,5,3
23909,1052,252,1
23910,1052,216,4
23911,1052,257,2.5
23912,1053,10,4
23913,1053,257,3
23914,1053,12,3
23915,1053,2,4
23916,1053,4,4
23917,1053,11,4
23918,1053,13,4
23919,1054,215,4
23920,1055,207,3.5
23921,1055,7,1
23922,1055,215,4
23923,1055,17,3
23924,1055,12,4
23925,1055,219,4
23926,1055,234,4
23927,1055,8,4
23928,1055,216,3.5
23929,1055,2,4
23930,1055,13,4
23931,1055,251,3.5
23932,1055,220,3.5
23933,1056,252,3.5
23934,1056,215,3.5
23935,1056,216,2.5
23936,1056,245,1
23937,1056,207,3
23938,1056,211,1.5
23939,1056,3,3.5
23940,1056,205,2.5
23941,1056,214,3.5
23942,1056,255,1.5
23943,1056,233,1.5
23944,1056,5,2
23945,1056,6,3.5
23946,1056,213,1.5
23947,1056,2,3
23948,1056,17,3.5
23949,1056,244,1
23950,1056,7,3
23951,1056,239,2
23952,1056,13,0.5
23953,1056,219,2
23954,1056,10,3.5
23955,1056,210,3.5
23956,1056,8,1
23957,1056,11,4
23958,1056,217,2.5
23959,1056,246,2.5
23960,1056,212,4
23961,1056,234,2
23962,1056,1,2
23963,1057,1,3
23964,1057,7,2
23965,1057,17,2.5
23966,1057,2,4
23967,1057,11,4
23968,1057,4,4
23969,1057,12,1
23970,1058,215,3
23971,1059,197,4
23972,1059,13,3
23973,1059,2,3.5
23974,1059,207,2.5
23975,1059,1835,4
23976,1059,7,3.5
23977,1059,689,4
23978,1059,17,3
23979,1059,236,2
23980,1059,5,3
23981,1059,241,3.5
23982,1060,687,3.5
23983,1060,1228,3
23984,1060,13,2
23985,1060,218,2
23986,1060,15,3
23987,1060,10,2
23988,1060,781,4
23989,1060,339,3
23990,1060,4,0.5
23991,1060,878,3
23992,1060,691,4
23993,1060,425,3.5
23994,1060,1221,4
23995,1060,2,1
23996,1060,8,1.5
23997,1060,9,1.5
23998,1060,1224,2.5
23999,1060,489,3.5
24000,1060,1226,1
24001,1060,1116,2
24002,1060,1231,4
24003,1060,293,4
24004,1060,1223,2
24005,1060,668,3
24006,1060,658,3
24007,1060,391,3
24008,1060,12,4
24009,1060,675,2.5
24010,1060,866,1.5
24011,1060,212,3
24012,1060,1349,3
24013,1060,1227,3
24014,1060,70,0.5
24015,1060,879,2.5
24016,1060,717,4
24017,1060,721,1
24018,1060,294,4
24019,1060,1655,3.5
24020,1060,1348,3
24021,1060,1229,2.5
24022,1060,235,2.5
24023,1060,897,2.5
24024,1060,242,2
24025,1060,862,2.5
24026,1060,583,4
24027,1060,207,3.5
24028,1060,805,4
24029,1060,477,4
24030,1060,977,2.5
24031,1060,607,1
24032,1060,763,4
24033,1060,187,2.5
24034,1060,1304,3
24035,1061,252,2.5
24036,1061,3,3
24037,1061,251,2
24038,1061,218,1.5
24039,1061,215,2.5
24040,1061,11,0.5
24041,1062,239,2
24042,1062,8,3.5
24043,1062,3,4
24044,1062,17,3
24045,1062,2,2.5
24046,1062,12,2
24047,1062,254,4
24048,1062,250,4
24049,1062,207,3
24050,1062,251,4
24051,1062,235,3.5
24052,1062,11,3.5
24053,1062,253,2.5
24054,1062,236,4
24055,1062,10,1.5
24056,1062,7,2
24057,1062,233,3
24058,1062,219,4
24059,1062,13,3.5
24060,1062,1,1.5
24061,1062,5,4
24062,1062,216,3.5
24063,1062,9,4
24064,1062,215,3
24065,1062,205,3.5
24066,1062,220,3.5
24067,1062,121,3.5
24068,1063,11,4
24069,1064,728,3.5
24070,1064,501,4
24071,1064,1836,3
24072,1064,17,3
24073,1064,215,3
24074,1064,7,3.5
24075,1064,242,3
24076,1064,236,3.5
24077,1064,13,3.5
24078,1064,1392,3
24079,1064,540,3
24080,1064,781,2.5
24081,1064,8,3
24082,1064,213,2.5
24083,1064,121,3.5
24084,1064,2,3
24085,1064,1588,3
24086,1064,455,4
24087,1064,219,3.5
24088,1064,1,3
24089,1064,9,1.5
24090,1064,882,3
24091,1064,211,3
24092,1064,675,4
24093,1064,278,4
24094,1064,10,2.5
24095,1064,787,3
24096,1064,940,3.5
24097,1065,217,4
24098,1065,236,4
24099,1065,397,3.5
24100,1065,215,4
24101,1065,1237,2.5
24102,1065,213,4
24103,1065,8,4
24104,1065,494,3.5
24105,1065,278,3
24106,1065,696,3.5
24107,1065,123,3
24108,1065,880,3.5
24109,1065,609,4
24110,1065,845,4
24111,1065,347,3.5
24112,1065,235,3.5
24113,1065,270,3
24114,1065,352,3
24115,1065,1837,2.5
24116,1065,9,2
24117,1065,764,3.5
24118,1065,1838,2
24119,1065,239,4
24120,1065,7,4
24121,1065,1839,2
24122,1065,6,3
24123,1065,638,3.5
24124,1065,257,3.5
24125,1065,211,3
24126,1065,218,3.5
24127,1065,455,4
24128,1065,219,2.5
24129,1065,1,3.5
24130,1065,339,4
24131,1065,207,3.5
24132,1065,1840,1.5
24133,1065,872,2.5
24134,1065,723,3.5
24135,1065,1830,1.5
24136,1065,592,1
24137,1065,719,2
24138,1065,220,3.5
24139,1065,415,4
24140,1065,1597,2
24141,1065,1841,4
24142,1065,70,1.5
24143,1065,1488,4
24144,1065,205,4
24145,1065,216,3.5
24146,1065,499,2
24147,1065,850,3.5
24148,1065,17,4
24149,1065,585,2.5
24150,1065,1756,1
24151,1066,13,4
24152,1066,2,4
24153,1066,235,3
24154,1066,10,4
24155,1066,216,3.5
24156,1066,257,3.5
24157,1066,207,4
24158,1066,7,4
24159,1066,3,3
24160,1066,1,3.5
24161,1067,216,3.5
24162,1067,84,3
24163,1067,212,2.5
24164,1067,11,4
24165,1067,2,4
24166,1067,245,3
24167,1067,9,3
24168,1067,4,3
24169,1067,239,3
24170,1067,236,2.5
24171,1067,215,1
24172,1067,206,2.5
24173,1067,233,1.5
24174,1067,10,4
24175,1067,5,4
24176,1067,211,3
24177,1067,13,4
24178,1067,213,3
24179,1067,214,3
24180,1068,8,4
24181,1068,17,4
24182,1068,1542,3.5
24183,1068,12,2.5
24184,1068,4,3
24185,1068,6,4
24186,1068,9,4
24187,1068,11,3.5
24188,1069,4,3
24189,1069,213,3
24190,1069,207,3
24191,1069,216,2
24192,1069,235,2.5
24193,1069,11,2.5
24194,1069,2,2
24195,1069,233,3.5
24196,1069,251,4
24197,1069,5,3.5
24198,1069,241,3
24199,1069,17,4
24200,1069,257,3
24201,1069,219,3.5
24202,1069,215,2.5
24203,1069,244,3
24204,1069,254,3
24205,1069,234,3
24206,1069,250,4
24207,1069,236,3.5
24208,1069,211,4
24209,1069,13,3
24210,1069,205,1.5
24211,1069,252,2.5
24212,1069,9,2.5
24213,1069,1,1.5
24214,1069,7,3.5
24215,1069,255,3.5
24216,1069,214,2
24217,1069,10,2
24218,1069,245,4
24219,1069,246,3
24220,1069,12,3
24221,1069,239,2.5
24222,1069,121,3
24223,1069,220,3
24224,1069,3,3.5
24225,1069,8,3.5
24226,1069,217,3.5
24227,1069,84,2
24228,1069,206,3
24229,1069,253,3
24230,1070,248,3.5
24231,1070,210,3.5
24232,1071,13,4
24233,1071,1,2.5
24234,1071,5,3.5
24235,1071,216,1
24236,1071,257,3
24237,1071,215,4
24238,1071,213,3.5
24239,1071,241,2.5
24240,1071,205,1
24241,1071,206,3.5
24242,1071,255,4
24243,1071,217,2.5
24244,1071,121,3.5
24245,1071,239,2.5
24246,1071,8,4
24247,1071,211,4
24248,1071,17,4
24249,1071,2,3
24250,1071,214,3.5
24251,1071,12,2
24252,1071,254,2
24253,1071,250,3
24254,1071,207,2
24255,1071,235,2.5
24256,1071,11,4
24257,1071,253,2
24258,1071,236,4
24259,1071,10,1
24260,1071,7,1.5
24261,1072,216,0.5
24262,1072,17,2.5
24263,1072,84,1.5
24264,1072,241,3
24265,1072,236,3
24266,1072,3,2
24267,1072,4,4
24268,1072,1,3
24269,1072,235,3
24270,1072,245,3
24271,1072,7,3
24272,1072,239,1
24273,1072,250,4
24274,1072,257,1
24275,1072,207,2
24276,1072,12,3
24277,1072,220,4
24278,1072,212,1.5
24279,1072,11,3.5
24280,1072,217,2.5
24281,1073,253,3.5
24282,1073,1,3.5
24283,1073,236,4
24284,1073,246,3.5
24285,1073,9,4
24286,1073,205,3.5
24287,1073,121,3.5
24288,1073,216,3.5
24289,1073,251,4
24290,1073,255,3.5
24291,1073,207,3.5
24292,1073,6,4
24293,1073,239,4
24294,1073,250,3.5
24295,1073,233,3.5
24296,1073,219,3.5
24297,1073,84,3.5
24298,1073,234,3.5
24299,1073,212,3
24300,1073,245,3.5
24301,1073,211,4
24302,1073,254,3.5
24303,1073,3,4
24304,1073,8,4
24305,1073,214,3.5
24306,1073,11,4
24307,1073,215,3.5
24308,1073,213,4
24309,1073,13,3.5
24310,1073,5,3.5
24311,1073,206,3.5
24312,1073,7,4
24313,1073,10,3.5
24314,1073,220,4
24315,1073,17,4
24316,1073,2,3.5
24317,1073,4,4
24318,1073,235,3.5
24319,1073,217,3.5
24320,1073,210,3.5
24321,1074,13,2.5
24322,1074,3,2.5
24323,1074,215,4
24324,1074,213,3
24325,1074,11,3.5
24326,1074,1,2.5
24327,1074,10,3.5
24328,1075,6,4
24329,1075,13,3
24330,1075,2,2.5
24331,1075,211,4
24332,1075,4,2.5
24333,1075,10,3
24334,1075,121,2.5
24335,1075,8,4
24336,1075,11,4
24337,1075,84,2.5
24338,1075,1,3.5
24339,1075,239,3.5
24340,1075,9,3
24341,1075,5,4
24342,1075,216,3
24343,1075,217,3.5
24344,1075,205,3
24345,1075,214,3
24346,1075,220,3.5
24347,1075,3,3
24348,1075,213,3
24349,1075,236,3
24350,1075,215,2.5
24351,1075,713,3.5
24352,1076,12,3
24353,1076,250,4
24354,1076,239,2
24355,1076,2,4
24356,1076,254,2.5
24357,1076,1842,4
24358,1076,10,3.5
24359,1076,3,0.5
24360,1076,1225,1
24361,1076,13,4
24362,1076,11,4
24363,1076,7,3
24364,1076,4,3.5
24365,1076,207,0.5
24366,1077,211,4
24367,1077,219,4
24368,1077,239,4
24369,1077,10,3
24370,1077,257,3
24371,1077,206,4
24372,1077,250,3.5
24373,1077,3,3.5
24374,1077,17,4
24375,1077,12,3
24376,1077,220,3.5
24377,1077,235,3.5
24378,1077,9,3
24379,1077,2,4
24380,1077,1,3
24381,1077,8,4
24382,1077,13,4
24383,1077,251,3.5
24384,1077,236,3.5
24385,1077,248,3
24386,1077,215,4
24387,1077,11,4
24388,1077,84,3
24389,1077,4,4
24390,1077,5,4
24391,1077,207,3.5
24392,1077,7,4
24393,1078,255,2.5
24394,1078,217,3
24395,1078,220,2
24396,1078,245,3.5
24397,1078,239,3.5
24398,1078,8,3.5
24399,1078,3,2.5
24400,1078,2,3
24401,1078,12,3.5
24402,1078,250,4
24403,1078,207,2
24404,1078,251,4
24405,1078,235,3.5
24406,1078,253,1
24407,1078,236,2.5
24408,1078,211,3
24409,1078,10,3
24410,1078,7,4
24411,1078,210,3
24412,1078,233,2
24413,1078,219,4
24414,1078,13,4
24415,1078,1,4
24416,1078,5,2
24417,1078,11,4
24418,1078,216,3.5
24419,1078,244,3.5
24420,1078,9,2.5
24421,1078,215,3.5
24422,1078,213,4
24423,1078,252,2.5
24424,1078,205,3.5
24425,1078,206,4
24426,1078,4,4
24427,1079,907,3
24428,1079,12,3.5
24429,1079,906,3
24430,1079,17,2
24431,1079,905,3.5
24432,1079,7,3.5
24433,1079,207,3.5
24434,1080,239,3
24435,1080,213,3.5
24436,1080,2,3.5
24437,1080,7,3.5
24438,1080,214,3.5
24439,1080,205,3
24440,1080,17,3.5
24441,1080,233,3
24442,1080,215,1
24443,1080,3,3
24444,1080,11,3.5
24445,1080,1,3
24446,1080,212,3.5
24447,1080,217,3.5
24448,1080,245,3
24449,1080,8,2.5
24450,1080,211,3
24451,1080,234,3.5
24452,1080,10,3.5
24453,1080,255,3
24454,1080,216,3.5
24455,1080,13,3
24456,1080,207,3
24457,1080,219,3.5
24458,1080,252,3.5
24459,1080,246,4
24460,1080,5,2.5
24461,1080,6,3.5
24462,1081,233,3.5
24463,1081,219,2.5
24464,1081,13,2
24465,1081,1,3
24466,1081,5,3.5
24467,1081,6,3.5
24468,1081,11,3.5
24469,1081,249,0.5
24470,1081,216,3
24471,1081,257,4
24472,1081,84,2
24473,1081,244,1.5
24474,1081,9,3
24475,1081,248,3.5
24476,1081,215,0.5
24477,1081,213,3
24478,1081,252,1.5
24479,1081,241,0.5
24480,1081,205,3
24481,1081,206,2.5
24482,1081,246,3.5
24483,1081,4,2.5
24484,1081,255,2.5
24485,1081,217,3
24486,1081,220,3
24487,1081,121,1.5
24488,1081,245,3
24489,1081,239,4
24490,1081,256,2
24491,1081,8,3
24492,1081,3,2
24493,1081,17,4
24494,1081,2,4
24495,1081,214,4
24496,1081,243,2
24497,1081,12,2
24498,1081,234,3
24499,1081,212,2.5
24500,1081,254,0.5
24501,1081,250,1.5
24502,1081,207,3
24503,1081,251,2
24504,1081,235,0.5
24505,1081,253,2
24506,1081,236,2
24507,1081,211,1.5
24508,1081,247,4
24509,1081,10,2.5
24510,1081,7,4
24511,1081,210,2
24512,1082,13,1.5
24513,1082,4,3.5
24514,1082,7,3
24515,1082,2,3
24516,1082,211,1
24517,1082,233,2.5
24518,1082,213,2
24519,1082,206,3.5
24520,1082,11,3.5
24521,1082,5,2.5
24522,1083,7,4
24523,1083,257,2
24524,1083,12,3
24525,1083,2,3.5
24526,1083,17,1
24527,1083,235,2.5
24528,1083,207,3.5
24529,1083,10,3
24530,1083,216,3.5
24531,1084,5,4
24532,1084,12,2.5
24533,1084,220,4
24534,1084,7,4
24535,1084,218,4
24536,1084,17,4
24537,1084,215,3
24538,1084,234,4
24539,1084,236,1.5
24540,1084,2,4
24541,1084,216,3.5
24542,1085,9,2
24543,1085,3,2.5
24544,1085,239,2.5
24545,1085,7,2
24546,1085,10,3
24547,1085,4,3
24548,1085,219,3.5
24549,1085,255,2.5
24550,1085,1,3
24551,1085,235,3.5
24552,1085,2,3
24553,1085,247,2
24554,1085,252,0.5
24555,1085,245,3.5
24556,1085,206,4
24557,1085,12,2.5
24558,1085,6,3
24559,1085,220,2.5
24560,1085,257,2.5
24561,1085,244,3.5
24562,1085,13,4
24563,1085,11,3
24564,1085,207,2
24565,1085,205,3.5
24566,1085,234,3
24567,1085,251,3
24568,1085,253,3.5
24569,1085,1654,1
24570,1085,217,3
24571,1085,233,3
24572,1085,215,3.5
24573,1085,213,3
24574,1085,8,3.5
24575,1085,216,3
24576,1085,17,2.5
24577,1085,243,1.5
24578,1085,241,3
24579,1086,241,4
24580,1086,12,4
24581,1086,207,3
24582,1086,216,4
24583,1086,1,3
24584,1086,250,4
24585,1086,235,4
24586,1086,236,4
24587,1086,206,4
24588,1087,17,4
24589,1087,233,3
24590,1087,215,2.5
24591,1087,11,3
24592,1087,123,3
24593,1087,211,2.5
24594,1087,212,3
24595,1087,236,4
24596,1087,244,2
24597,1087,5,3.5
24598,1087,12,3
24599,1087,8,3
24600,1087,234,3.5
24601,1087,255,2
24602,1087,216,3.5
24603,1087,13,2.5
24604,1087,207,3
24605,1087,251,3
24606,1087,249,2.5
24607,1087,250,3
24608,1087,219,3
24609,1087,9,3
24610,1087,7,4
24611,1087,257,3
24612,1087,247,3
24613,1087,239,2
24614,1087,2,4
24615,1087,4,3
24616,1087,210,2.5
24617,1087,3,3
24618,1087,253,4
24619,1087,1,3.5
24620,1087,220,3.5
24621,1087,256,3.5
24622,1088,3,3
24623,1088,8,3
24624,1088,253,4
24625,1088,17,2
24626,1088,213,1
24627,1088,207,3.5
24628,1088,11,2.5
24629,1088,2,4
24630,1088,251,4
24631,1088,5,2
24632,1088,215,1
24633,1088,234,2.5
24634,1088,13,4
24635,1088,205,3.5
24636,1088,491,4
24637,1088,9,4
24638,1088,1,3
24639,1088,7,4
24640,1088,255,2
24641,1088,10,2
24642,1088,12,3
24643,1089,17,1
24644,1089,251,1
24645,1089,255,1
24646,1089,249,3
24647,1089,6,3
24648,1089,239,3
24649,1089,250,4
24650,1089,217,1.5
24651,1089,210,2.5
24652,1089,219,3
24653,1089,234,2.5
24654,1089,253,2
24655,1089,212,2
24656,1089,246,1
24657,1089,9,3.5
24658,1089,245,0.5
24659,1089,211,1.5
24660,1089,216,1.5
24661,1089,254,3
24662,1089,207,2.5
24663,1089,233,2
24664,1089,84,3.5
24665,1089,252,3
24666,1089,244,2.5
24667,1089,256,3.5
24668,1089,3,1.5
24669,1089,5,3
24670,1089,214,2.5
24671,1089,8,3
24672,1089,7,1.5
24673,1089,206,0.5
24674,1089,257,3
24675,1089,10,2
24676,1089,11,2.5
24677,1089,220,2.5
24678,1089,215,3
24679,1089,2,3.5
24680,1089,213,3
24681,1089,4,1.5
24682,1089,241,3
24683,1089,235,2
24684,1089,13,3
24685,1089,243,2.5
24686,1089,1,1.5
24687,1089,248,1.5
24688,1089,236,3
24689,1089,12,1.5
24690,1089,205,1
24691,1089,121,2.5
24692,1089,247,1
24693,1090,250,3
24694,1090,13,4
24695,1090,247,3.5
24696,1090,9,3
24697,1090,1,3.5
24698,1090,215,3.5
24699,1091,11,4
24700,1091,1,4
24701,1091,207,4
24702,1091,7,4
24703,1091,250,4
24704,1091,219,4
24705,1091,217,4
24706,1092,255,3.5
24707,1092,213,3.5
24708,1092,3,3
24709,1092,5,3.5
24710,1092,7,3
24711,1092,9,2.5
24712,1092,236,2.5
24713,1092,206,2
24714,1092,211,1.5
24715,1092,217,3
24716,1092,13,3
24717,1092,245,2
24718,1092,234,2
24719,1093,216,4
24720,1094,11,4
24721,1094,236,4
24722,1094,10,3
24723,1094,7,4
24724,1094,13,4
24725,1094,4,4
24726,1094,9,4
24727,1094,215,4
24728,1094,213,4
24729,1094,255,4
24730,1094,3,4
24731,1094,219,4
24732,1095,12,1.5
24733,1095,207,2.5
24734,1095,10,3.5
24735,1095,5,3.5
24736,1095,1,3.5
24737,1095,215,3.5
24738,1095,211,3
24739,1095,13,3.5
24740,1095,235,1
24741,1095,3,2.5
24742,1095,256,3
24743,1095,205,3.5
24744,1095,213,3
24745,1095,255,4
24746,1095,214,3.5
24747,1095,84,3
24748,1095,17,3
24749,1095,234,3.5
24750,1095,249,1.5
24751,1095,246,3.5
24752,1095,245,2.5
24753,1095,250,3
24754,1095,9,2.5
24755,1095,254,2.5
24756,1095,220,2.5
24757,1095,121,4
24758,1095,241,3.5
24759,1095,210,3.5
24760,1095,216,3
24761,1095,252,3.5
24762,1095,219,3.5
24763,1095,212,3.5
24764,1095,6,2.5
24765,1095,11,3.5
24766,1095,2,3.5
24767,1095,8,3
24768,1095,248,4
24769,1095,217,3
24770,1095,239,4
24771,1095,253,3.5
24772,1095,243,3.5
24773,1095,236,3.5
24774,1095,244,3
24775,1095,206,2.5
24776,1095,7,3.5
24777,1095,251,3.5
24778,1095,4,3.5
24779,1095,247,3
24780,1095,233,2.5
24781,1095,257,3.5
24782,1096,2,3.5
24783,1096,213,4
24784,1096,4,3.5
24785,1096,241,4
24786,1096,235,4
24787,1096,13,4
24788,1096,243,0.5
24789,1096,1,4
24790,1096,248,4
24791,1096,236,4
24792,1096,205,2.5
24793,1096,17,4
24794,1096,590,4
24795,1096,251,4
24796,1096,255,3
24797,1096,249,4
24798,1096,6,1
24799,1096,239,4
24800,1096,250,4
24801,1096,219,4
24802,1096,234,4
24803,1096,253,4
24804,1096,212,4
24805,1096,245,4
24806,1096,211,4
24807,1096,216,4
24808,1096,254,2.5
24809,1096,207,3.5
24810,1096,233,3.5
24811,1096,84,1
24812,1096,252,4
24813,1096,244,4
24814,1096,256,3.5
24815,1096,3,4
24816,1096,8,4
24817,1096,5,4
24818,1096,214,4
24819,1096,7,4
24820,1096,257,4
24821,1096,10,4
24822,1096,11,4
24823,1096,215,4
24824,1097,1656,4
24825,1098,215,4
24826,1099,257,3.5
24827,1099,210,3
24828,1099,9,3.5
24829,1099,248,3
24830,1099,215,3
24831,1099,241,2.5
24832,1099,205,3.5
24833,1099,206,3.5
24834,1099,255,3.5
24835,1099,121,3.5
24836,1099,3,3
24837,1099,17,3.5
24838,1099,214,2.5
24839,1099,12,2.5
24840,1099,254,3.5
24841,1099,250,3
24842,1099,251,2.5
24843,1099,236,3
24844,1099,10,3.5
24845,1099,219,3.5
24846,1099,13,3.5
24847,1099,1,3
24848,1099,11,3
24849,1099,249,3.5
24850,1100,4,3.5
24851,1100,5,3.5
24852,1100,236,3.5
24853,1100,2,4
24854,1100,206,3
24855,1100,3,3
24856,1100,205,3.5
24857,1100,220,3.5
24858,1100,7,2
24859,1100,9,3.5
24860,1100,13,2
24861,1100,121,4
24862,1100,252,3
24863,1100,239,3.5
24864,1100,11,3.5
24865,1100,10,2
24866,1101,10,4
24867,1101,219,3.5
24868,1101,13,3.5
24869,1101,1,2.5
24870,1101,5,3.5
24871,1101,11,4
24872,1101,9,3.5
24873,1101,215,3
24874,1101,213,3
24875,1101,4,3.5
24876,1101,255,3
24877,1101,239,3.5
24878,1101,3,3
24879,1101,2,3
24880,1101,706,4
24881,1101,214,2.5
24882,1101,12,3
24883,1101,207,3.5
24884,1102,1843,4
24885,1102,1844,4
24886,1102,9,3.5
24887,1102,2,1
24888,1103,8,1
24889,1103,13,4
24890,1103,2,0.5
24891,1103,213,3
24892,1103,219,3
24893,1104,1304,3
24894,1104,805,3.5
24895,1104,635,3.5
24896,1104,494,3
24897,1104,624,3.5
24898,1104,632,3.5
24899,1104,637,4
24900,1104,1369,3
24901,1104,103,3
24902,1104,87,3.5
24903,1104,362,3.5
24904,1104,626,3
24905,1104,623,3
24906,1104,1845,3
24907,1104,769,3
24908,1104,633,3
24909,1104,372,3
24910,1104,205,3
24911,1104,804,4
24912,1104,657,3.5
24913,1104,520,4
24914,1104,639,3
24915,1104,447,3.5
24916,1104,636,3.5
24917,1104,629,2.5
24918,1104,5,3.5
24919,1104,622,3.5
24920,1104,542,3
24921,1104,17,3
24922,1104,647,3
24923,1104,1831,3
24924,1104,627,3
24925,1104,625,3.5
24926,1104,634,3
24927,1104,646,3.5
24928,1104,763,3
24929,1104,610,3.5
24930,1104,644,3
24931,1104,648,3.5
24932,1104,373,3
24933,1104,649,3
24934,1104,478,3.5
24935,1104,1846,3
24936,1104,651,2.5
24937,1104,630,2.5
24938,1104,313,3
24939,1104,652,2.5
24940,1104,1544,3.5
24941,1104,9,2.5
24942,1104,631,3
24943,1104,572,3.5
24944,1104,642,3.5
24945,1104,675,3.5
24946,1104,480,3
24947,1104,270,3
24948,1104,340,3
24949,1104,621,4
24950,1104,55,3
24951,1104,712,4
24952,1105,211,3
24953,1105,219,2.5
24954,1105,17,2.5
24955,1105,213,3
24956,1105,3,4
24957,1105,11,3
24958,1105,5,3
24959,1105,253,3.5
24960,1105,236,3.5
24961,1105,13,4
24962,1105,7,2.5
24963,1105,1,4
24964,1105,215,2
24965,1105,8,2.5
24966,1105,220,3.5
24967,1106,236,3
24968,1106,7,3.5
24969,1106,2,3.5
24970,1106,1,2
24971,1106,207,3
24972,1107,215,1
24973,1108,244,4
24974,1108,217,4
24975,1108,4,4
24976,1108,246,4
24977,1108,254,4
24978,1108,248,2.5
24979,1108,84,4
24980,1108,243,3.5
24981,1108,10,2
24982,1108,9,2.5
24983,1108,220,0.5
24984,1108,215,4
24985,1108,235,1.5
24986,1108,253,4
24987,1108,245,0.5
24988,1108,207,4
24989,1108,206,3.5
24990,1108,211,4
24991,1108,12,1.5
24992,1108,251,1.5
24993,1108,212,1.5
24994,1108,3,3
24995,1108,236,3.5
24996,1108,205,3
24997,1108,234,0.5
24998,1108,1,1
24999,1108,241,1.5
25000,1108,214,3
25001,1108,247,4
25002,1108,252,4
25003,1108,216,1
25004,1108,255,4
25005,1108,233,4
25006,1108,5,4
25007,1108,249,4
25008,1108,257,1
25009,1108,121,3.5
25010,1108,6,4
25011,1108,213,4
25012,1108,2,1
25013,1108,250,3.5
25014,1108,17,1.5
25015,1108,7,0.5
25016,1108,239,0.5
25017,1108,13,4
25018,1108,219,4
25019,1108,256,1
25020,1108,210,4
25021,1108,8,4
25022,1108,11,3.5
25023,1109,233,3
25024,1109,246,3
25025,1109,206,3
25026,1109,235,1.5
25027,1109,234,1.5
25028,1109,5,2.5
25029,1109,213,2.5
25030,1109,216,2
25031,1109,257,2.5
25032,1109,7,1.5
25033,1109,205,2
25034,1109,243,2.5
25035,1109,210,3
25036,1109,254,3
25037,1109,248,1.5
25038,1109,6,3
25039,1109,2,2
25040,1109,219,1.5
25041,1109,236,2.5
25042,1109,245,2
25043,1109,207,2.5
25044,1109,252,1.5
25045,1109,255,1.5
25046,1109,212,2
25047,1109,8,2.5
25048,1109,241,3
25049,1109,84,1.5
25050,1109,251,3
25051,1109,244,2
25052,1109,4,2.5
25053,1109,12,1.5
25054,1109,17,3
25055,1109,239,2
25056,1109,9,2.5
25057,1109,247,2
25058,1109,121,2.5
25059,1109,217,1.5
25060,1109,214,2
25061,1109,256,1.5
25062,1109,250,2.5
25063,1110,13,4
25064,1110,7,4
25065,1110,17,4
25066,1110,257,3
25067,1110,2,4
25068,1110,1,2
25069,1110,255,4
25070,1110,11,4
25071,1110,207,4
25072,1110,215,4
25073,1111,583,4
25074,1111,235,4
25075,1111,1847,4
25076,1111,257,3
25077,1111,977,3
25078,1111,216,2
25079,1111,451,4
25080,1111,799,4
25081,1111,1,2
25082,1111,207,3
25083,1111,242,4
25084,1111,388,2.5
25085,1111,4,4
25086,1111,187,4
25087,1111,205,2
25088,1111,1075,3
25089,1112,3,2.5
25090,1112,236,3.5
25091,1112,213,2
25092,1112,11,3
25093,1112,9,2.5
25094,1112,459,3.5
25095,1112,4,4
25096,1112,219,3.5
25097,1112,8,3
25098,1112,1,3
25099,1112,235,3.5
25100,1112,234,1.5
25101,1112,17,3.5
25102,1112,255,2.5
25103,1112,7,3.5
25104,1112,207,4
25105,1113,8,2.5
25106,1113,236,2.5
25107,1113,5,4
25108,1113,255,3.5
25109,1113,11,4
25110,1113,251,3
25111,1113,253,2.5
25112,1113,4,3.5
25113,1114,257,2.5
25114,1114,215,3
25115,1114,219,4
25116,1114,233,3
25117,1114,10,3
25118,1114,1848,2
25119,1114,5,3.5
25120,1114,9,3.5
25121,1114,3,3.5
25122,1114,1,4
25123,1114,11,4
25124,1114,7,4
25125,1114,4,4
25126,1114,207,2.5
25127,1114,6,3
25128,1114,12,3.5
25129,1114,255,2.5
25130,1114,2,4
25131,1115,244,3.5
25132,1115,7,4
25133,1115,12,4
25134,1115,211,1.5
25135,1115,234,2
25136,1115,220,2.5
25137,1115,249,3.5
25138,1115,239,4
25139,1115,10,2.5
25140,1115,257,4
25141,1115,214,0.5
25142,1115,3,3
25143,1115,17,4
25144,1115,247,4
25145,1115,246,2
25146,1115,212,4
25147,1115,235,4
25148,1115,9,4
25149,1115,255,2
25150,1115,210,4
25151,1115,2,4
25152,1115,205,4
25153,1115,1,4
25154,1115,248,4
25155,1115,8,3.5
25156,1115,254,4
25157,1115,13,4
25158,1115,251,3.5
25159,1115,243,3.5
25160,1115,245,4
25161,1115,236,4
25162,1115,217,3
25163,1115,5,4
25164,1115,213,0.5
25165,1115,216,4
25166,1115,252,2.5
25167,1115,256,3.5
25168,1115,241,4
25169,1115,215,4
25170,1115,11,4
25171,1115,219,4
25172,1115,84,4
25173,1115,253,3.5
25174,1115,4,4
25175,1115,6,3.5
25176,1115,233,4
25177,1115,250,3.5
25178,1115,206,4
25179,1115,207,4
25180,1115,121,3
25181,1116,205,3
25182,1116,211,2.5
25183,1116,17,3.5
25184,1116,10,2.5
25185,1116,3,3
25186,1116,215,3
25187,1116,254,2.5
25188,1116,7,3.5
25189,1116,239,2.5
25190,1116,253,0.5
25191,1116,233,3
25192,1116,1,2.5
25193,1116,11,3.5
25194,1116,2,4
25195,1116,13,2.5
25196,1116,217,3.5
25197,1117,9,3
25198,1117,7,4
25199,1117,1,4
25200,1117,207,4
25201,1117,12,4
25202,1117,2,4
25203,1117,235,3
25204,1117,219,4
25205,1118,13,4
25206,1118,1,3
25207,1118,220,3
25208,1118,2,2
25209,1118,235,4
25210,1118,1849,4
25211,1118,236,4
25212,1118,12,4
25213,1118,9,4
25214,1118,205,3
25215,1118,121,3.5
25216,1118,216,4
25217,1118,239,4
25218,1118,250,4
25219,1118,212,4
25220,1118,214,3
25221,1118,10,4
25222,1118,11,4
25223,1118,215,4
25224,1118,213,3.5
25225,1119,207,3
25226,1119,11,4
25227,1120,213,2.5
25228,1120,10,2.5
25229,1120,3,4
25230,1120,11,3
25231,1120,1,4
25232,1120,13,2.5
25233,1120,214,1.5
25234,1120,215,4
25235,1121,219,3.5
25236,1121,205,3.5
25237,1121,241,3.5
25238,1121,206,3.5
25239,1121,250,3
25240,1121,12,3.5
25241,1121,6,2
25242,1121,2,3.5
25243,1121,10,3.5
25244,1121,11,4
25245,1121,1,4
25246,1121,207,4
25247,1121,5,3
25248,1121,4,3.5
25249,1121,13,3.5
25250,1121,215,3.5
25251,1122,255,3.5
25252,1122,214,2
25253,1122,220,3.5
25254,1122,243,0.5
25255,1122,245,3.5
25256,1122,234,3.5
25257,1122,254,3.5
25258,1122,207,3
25259,1122,251,3.5
25260,1122,235,3
25261,1122,253,3.5
25262,1122,8,3
25263,1122,211,3.5
25264,1122,3,3.5
25265,1122,247,3.5
25266,1122,2,4
25267,1122,7,4
25268,1122,233,3.5
25269,1122,219,3.5
25270,1122,12,3.5
25271,1122,212,3.5
25272,1122,250,3
25273,1122,1,3.5
25274,1122,6,3.5
25275,1122,11,3.5
25276,1122,236,4
25277,1122,249,3
25278,1122,257,3
25279,1122,84,3
25280,1122,244,3.5
25281,1122,10,3
25282,1122,210,3.5
25283,1122,9,3.5
25284,1122,248,3
25285,1122,13,4
25286,1122,5,4
25287,1122,213,4
25288,1122,252,3.5
25289,1122,241,4
25290,1122,216,3.5
25291,1122,206,4
25292,1122,246,4
25293,1122,4,2
25294,1122,217,2.5
25295,1122,121,3.5
25296,1122,239,3.5
25297,1122,256,3.5
25298,1122,215,2
25299,1122,17,4
25300,1122,205,3
25301,1123,5,3.5
25302,1123,13,3
25303,1123,207,4
25304,1123,7,3
25305,1123,1,3
25306,1123,12,4
25307,1123,206,3
25308,1123,219,4
25309,1123,8,3
25310,1123,11,4
25311,1123,235,1
25312,1123,2,3
25313,1124,8,2.5
25314,1124,1,3
25315,1124,299,3.5
25316,1124,7,3
25317,1124,235,3
25318,1124,207,2.5
25319,1124,3,2.5
25320,1124,215,1
25321,1124,210,3.5
25322,1124,213,3
25323,1124,1850,3
25324,1124,11,3
25325,1124,253,1.5
25326,1124,4,4
25327,1125,241,2
25328,1125,1,2
25329,1125,7,4
25330,1125,2,3.5
25331,1125,11,2
25332,1125,207,1.5
25333,1125,216,3.5
25334,1125,239,1.5
25335,1125,254,1.5
25336,1125,255,3
25337,1126,11,4
25338,1126,250,3.5
25339,1126,236,3.5
25340,1126,249,3
25341,1126,211,3
25342,1126,13,4
25343,1126,205,4
25344,1126,233,3
25345,1126,252,3.5
25346,1126,9,3.5
25347,1126,1,3
25348,1126,243,3.5
25349,1126,7,4
25350,1126,255,3.5
25351,1126,214,3.5
25352,1126,10,3.5
25353,1126,248,3.5
25354,1126,245,3.5
25355,1126,246,3.5
25356,1126,12,3.5
25357,1126,220,3.5
25358,1126,121,3.5
25359,1126,239,3.5
25360,1126,3,3
25361,1126,256,3
25362,1126,210,3
25363,1126,8,3.5
25364,1126,217,3
25365,1126,84,4
25366,1126,206,3
25367,1126,253,3
25368,1126,6,3.5
25369,1126,247,3
25370,1126,207,3
25371,1126,216,3
25372,1126,235,4
25373,1126,2,3.5
25374,1126,212,3
25375,1126,4,3.5
25376,1126,251,3
25377,1126,5,3.5
25378,1126,241,2
25379,1126,257,3.5
25380,1126,17,3.5
25381,1126,213,3.5
25382,1126,219,3
25383,1126,215,4
25384,1126,244,3
25385,1126,254,3.5
25386,1126,234,3.5
25387,1127,3,3
25388,1127,17,3
25389,1127,2,3
25390,1127,9,2
25391,1127,7,2.5
25392,1127,255,4
25393,1127,5,4
25394,1127,12,2.5
25395,1127,210,2
25396,1127,220,3
25397,1127,8,2
25398,1127,235,3
25399,1127,239,3
25400,1127,219,4
25401,1127,207,2
25402,1128,215,4
25403,1129,9,4
25404,1129,220,3
25405,1129,121,3.5
25406,1129,4,4
25407,1129,8,3
25408,1129,12,4
25409,1129,236,3
25410,1129,7,4
25411,1129,257,4
25412,1129,207,2
25413,1129,5,4
25414,1129,1,3.5
25415,1129,3,3
25416,1129,213,3
25417,1129,214,4
25418,1129,241,4
25419,1129,216,3
25420,1129,17,2.5
25421,1129,11,3.5
25422,1129,2,4
25423,1130,249,2.5
25424,1130,6,3.5
25425,1130,239,2.5
25426,1130,250,2.5
25427,1130,217,2.5
25428,1130,219,3.5
25429,1130,84,2.5
25430,1130,244,2.5
25431,1130,234,2.5
25432,1130,253,2.5
25433,1130,212,2.5
25434,1130,246,3
25435,1130,245,2.5
25436,1130,9,2.5
25437,1130,211,2.5
25438,1130,254,2.5
25439,1130,3,2
25440,1130,207,4
25441,1130,8,4
25442,1130,214,2.5
25443,1130,233,4
25444,1130,252,2.5
25445,1130,11,4
25446,1130,213,2.5
25447,1130,241,2.5
25448,1130,256,3
25449,1130,13,3.5
25450,1130,5,2.5
25451,1130,7,4
25452,1130,206,3.5
25453,1130,257,3
25454,1130,10,4
25455,1130,220,2.5
25456,1130,215,3
25457,1130,17,4
25458,1130,2,4
25459,1130,4,3.5
25460,1130,235,4
25461,1130,210,2.5
25462,1130,243,3
25463,1130,1,4
25464,1130,248,2.5
25465,1130,236,2.5
25466,1130,12,2.5
25467,1130,205,3.5
25468,1130,121,2.5
25469,1130,216,3
25470,1130,247,3.5
25471,1130,251,2.5
25472,1130,255,2.5
25473,1131,7,2.5
25474,1131,1,3
25475,1131,207,3
25476,1132,246,3.5
25477,1132,9,3.5
25478,1132,245,4
25479,1132,211,3
25480,1132,207,4
25481,1132,11,3.5
25482,1132,3,3
25483,1132,8,4
25484,1132,5,4
25485,1132,206,3.5
25486,1132,7,4
25487,1132,257,2.5
25488,1132,10,3
25489,1132,215,4
25490,1132,17,3.5
25491,1132,213,4
25492,1132,4,2.5
25493,1132,241,2
25494,1132,243,2.5
25495,1132,1,4
25496,1132,12,4
25497,1132,205,2.5
25498,1132,251,4
25499,1132,255,4
25500,1132,239,4
25501,1132,250,4
25502,1132,217,3.5
25503,1132,210,2.5
25504,1132,219,3.5
25505,1133,239,3
25506,1133,2,3
25507,1133,4,3
25508,1133,845,3
25509,1133,286,3.5
25510,1133,11,3.5
25511,1133,308,3
25512,1133,1,0.5
25513,1133,563,3.5
25514,1133,1831,1.5
25515,1133,539,3
25516,1133,17,3
25517,1133,805,3.5
25518,1133,1436,3.5
25519,1133,278,2.5
25520,1133,407,3
25521,1133,1851,3.5
25522,1133,236,3
25523,1133,5,3.5
25524,1133,12,2
25525,1133,241,1
25526,1133,540,3
25527,1133,8,3
25528,1133,903,3
25529,1133,234,1
25530,1133,207,2
25531,1133,219,3
25532,1133,9,3
25533,1133,7,3
25534,1134,9,3.5
25535,1134,207,3
25536,1134,257,3
25537,1134,11,4
25538,1135,1,2.5
25539,1135,17,3
25540,1135,220,4
25541,1135,236,4
25542,1135,7,3.5
25543,1136,257,3
25544,1137,12,3.5
25545,1137,17,4
25546,1137,207,4
25547,1137,2,3
25548,1137,3,3
25549,1137,7,4
25550,1138,205,2.5
25551,1138,234,3
25552,1138,251,3.5
25553,1138,216,4
25554,1138,253,4
25555,1138,84,3.5
25556,1138,217,4
25557,1138,246,3.5
25558,1138,233,4
25559,1138,215,3
25560,1138,214,3.5
25561,1138,213,3.5
25562,1138,8,3.5
25563,1138,17,3
25564,1138,10,3
25565,1138,255,4
25566,1138,241,4
25567,1138,235,3
25568,1138,236,3
25569,1138,9,3.5
25570,1138,3,4
25571,1138,254,3.5
25572,1138,7,3.5
25573,1138,239,3.5
25574,1138,250,3
25575,1138,211,3.5
25576,1138,4,3.5
25577,1138,219,3.5
25578,1138,1,3
25579,1138,247,3
25580,1138,2,3.5
25581,1138,207,4
25582,1138,245,3.5
25583,1138,206,3.5
25584,1138,121,3.5
25585,1138,12,3.5
25586,1138,6,3
25587,1138,220,4
25588,1138,244,3.5
25589,1138,13,4
25590,1138,11,3.5
25591,1138,5,4
25592,1139,781,4
25593,1139,247,2
25594,1139,245,1.5
25595,1139,241,2.5
25596,1139,6,1.5
25597,1139,13,3.5
25598,1139,249,1.5
25599,1139,248,1.5
25600,1139,940,3.5
25601,1139,17,2.5
25602,1139,215,3
25603,1139,250,1.5
25604,1139,1,1.5
25605,1139,211,2.5
25606,1139,257,2
25607,1139,254,2.5
25608,1139,121,2
25609,1139,84,1.5
25610,1139,233,2
25611,1139,236,2.5
25612,1139,206,2.5
25613,1139,246,1.5
25614,1139,242,3.5
25615,1139,216,2
25616,1139,205,2
25617,1139,256,1.5
25618,1139,4,3.5
25619,1139,5,3
25620,1139,207,2
25621,1139,239,3.5
25622,1139,11,4
25623,1139,252,2
25624,1139,8,3
25625,1139,12,2
25626,1139,3,2.5
25627,1139,217,2.5
25628,1139,219,3
25629,1139,234,3
25630,1139,253,1.5
25631,1139,214,1.5
25632,1139,10,2.5
25633,1139,243,1.5
25634,1139,251,1.5
25635,1139,210,1.5
25636,1139,787,3.5
25637,1139,255,2
25638,1139,2,4
25639,1139,213,3.5
25640,1139,212,2
25641,1139,7,3
25642,1139,235,1.5
25643,1139,9,1.5
25644,1140,11,3
25645,1140,217,3
25646,1140,1852,3.5
25647,1140,254,3
25648,1140,212,3
25649,1140,1853,3.5
25650,1140,10,3
25651,1140,9,3
25652,1140,220,2.5
25653,1140,235,2.5
25654,1140,216,2
25655,1140,207,3
25656,1140,211,3.5
25657,1140,3,3.5
25658,1140,205,2.5
25659,1140,1,2.5
25660,1140,241,3
25661,1140,255,2.5
25662,1140,233,2.5
25663,1140,257,2.5
25664,1140,121,2.5
25665,1140,213,3.5
25666,1140,2,2.5
25667,1140,17,4
25668,1140,244,2.5
25669,1140,4,3.5
25670,1140,589,4
25671,1140,7,3
25672,1140,239,3.5
25673,1140,13,3
25674,1140,219,2.5
25675,1140,210,2.5
25676,1140,8,2
25677,1141,216,3.5
25678,1141,17,3.5
25679,1141,11,4
25680,1141,9,3
25681,1141,219,3.5
25682,1141,4,3.5
25683,1141,8,2.5
25684,1141,239,3.5
25685,1141,12,3
25686,1141,215,3.5
25687,1141,7,4
25688,1141,257,3
25689,1141,207,3.5
25690,1141,10,4
25691,1141,5,4
25692,1141,1,3.5
25693,1141,13,4
25694,1141,3,3
25695,1141,254,3.5
25696,1141,213,3.5
25697,1141,241,4
25698,1142,13,4
25699,1142,249,3.5
25700,1142,252,3.5
25701,1142,246,2.5
25702,1142,5,3.5
25703,1142,12,2.5
25704,1142,241,3
25705,1142,6,4
25706,1142,8,3.5
25707,1142,121,3.5
25708,1142,207,3.5
25709,1142,235,3.5
25710,1142,239,4
25711,1142,213,4
25712,1142,2,4
25713,1142,219,3
25714,1142,254,3
25715,1142,7,4
25716,1142,210,3
25717,1142,214,2.5
25718,1142,205,4
25719,1142,17,2
25720,1142,233,4
25721,1142,215,3.5
25722,1142,3,3.5
25723,1142,11,2.5
25724,1142,253,3
25725,1142,1,2.5
25726,1142,256,2.5
25727,1142,212,2.5
25728,1142,217,4
25729,1142,245,4
25730,1142,244,3.5
25731,1142,211,1.5
25732,1142,234,2.5
25733,1142,10,3.5
25734,1142,255,4
25735,1142,216,3.5
25736,1143,236,1.5
25737,1143,5,3.5
25738,1143,1,3
25739,1143,6,1.5
25740,1143,211,4
25741,1143,9,3
25742,1143,12,3
25743,1143,8,2.5
25744,1143,3,4
25745,1143,234,3.5
25746,1143,207,2.5
25747,1143,7,4
25748,1143,245,3
25749,1143,255,3
25750,1143,17,2.5
25751,1144,121,4
25752,1144,244,4
25753,1144,7,4
25754,1144,241,4
25755,1144,211,4
25756,1144,234,4
25757,1144,11,4
25758,1144,219,4
25759,1144,253,4
25760,1144,257,4
25761,1144,233,4
25762,1144,250,4
25763,1144,206,4
25764,1144,3,4
25765,1144,17,4
25766,1144,12,4
25767,1144,247,4
25768,1144,220,4
25769,1144,246,4
25770,1144,249,4
25771,1144,239,4
25772,1144,10,4
25773,1144,212,4
25774,1144,9,4
25775,1144,214,4
25776,1144,210,4
25777,1144,2,1.5
25778,1144,1,4
25779,1144,8,4
25780,1144,254,4
25781,1144,251,4
25782,1144,243,4
25783,1144,245,4
25784,1144,236,4
25785,1144,217,4
25786,1144,213,4
25787,1144,235,4
25788,1144,255,4
25789,1144,216,4
25790,1144,205,4
25791,1144,252,4
25792,1144,256,4
25793,1144,248,4
25794,1144,13,4
25795,1144,215,4
25796,1144,84,4
25797,1144,4,4
25798,1144,5,4
25799,1144,6,4
25800,1144,207,4
25801,1145,17,3.5
25802,1145,257,2.5
25803,1145,7,4
25804,1145,3,3
25805,1145,219,3
25806,1145,207,3.5
25807,1146,211,1.5
25808,1146,254,2
25809,1146,245,2
25810,1146,84,2
25811,1146,233,3.5
25812,1146,6,3
25813,1146,206,2
25814,1146,216,4
25815,1146,207,3
25816,1146,215,1.5
25817,1146,1,3.5
25818,1146,257,2
25819,1146,121,2.5
25820,1146,236,2.5
25821,1146,11,3
25822,1146,252,0.5
25823,1146,246,2
25824,1146,220,2
25825,1146,8,2
25826,1146,205,2.5
25827,1146,256,1.5
25828,1146,4,2.5
25829,1146,5,4
25830,1146,239,1
25831,1146,3,4
25832,1146,217,1.5
25833,1146,219,2
25834,1146,244,1.5
25835,1146,234,1.5
25836,1146,253,1.5
25837,1146,214,1.5
25838,1146,210,1.5
25839,1146,243,2
25840,1146,2,2.5
25841,1146,251,3.5
25842,1146,7,3
25843,1146,235,3
25844,1146,12,2.5
25845,1146,241,4
25846,1146,13,2.5
25847,1146,249,1.5
25848,1146,248,1.5
25849,1146,10,2.5
25850,1146,255,2
25851,1146,17,1.5
25852,1146,213,2
25853,1146,9,3.5
25854,1146,250,2
25855,1146,212,2.5
25856,1146,247,2
25857,1147,1393,1.5
25858,1147,318,4
25859,1147,594,2
25860,1147,604,2.5
25861,1147,696,3.5
25862,1147,512,4
25863,1147,958,2.5
25864,1147,698,2
25865,1147,738,2.5
25866,1147,830,3.5
25867,1147,235,2.5
25868,1147,8,3
25869,1147,715,2
25870,1147,835,3.5
25871,1147,745,3
25872,1147,336,3.5
25873,1147,345,3.5
25874,1147,284,3
25875,1147,12,1
25876,1147,699,4
25877,1147,473,3.5
25878,1147,733,3
25879,1147,597,1.5
25880,1147,585,3.5
25881,1147,406,3
25882,1147,1854,1
25883,1147,480,2.5
25884,1147,521,3.5
25885,1147,351,0.5
25886,1147,847,3
25887,1147,484,3
25888,1147,701,1
25889,1147,706,2.5
25890,1147,684,3
25891,1147,598,4
25892,1147,1589,1.5
25893,1147,587,1.5
25894,1147,760,3
25895,1147,293,4
25896,1147,961,3
25897,1147,712,3.5
25898,1147,944,1
25899,1147,289,3
25900,1147,593,2.5
25901,1147,589,3.5
25902,1147,655,3
25903,1147,753,3.5
25904,1147,932,2.5
25905,1147,606,2
25906,1147,680,2.5
25907,1147,91,4
25908,1147,365,3.5
25909,1147,658,3.5
25910,1147,205,2.5
25911,1147,397,3
25912,1147,968,3.5
25913,1147,657,3.5
25914,1147,683,3
25915,1147,940,3.5
25916,1147,350,2.5
25917,1147,316,3.5
25918,1147,923,2
25919,1147,455,3
25920,1147,389,2.5
25921,1147,207,2
25922,1147,510,2
25923,1147,583,3
25924,1147,270,3.5
25925,1147,1007,3
25926,1147,758,3
25927,1147,747,2
25928,1147,529,3
25929,1147,287,2.5
25930,1147,749,2.5
25931,1147,391,4
25932,1147,26,3
25933,1147,735,2.5
25934,1147,432,4
25935,1147,265,3.5
25936,1147,709,3
25937,1147,617,2.5
25938,1147,218,3
25939,1147,810,3
25940,1147,299,4
25941,1147,584,3
25942,1147,453,2.5
25943,1148,236,2
25944,1148,4,1
25945,1148,234,0.5
25946,1148,2,1.5
25947,1148,13,2.5
25948,1148,207,0.5
25949,1148,256,2
25950,1148,219,2.5
25951,1148,5,3.5
25952,1148,8,2
25953,1148,212,0.5
25954,1148,213,1.5
25955,1148,216,1.5
25956,1148,210,2.5
25957,1148,121,0.5
25958,1148,247,3.5
25959,1148,3,2.5
25960,1148,10,2.5
25961,1148,257,2.5
25962,1148,239,1.5
25963,1148,243,0.5
25964,1148,1,3.5
25965,1148,9,1
25966,1148,211,1.5
25967,1148,245,3.5
25968,1148,244,1.5
25969,1148,214,2.5
25970,1148,235,2
25971,1148,246,2.5
25972,1148,205,3.5
25973,1148,217,3
25974,1148,6,1
25975,1148,248,2
25976,1148,12,3.5
25977,1148,249,3.5
25978,1148,17,3
25979,1148,220,2
25980,1148,11,2.5
25981,1148,215,0.5
25982,1148,250,4
25983,1148,251,2
25984,1148,84,0.5
25985,1148,252,2.5
25986,1148,7,2
25987,1148,206,2.5
25988,1148,233,1
25989,1148,241,1.5
25990,1148,253,1
25991,1148,254,1.5
25992,1148,255,1.5
25993,1149,447,4
25994,1149,265,2
25995,1149,2,3.5
25996,1149,1198,4
25997,1149,1399,3.5
25998,1149,875,2.5
25999,1149,431,2.5
26000,1149,675,3.5
26001,1149,347,3
26002,1149,657,3
26003,1149,278,3.5
26004,1149,10,3.5
26005,1149,239,3
26006,1149,1404,3.5
26007,1149,805,4
26008,1149,1401,3.5
26009,1149,1405,3.5
26010,1149,17,3.5
26011,1149,589,3
26012,1149,1398,3.5
26013,1149,7,3.5
26014,1149,307,3.5
26015,1149,583,2
26016,1149,207,2.5
26017,1149,755,3.5
26018,1149,148,3.5
26019,1149,434,2
26020,1149,1036,4
26021,1149,5,3
26022,1149,676,3
26023,1149,1043,3.5
26024,1150,13,3.5
26025,1150,251,3.5
26026,1150,3,3
26027,1150,233,3
26028,1150,213,4
26029,1150,255,2.5
26030,1150,5,3
26031,1150,1,3
26032,1150,17,3
26033,1150,250,3.5
26034,1150,254,4
26035,1150,121,2.5
26036,1150,216,3
26037,1150,84,3
26038,1150,11,2.5
26039,1150,2,3
26040,1150,8,3.5
26041,1150,245,3.5
26042,1150,217,3.5
26043,1150,236,3
26044,1150,244,2.5
26045,1150,206,3.5
26046,1150,210,3
26047,1150,7,3
26048,1150,247,2.5
26049,1150,257,3
26050,1150,239,3.5
26051,1150,12,3
26052,1150,10,3.5
26053,1150,215,3.5
26054,1151,484,3.5
26055,1152,213,2
26056,1152,216,4
26057,1152,234,4
26058,1152,121,4
26059,1152,2,3.5
26060,1152,3,4
26061,1152,257,4
26062,1152,219,0.5
26063,1152,1,4
26064,1152,9,4
26065,1152,211,4
26066,1152,212,3.5
26067,1152,244,3.5
26068,1152,245,3
26069,1152,214,4
26070,1152,235,4
26071,1152,246,4
26072,1152,205,4
26073,1152,210,3.5
26074,1152,247,4
26075,1152,10,4
26076,1152,239,3
26077,1152,248,3
26078,1152,12,1
26079,1152,249,3
26080,1152,243,4
26081,1152,220,4
26082,1152,11,0.5
26083,1152,215,4
26084,1152,250,3.5
26085,1152,251,4
26086,1152,84,4
26087,1152,252,3.5
26088,1152,233,4
26089,1152,217,3.5
26090,1152,241,4
26091,1152,6,1.5
26092,1152,17,2
26093,1152,253,4
26094,1152,254,4
26095,1152,255,3
26096,1152,7,1.5
26097,1152,236,3
26098,1152,206,4
26099,1152,4,0.5
26100,1152,13,4
26101,1152,207,3.5
26102,1152,256,4
26103,1152,5,4
26104,1152,8,1.5
26105,1153,454,3
26106,1153,486,4
26107,1153,160,4
26108,1153,218,4
26109,1153,436,4
26110,1153,474,3.5
26111,1153,1,3
26112,1153,787,3
26113,1153,638,4
26114,1153,278,4
26115,1153,473,4
26116,1153,620,3
26117,1153,430,4
26118,1153,589,3.5
26119,1153,435,4
26120,1153,253,4
26121,1153,675,4
26122,1153,1026,3
26123,1153,212,3
26124,1153,483,4
26125,1153,273,3.5
26126,1153,194,3.5
26127,1153,8,3.5
26128,1153,17,2
26129,1153,502,4
26130,1153,13,4
26131,1153,450,4
26132,1153,236,2.5
26133,1153,402,4
26134,1153,335,4
26135,1153,234,3
26136,1153,347,4
26137,1153,478,4
26138,1153,419,3.5
26139,1153,471,4
26140,1153,7,4
26141,1153,676,1.5
26142,1153,307,4
26143,1153,417,3.5
26144,1153,242,3.5
26145,1153,470,4
26146,1153,481,4
26147,1153,255,3.5
26148,1153,205,1.5
26149,1153,422,2.5
26150,1153,457,4
26151,1153,1198,4
26152,1153,425,3.5
26153,1153,418,4
26154,1153,148,3
26155,1153,421,4
26156,1153,10,3
26157,1153,265,2.5
26158,1153,485,3.5
26159,1153,717,3.5
26160,1153,250,3.5
26161,1153,427,4
26162,1153,514,3.5
26163,1153,207,3
26164,1153,977,4
26165,1153,233,3
26166,1153,448,3.5
26167,1153,251,3
26168,1153,705,4
26169,1153,521,4
26170,1153,658,4
26171,1153,400,4
26172,1153,220,3
26173,1153,245,3.5
26174,1153,344,4
26175,1153,294,2.5
26176,1153,465,4
26177,1153,256,3
26178,1153,216,4
26179,1153,505,4
26180,1153,59,4
26181,1153,12,3.5
26182,1153,781,3
26183,1153,217,3.5
26184,1153,1002,3.5
26185,1153,235,3
26186,1153,270,3
26187,1153,438,4
26188,1153,206,3
26189,1153,1655,4
26190,1153,393,4
26191,1153,699,3
26192,1153,394,3
26193,1153,503,4
26194,1153,2,3.5
26195,1153,456,4
26196,1153,304,3.5
26197,1153,847,4
26198,1153,388,4
26199,1153,336,4
26200,1153,9,4
26201,1153,805,4
26202,1153,504,3.5
26203,1154,213,3.5
26204,1154,10,4
26205,1154,3,3.5
26206,1154,11,4
26207,1154,1,4
26208,1154,13,3.5
26209,1154,214,0.5
26210,1154,215,3
26211,1155,7,3
26212,1155,235,2.5
26213,1155,244,2
26214,1155,257,1.5
26215,1155,4,2.5
26216,1155,250,2
26217,1155,8,3
26218,1155,215,2.5
26219,1155,5,3.5
26220,1155,216,2.5
26221,1155,13,2
26222,1155,233,2
26223,1155,205,3.5
26224,1155,253,2.5
26225,1155,2,3
26226,1155,220,2.5
26227,1155,217,3
26228,1155,3,3
26229,1155,1,2.5
26230,1155,206,3.5
26231,1155,234,1.5
26232,1155,236,2.5
26233,1155,245,2.5
26234,1155,210,2
26235,1155,11,3
26236,1155,12,2.5
26237,1155,6,3
26238,1155,219,2
26239,1155,256,2
26240,1155,248,2.5
26241,1155,252,2
26242,1155,241,2
26243,1155,249,2.5
26244,1155,84,3.5
26245,1155,254,3
26246,1155,17,3
26247,1155,243,1.5
26248,1155,212,2.5
26249,1155,214,2.5
26250,1155,255,1.5
26251,1155,251,2.5
26252,1155,247,1.5
26253,1155,9,3
26254,1155,207,2
26255,1155,246,3.5
26256,1155,213,3
26257,1155,10,2.5
26258,1155,239,2.5
26259,1155,211,2.5
26260,1155,121,1.5
26261,1156,254,3.5
26262,1156,7,4
26263,1156,239,3
26264,1156,207,1.5
26265,1156,245,3.5
26266,1156,257,3
26267,1156,213,3
26268,1156,251,4
26269,1156,241,3.5
26270,1156,13,3.5
26271,1156,244,2.5
26272,1156,211,2.5
26273,1156,205,3
26274,1156,12,4
26275,1156,17,4
26276,1156,217,3.5
26277,1157,1182,2.5
26278,1157,656,3.5
26279,1157,211,4
26280,1157,1390,3.5
26281,1157,895,3
26282,1157,728,3.5
26283,1157,1855,3
26284,1157,1031,3.5
26285,1157,347,3
26286,1157,716,2
26287,1157,434,3.5
26288,1157,1295,3.5
26289,1157,1856,4
26290,1157,1193,4
26291,1157,400,4
26292,1157,1109,0.5
26293,1157,711,0.5
26294,1157,318,4
26295,1157,169,1
26296,1157,702,4
26297,1157,1478,4
26298,1157,5,3
26299,1157,1857,4
26300,1157,425,3.5
26301,1157,412,4
26302,1157,204,3.5
26303,1157,589,4
26304,1157,1029,2
26305,1157,1183,1.5
26306,1157,850,3.5
26307,1157,1858,4
26308,1157,523,2.5
26309,1157,660,3.5
26310,1157,17,2.5
26311,1157,217,3.5
26312,1157,1516,3
26313,1157,606,2.5
26314,1157,242,2.5
26315,1157,659,3.5
26316,1157,31,3.5
26317,1157,499,1.5
26318,1157,715,0.5
26319,1157,657,3.5
26320,1157,592,0.5
26321,1157,389,1.5
26322,1157,213,2.5
26323,1157,436,2
26324,1157,1859,1
26325,1157,282,0.5
26326,1157,983,2.5
26327,1157,215,2
26328,1157,11,3
26329,1157,1257,3.5
26330,1157,699,3.5
26331,1157,275,3
26332,1157,744,2.5
26333,1157,520,3
26334,1157,658,3.5
26335,1157,746,2.5
26336,1157,494,4
26337,1157,206,2
26338,1157,300,3.5
26339,1157,13,3
26340,1157,241,3.5
26341,1157,59,1.5
26342,1157,236,2.5
26343,1157,286,3.5
26344,1157,1,4
26345,1157,486,3.5
26346,1157,477,3
26347,1157,218,2
26348,1157,8,3
26349,1157,1860,4
26350,1157,676,0.5
26351,1157,7,3.5
26352,1157,250,3.5
26353,1157,1028,1
26354,1157,1195,3.5
26355,1157,806,3
26356,1157,1026,2
26357,1157,278,3
26358,1157,872,1
26359,1157,1037,0.5
26360,1157,717,3
26361,1157,148,3.5
26362,1158,2,3.5
26363,1158,217,3.5
26364,1158,253,4
26365,1158,675,4
26366,1158,220,3.5
26367,1158,236,3
26368,1158,121,3
26369,1158,244,3
26370,1158,206,3.5
26371,1158,7,4
26372,1158,4,4
26373,1158,247,3.5
26374,1158,8,4
26375,1158,257,3
26376,1158,239,4
26377,1158,12,4
26378,1158,718,3.5
26379,1158,10,4
26380,1158,215,4
26381,1158,13,3.5
26382,1158,251,3.5
26383,1158,3,3
26384,1158,233,3.5
26385,1158,205,3
26386,1158,213,4
26387,1158,255,4
26388,1158,207,3
26389,1158,214,3.5
26390,1158,5,3.5
26391,1158,1,3.5
26392,1158,17,4
26393,1158,234,4
26394,1158,211,4
26395,1158,563,4
26396,1158,235,3
26397,1158,246,3
26398,1158,250,3.5
26399,1158,9,4
26400,1158,241,3
26401,1158,216,3
26402,1158,84,3
26403,1158,219,4
26404,1158,6,4
26405,1158,11,4
26406,1159,8,3.5
26407,1159,7,3
26408,1159,210,3.5
26409,1159,234,3
26410,1159,10,3.5
26411,1159,121,3
26412,1159,1272,2.5
26413,1159,251,3.5
26414,1159,1040,3.5
26415,1159,206,4
26416,1159,1273,3
26417,1159,250,4
26418,1159,236,3.5
26419,1159,638,1.5
26420,1159,235,4
26421,1159,337,2.5
26422,1159,5,2
26423,1159,255,2
26424,1159,1,3
26425,1159,252,2.5
26426,1159,211,3
26427,1159,213,4
26428,1159,244,3.5
26429,1159,214,2.5
26430,1159,3,3
26431,1159,216,2.5
26432,1159,217,3.5
26433,1159,4,3
26434,1159,247,3
26435,1159,245,3.5
26436,1159,9,2.5
26437,1159,248,2.5
26438,1159,241,3.5
26439,1159,6,2.5
26440,1159,219,2.5
26441,1159,215,3
26442,1159,207,3
26443,1159,212,2.5
26444,1159,541,1.5
26445,1159,256,4
26446,1159,246,4
26447,1159,84,3
26448,1159,13,3.5
26449,1159,726,3.5
26450,1159,257,2.5
26451,1159,756,1.5
26452,1159,11,3.5
26453,1159,254,4
26454,1159,734,0.5
26455,1159,12,2
26456,1159,1271,0.5
26457,1159,17,3
26458,1159,243,4
26459,1159,205,3.5
26460,1159,757,3
26461,1159,253,2.5
26462,1159,220,3
26463,1159,249,3
26464,1159,239,2.5
26465,1159,233,2
26466,1160,628,1.5
26467,1160,205,3
26468,1160,458,3.5
26469,1160,477,4
26470,1160,236,2.5
26471,1160,746,3.5
26472,1160,7,3.5
26473,1160,2,3
26474,1160,391,4
26475,1160,787,3
26476,1160,755,2
26477,1160,781,3.5
26478,1161,17,3.5
26479,1161,205,4
26480,1161,255,3.5
26481,1161,214,3.5
26482,1161,245,3.5
26483,1161,239,3.5
26484,1161,234,4
26485,1161,207,3.5
26486,1161,253,3.5
26487,1161,8,4
26488,1161,3,4
26489,1161,2,4
26490,1161,7,3
26491,1161,233,4
26492,1161,243,3.5
26493,1161,219,3
26494,1161,212,3.5
26495,1161,1,3.5
26496,1161,6,3.5
26497,1161,11,4
26498,1161,244,3.5
26499,1161,10,4
26500,1161,210,4
26501,1161,9,4
26502,1161,248,3.5
26503,1161,13,4
26504,1161,5,4
26505,1161,213,3.5
26506,1161,252,3.5
26507,1161,216,4
26508,1161,246,3.5
26509,1161,4,4
26510,1161,217,3.5
26511,1161,215,4
26512,1162,3,3.5
26513,1162,1861,4
26514,1162,5,3.5
26515,1162,342,3.5
26516,1162,459,4
26517,1162,213,2
26518,1162,216,3
26519,1162,257,2
26520,1162,127,3.5
26521,1162,589,3.5
26522,1162,7,3.5
26523,1162,205,3.5
26524,1162,210,2
26525,1162,391,3.5
26526,1162,254,3.5
26527,1162,1862,4
26528,1162,1863,3
26529,1162,1864,4
26530,1162,6,2.5
26531,1162,2,2
26532,1162,1274,4
26533,1162,219,2.5
26534,1162,211,3
26535,1162,278,3.5
26536,1162,245,2.5
26537,1162,955,3.5
26538,1162,207,3
26539,1162,212,2
26540,1162,8,3
26541,1162,215,2
26542,1162,11,3.5
26543,1162,1360,1.5
26544,1162,241,3.5
26545,1162,84,2
26546,1162,299,3.5
26547,1162,13,3.5
26548,1162,251,2
26549,1162,289,3
26550,1162,344,4
26551,1162,287,4
26552,1162,478,4
26553,1162,309,4
26554,1162,292,4
26555,1162,525,3.5
26556,1162,4,3
26557,1162,657,3.5
26558,1162,12,3
26559,1162,9,1.5
26560,1162,17,2
26561,1162,1,3.5
26562,1162,253,2.5
26563,1162,239,2.5
26564,1162,247,3.5
26565,1162,10,3.5
26566,1162,121,2
26567,1162,733,4
26568,1162,1371,4
26569,1162,217,2.5
26570,1162,1481,4
26571,1162,214,2
26572,1162,220,3.5
26573,1162,206,3.5
26574,1162,233,2
26575,1162,1641,3
26576,1162,246,1.5
26577,1162,235,3
26578,1162,234,3.5
26579,1163,1865,4
26580,1163,2,0.5
26581,1163,1866,4
26582,1164,1,2
26583,1164,5,2.5
26584,1164,2,3.5
26585,1164,207,3
26586,1164,1171,3.5
26587,1164,12,3
26588,1164,212,2.5
26589,1164,13,3
26590,1164,217,2
26591,1164,234,2
26592,1164,216,2.5
26593,1164,17,3
26594,1164,3,3
26595,1164,215,3
26596,1164,213,3
26597,1164,293,4
26598,1164,8,4
26599,1164,1459,3.5
26600,1164,494,4
26601,1164,10,2.5
26602,1164,347,4
26603,1164,235,2.5
26604,1164,254,1
26605,1164,7,4
26606,1164,239,3
26607,1164,712,3
26608,1164,211,4
26609,1164,219,3.5
26610,1165,4,4
26611,1165,207,2.5
26612,1165,2,3
26613,1165,235,2
26614,1165,10,2
26615,1165,205,1.5
26616,1165,210,2.5
26617,1165,1010,4
26618,1165,11,4
26619,1165,1,3
26620,1165,7,3.5
26621,1166,5,4
26622,1166,6,3
26623,1166,207,2.5
26624,1166,11,4
26625,1166,7,3.5
26626,1166,1,3
26627,1166,12,3
26628,1166,236,4
26629,1166,4,4
26630,1167,250,3
26631,1167,9,4
26632,1167,211,3.5
26633,1167,2,2
26634,1167,6,4
26635,1167,8,4
26636,1167,5,4
26637,1167,1,2.5
26638,1167,233,4
26639,1167,236,4
26640,1167,12,1.5
26641,1167,17,4
26642,1167,255,4
26643,1167,7,3
26644,1167,235,1.5
26645,1167,207,2
26646,1167,3,3.5
26647,1167,215,2
26648,1168,347,4
26649,1168,7,4
26650,1168,17,4
26651,1168,918,4
26652,1168,500,3
26653,1168,877,3
26654,1168,400,4
26655,1168,211,4
26656,1168,717,4
26657,1168,342,4
26658,1168,236,3.5
26659,1169,8,3.5
26660,1169,2,4
26661,1169,207,4
26662,1169,9,3.5
26663,1169,236,4
26664,1169,7,4
26665,1169,257,3
26666,1169,17,3.5
26667,1170,13,4
26668,1170,11,4
26669,1170,215,3
26670,1171,11,4
26671,1171,215,3.5
26672,1171,13,4
26673,1172,7,1.5
26674,1173,216,3
26675,1173,1867,4
26676,1173,1831,4
26677,1173,1356,4
26678,1173,254,3.5
26679,1173,1868,2
26680,1173,207,4
26681,1173,332,4
26682,1173,559,2.5
26683,1173,233,1
26684,1173,84,3
26685,1173,1869,4
26686,1173,1870,3
26687,1173,1871,2.5
26688,1173,1872,4
26689,1173,1641,3.5
26690,1173,202,4
26691,1173,347,1
26692,1173,468,3
26693,1173,1594,3
26694,1173,362,4
26695,1173,1873,3
26696,1173,1874,3
26697,1173,3,0.5
26698,1173,5,2.5
26699,1173,214,2
26700,1173,206,4
26701,1173,7,3.5
26702,1173,257,2.5
26703,1173,10,0.5
26704,1173,11,0.5
26705,1173,215,4
26706,1173,1875,3.5
26707,1173,2,4
26708,1173,213,3
26709,1173,1037,3
26710,1173,1876,3
26711,1173,235,4
26712,1173,1198,4
26713,1173,243,3
26714,1173,1877,4
26715,1173,1878,4
26716,1173,1,2.5
26717,1173,1879,4
26718,1173,12,2.5
26719,1173,1355,4
26720,1173,1880,4
26721,1173,205,3
26722,1173,342,1
26723,1173,121,0.5
26724,1173,17,2
26725,1173,425,4
26726,1173,255,1
26727,1173,1881,4
26728,1173,1882,1
26729,1173,583,4
26730,1173,1883,4
26731,1173,210,4
26732,1173,1884,3.5
26733,1173,1885,0.5
26734,1173,539,3
26735,1173,234,0.5
26736,1173,442,4
26737,1173,286,4
26738,1173,9,0.5
26739,1174,911,4
26740,1174,342,4
26741,1174,11,4
26742,1174,1026,4
26743,1174,913,4
26744,1174,299,4
26745,1174,732,4
26746,1174,292,4
26747,1174,242,4
26748,1175,219,2.5
26749,1175,211,3.5
26750,1175,236,0.5
26751,1175,245,4
26752,1175,4,4
26753,1175,207,2.5
26754,1175,252,2.5
26755,1175,255,3.5
26756,1175,212,3.5
26757,1175,8,3.5
26758,1175,215,3.5
26759,1175,11,4
26760,1175,241,1.5
26761,1175,84,3.5
26762,1175,13,3.5
26763,1175,251,2.5
26764,1175,244,2.5
26765,1175,12,2.5
26766,1175,17,3.5
26767,1175,1,3.5
26768,1175,253,2.5
26769,1175,239,4
26770,1175,9,3.5
26771,1175,247,3.5
26772,1175,121,4
26773,1175,10,2.5
26774,1175,5,4
26775,1175,217,3.5
26776,1175,214,1.5
26777,1175,220,2.5
26778,1175,235,2.5
26779,1175,256,1.5
26780,1175,250,1.5
26781,1175,233,4
26782,1175,206,2.5
26783,1175,246,2.5
26784,1175,234,3.5
26785,1175,3,2.5
26786,1175,213,1.5
26787,1175,216,4
26788,1175,257,2.5
26789,1175,7,2.5
26790,1175,205,2.5
26791,1175,243,3.5
26792,1175,210,3.5
26793,1175,254,4
26794,1175,248,2.5
26795,1175,249,1.5
26796,1175,6,1.5
26797,1175,2,3.5
26798,1176,588,4
26799,1177,12,3
26800,1177,538,3
26801,1177,5,2.5
26802,1177,7,3.5
26803,1178,1,3.5
26804,1178,257,2
26805,1178,13,4
26806,1178,270,4
26807,1178,17,3
26808,1178,215,2
26809,1178,254,3.5
26810,1178,210,2.5
26811,1178,213,1.5
26812,1178,11,4
26813,1178,247,3.5
26814,1178,10,3
26815,1178,9,3
26816,1178,3,3
26817,1179,12,4
26818,1179,215,1
26819,1179,13,4
26820,1179,205,1
26821,1180,2,3
26822,1180,5,3
26823,1180,410,4
26824,1180,215,2.5
26825,1180,250,2.5
26826,1180,764,4
26827,1180,236,3.5
26828,1180,7,1.5
26829,1180,73,4
26830,1180,715,4
26831,1180,638,4
26832,1180,728,4
26833,1180,206,3
26834,1180,267,4
26835,1180,730,3
26836,1180,213,3
26837,1180,207,1
26838,1180,864,4
26839,1180,499,4
26840,1181,215,2.5
26841,1182,11,2
26842,1182,10,2.5
26843,1182,13,4
26844,1182,4,2.5
26845,1183,207,3.5
26846,1183,251,3.5
26847,1183,236,3.5
26848,1183,211,3
26849,1183,218,4
26850,1183,7,4
26851,1183,6,3
26852,1183,286,4
26853,1183,11,3
26854,1183,9,3.5
26855,1183,5,3.5
26856,1183,213,3.5
26857,1183,4,3
26858,1183,1448,3.5
26859,1183,255,3.5
26860,1183,220,4
26861,1183,239,3.5
26862,1183,8,4
26863,1183,17,3
26864,1183,764,3
26865,1184,246,2
26866,1184,3,3.5
26867,1184,6,3
26868,1184,213,2.5
26869,1184,257,2
26870,1184,2,3.5
26871,1184,7,3
26872,1184,219,3.5
26873,1184,236,3
26874,1184,215,3
26875,1184,241,2
26876,1184,13,3.5
26877,1184,4,4
26878,1184,121,3
26879,1184,8,3.5
26880,1184,11,4
26881,1184,12,4
26882,1184,206,3.5
26883,1184,17,2
26884,1184,253,4
26885,1184,239,3.5
26886,1184,9,3
26887,1184,5,4
26888,1184,205,3
26889,1184,214,3.5
26890,1184,220,3
26891,1185,12,3.5
26892,1185,292,4
26893,1186,8,3.5
26894,1186,236,4
26895,1186,241,3
26896,1186,205,2
26897,1186,2,3.5
26898,1186,235,3
26899,1186,1,3.5
26900,1187,1641,3
26901,1187,949,2.5
26902,1187,713,3
26903,1187,591,1.5
26904,1187,454,3
26905,1187,1886,3.5
26906,1187,1867,3
26907,1187,215,2
26908,1187,5,3
26909,1187,617,2
26910,1187,1887,3.5
26911,1187,189,3.5
26912,1187,717,3
26913,1187,686,3
26914,1187,1888,2.5
26915,1187,1889,3
26916,1187,1530,2
26917,1187,1189,4
26918,1187,1890,4
26919,1187,1046,2.5
26920,1187,31,2
26921,1187,210,3.5
26922,1187,1388,2.5
26923,1187,1349,2.5
26924,1187,294,3
26925,1187,689,4
26926,1187,1599,3.5
26927,1187,984,2.5
26928,1187,536,3
26929,1187,1891,2.5
26930,1187,473,3
26931,1187,1013,3
26932,1187,1892,3
26933,1187,341,1
26934,1187,695,2.5
26935,1187,1893,3
26936,1187,933,1
26937,1187,1894,2
26938,1187,1006,2.5
26939,1187,725,3
26940,1187,1060,3
26941,1187,92,2
26942,1187,478,2.5
26943,1187,480,2.5
26944,1187,728,3
26945,1187,1895,2.5
26946,1187,310,3
26947,1187,1896,3
26948,1187,365,3
26949,1187,244,2
26950,1187,484,4
26951,1187,304,3
26952,1187,1897,2.5
26953,1187,265,3
26954,1187,249,3.5
26955,1187,582,2.5
26956,1187,1898,3.5
26957,1187,1899,3.5
26958,1187,1369,3.5
26959,1187,1221,3
26960,1187,857,3
26961,1187,528,3
26962,1187,534,3.5
26963,1187,488,3
26964,1187,1661,3
26965,1187,256,2.5
26966,1187,489,2.5
26967,1187,585,2.5
26968,1187,738,2
26969,1187,741,2.5
26970,1187,255,3.5
26971,1187,550,2.5
26972,1187,876,3
26973,1187,744,2.5
26974,1187,746,3
26975,1187,499,2.5
26976,1187,1900,2.5
26977,1187,1901,3
26978,1187,722,2.5
26979,1187,723,2.5
26980,1187,242,2.5
26981,1187,1385,3
26982,1187,148,2
26983,1187,750,3.5
26984,1187,1902,2
26985,1187,116,2
26986,1187,130,3
26987,1187,368,3.5
26988,1187,1178,3
26989,1187,1903,3
26990,1187,1904,3
26991,1187,2,3
26992,1187,251,3
26993,1187,1652,3
26994,1187,1194,2.5
26995,1187,1628,4
26996,1187,510,2
26997,1187,537,2.5
26998,1187,1905,3
26999,1187,7,3.5
27000,1187,1034,2.5
27001,1187,241,2.5
27002,1187,511,3.5
27003,1187,512,3.5
27004,1187,1711,2
27005,1187,1906,2.5
27006,1187,1907,2.5
27007,1187,1836,3
27008,1187,12,2
27009,1187,1440,3.5
27010,1187,1819,3
27011,1187,947,2
27012,1187,345,3
27013,1187,1562,3
27014,1187,1908,2.5
27015,1187,850,2.5
27016,1187,1784,3
27017,1187,339,2
27018,1187,17,2
27019,1187,588,2
27020,1187,1909,3
27021,1187,20,2.5
27022,1187,761,2
27023,1187,206,3
27024,1187,951,2.5
27025,1187,762,3
27026,1187,959,2
27027,1187,73,3
27028,1187,1713,2.5
27029,1187,211,2.5
27030,1187,675,3.5
27031,1187,91,3.5
27032,1187,820,2
27033,1187,1488,3
27034,1187,1910,2.5
27035,1187,205,2
27036,1187,24,3
27037,1187,983,2.5
27038,1187,3,4
27039,1187,235,2
27040,1187,1011,2.5
27041,1187,898,2.5
27042,1187,1576,4
27043,1187,278,2
27044,1187,769,3
27045,1187,638,3.5
27046,1187,1911,2.5
27047,1187,1912,2.5
27048,1187,657,3
27049,1187,13,4
27050,1187,790,3
27051,1187,356,2.5
27052,1187,676,3
27053,1187,410,2.5
27054,1187,1,2.5
27055,1187,414,3.5
27056,1187,1913,2.5
27057,1187,678,3
27058,1187,1914,3
27059,1187,1915,3
27060,1187,1916,2.5
27061,1187,219,3
27062,1187,1917,2
27063,1187,335,3
27064,1187,1918,2.5
27065,1187,207,0.5
27066,1187,618,3
27067,1187,589,2.5
27068,1187,799,2
27069,1187,682,3
27070,1187,1783,3.5
27071,1187,216,3
27072,1187,270,2.5
27073,1187,359,3
27074,1187,866,3
27075,1187,423,1.5
27076,1187,685,3
27077,1187,425,3.5
27078,1187,236,2
27079,1187,1442,4
27080,1187,1348,2.5
27081,1187,592,1
27082,1187,1919,2.5
27083,1187,59,2.5
27084,1187,1920,3
27085,1187,243,1.5
27086,1187,1921,3
27087,1187,1922,3
27088,1187,943,3
27089,1187,167,3
27090,1187,431,3.5
27091,1187,1820,3
27092,1187,218,3
27093,1187,691,1
27094,1187,977,3
27095,1187,1923,3
27096,1187,220,3
27097,1187,245,3.5
27098,1187,900,3.5
27099,1187,693,2
27100,1187,432,3
27101,1187,340,2.5
27102,1187,434,2.5
27103,1187,548,3
27104,1187,597,1
27105,1187,1204,3.5
27106,1187,607,3
27107,1187,436,3.5
27108,1187,1924,2.5
27109,1187,1925,3.5
27110,1187,593,1.5
27111,1187,1585,3
27112,1187,438,2
27113,1187,699,2.5
27114,1187,701,3
27115,1187,29,2
27116,1187,702,4
27117,1187,787,2.5
27118,1187,781,3
27119,1187,361,2.5
27120,1187,250,3.5
27121,1187,703,2.5
27122,1187,1926,2
27123,1187,318,3
27124,1187,132,3.5
27125,1187,301,1
27126,1187,1927,2
27127,1187,286,3
27128,1187,452,2
27129,1187,711,3
27130,1187,650,2.5
27131,1187,1002,3
27132,1188,1,2.5
27133,1188,220,4
27134,1188,256,2.5
27135,1188,214,2.5
27136,1188,217,2.5
27137,1188,17,4
27138,1188,233,3
27139,1188,215,3
27140,1188,11,4
27141,1188,253,2
27142,1188,211,4
27143,1188,212,2.5
27144,1188,245,2.5
27145,1188,252,3.5
27146,1188,12,4
27147,1188,236,4
27148,1188,244,2.5
27149,1188,5,3.5
27150,1188,241,2
27151,1188,6,4
27152,1188,8,2.5
27153,1188,234,3
27154,1188,10,2
27155,1188,255,3.5
27156,1188,216,2.5
27157,1188,13,2.5
27158,1188,121,3
27159,1188,84,3.5
27160,1188,207,2.5
27161,1188,251,3
27162,1188,249,3
27163,1188,250,3.5
27164,1188,219,2.5
27165,1188,254,2
27166,1188,9,4
27167,1188,7,2.5
27168,1188,246,2.5
27169,1188,206,4
27170,1188,257,2
27171,1188,247,2.5
27172,1188,205,1.5
27173,1188,239,2.5
27174,1188,213,2.5
27175,1188,2,2.5
27176,1188,4,4
27177,1188,248,3
27178,1188,210,2.5
27179,1188,3,2.5
27180,1189,10,2
27181,1189,7,3.5
27182,1189,13,3.5
27183,1189,1,3
27184,1189,378,3
27185,1189,585,2
27186,1189,426,3.5
27187,1189,206,3
27188,1189,347,3.5
27189,1189,9,3.5
27190,1189,215,3
27191,1189,17,3
27192,1189,699,4
27193,1189,207,3.5
27194,1189,423,1
27195,1189,235,3
27196,1189,8,3
27197,1189,3,3.5
27198,1189,345,2
27199,1189,412,3.5
27200,1189,2,3
27201,1189,219,3.5
27202,1189,12,3
27203,1189,6,4
27204,1189,11,3
27205,1190,11,3.5
27206,1190,13,4
27207,1190,215,4
27208,1191,235,2.5
27209,1191,10,4
27210,1191,17,1.5
27211,1191,1,3
27212,1191,207,4
27213,1191,3,3
27214,1192,207,2
27215,1192,239,3
27216,1192,12,2.5
27217,1192,211,3.5
27218,1192,7,2
27219,1192,247,2.5
27220,1192,1,2
27221,1192,241,1
27222,1193,235,3.5
27223,1193,9,3
27224,1193,255,4
27225,1193,210,2.5
27226,1193,2,3
27227,1193,205,2.5
27228,1193,1,4
27229,1193,8,4
27230,1193,248,2.5
27231,1193,254,3
27232,1193,13,2.5
27233,1193,251,3
27234,1193,243,2.5
27235,1193,245,2.5
27236,1193,236,3
27237,1193,217,3.5
27238,1193,5,2.5
27239,1193,213,2
27240,1193,216,3
27241,1193,252,4
27242,1193,256,3
27243,1193,241,3
27244,1193,215,4
27245,1193,11,3.5
27246,1193,219,3
27247,1193,84,4
27248,1193,253,3
27249,1193,4,3.5
27250,1193,6,4
27251,1193,233,4
27252,1193,207,1.5
27253,1193,250,3
27254,1193,206,4
27255,1193,121,3
27256,1193,244,4
27257,1193,7,3.5
27258,1193,12,3
27259,1193,211,3
27260,1193,234,3
27261,1193,220,2.5
27262,1193,249,3.5
27263,1193,239,2.5
27264,1193,10,2.5
27265,1193,257,3
27266,1193,214,2.5
27267,1193,3,3.5
27268,1193,17,3
27269,1193,247,4
27270,1193,246,4
27271,1193,212,3.5
27272,1194,2,4
27273,1194,103,4
27274,1194,240,4
27275,1194,12,1
27276,1194,253,3.5
27277,1194,519,4
27278,1194,211,4
27279,1195,1,4
27280,1195,17,4
27281,1195,2,4
27282,1195,216,4
27283,1195,7,4
27284,1196,17,3
27285,1196,219,3
27286,1196,7,2.5
27287,1197,236,4
27288,1197,244,3
27289,1197,10,2
27290,1197,211,3
27291,1197,255,3
27292,1197,216,3
27293,1197,13,4
27294,1197,251,3.5
27295,1197,249,3
27296,1197,250,4
27297,1197,219,3.5
27298,1197,5,3
27299,1197,12,2.5
27300,1197,8,3
27301,1197,207,2.5
27302,1197,213,3.5
27303,1197,254,3
27304,1197,9,1
27305,1197,7,2
27306,1197,247,3
27307,1197,205,3
27308,1197,17,3.5
27309,1197,215,4
27310,1197,11,3
27311,1197,1,3.5
27312,1197,245,4
27313,1198,234,3
27314,1198,211,2
27315,1198,249,3.5
27316,1198,246,2
27317,1198,250,4
27318,1198,9,4
27319,1198,254,2
27320,1198,121,2
27321,1198,241,4
27322,1198,216,2.5
27323,1198,210,1.5
27324,1198,252,3.5
27325,1198,219,2.5
27326,1198,212,4
27327,1198,6,1.5
27328,1198,11,4
27329,1198,2,3
27330,1198,8,4
27331,1198,245,3.5
27332,1198,248,3
27333,1198,217,1.5
27334,1198,239,2
27335,1198,253,1.5
27336,1198,220,1
27337,1198,243,0.5
27338,1198,236,4
27339,1198,244,3.5
27340,1198,206,4
27341,1198,7,3.5
27342,1198,4,4
27343,1198,247,2.5
27344,1198,257,2
27345,1198,12,4
27346,1198,10,3.5
27347,1198,5,1
27348,1198,215,2.5
27349,1198,13,4
27350,1198,251,3
27351,1198,235,1
27352,1198,3,3.5
27353,1198,233,4
27354,1198,256,4
27355,1198,205,3.5
27356,1198,213,1.5
27357,1198,255,2
27358,1198,207,2
27359,1198,214,2
27360,1198,1,2.5
27361,1198,84,2
27362,1198,17,3
27363,1199,468,4
27364,1199,213,3.5
27365,1199,13,4
27366,1199,254,4
27367,1199,217,4
27368,1199,780,2
27369,1199,764,3.5
27370,1199,308,4
27371,1199,1035,4
27372,1199,249,4
27373,1199,245,4
27374,1199,241,3.5
27375,1199,239,4
27376,1199,1858,3
27377,1199,278,2.5
27378,1199,432,4
27379,1199,676,2.5
27380,1199,638,4
27381,1199,528,4
27382,1199,214,4
27383,1199,847,3.5
27384,1199,206,4
27385,1199,509,3.5
27386,1199,290,4
27387,1199,275,4
27388,1199,1516,3
27389,1199,205,4
27390,1199,5,4
27391,1199,451,3
27392,1199,343,3.5
27393,1199,696,4
27394,1199,1219,3.5
27395,1199,211,3.5
27396,1199,4,4
27397,1199,121,4
27398,1199,675,4
27399,1199,610,3
27400,1199,927,4
27401,1199,257,4
27402,1199,248,3
27403,1199,235,4
27404,1199,212,3
27405,1199,234,3
27406,1199,215,4
27407,1199,242,3
27408,1199,318,3.5
27409,1199,216,3
27410,1199,91,4
27411,1199,11,4
27412,1199,810,4
27413,1199,490,2
27414,1199,247,4
27415,1199,344,4
27416,1199,9,4
27417,1199,8,3.5
27418,1199,3,4
27419,1199,7,3.5
27420,1199,1321,3.5
27421,1199,244,3.5
27422,1199,84,3
27423,1199,1274,3
27424,1199,702,4
27425,1199,313,4
27426,1199,220,4
27427,1199,425,4
27428,1199,6,4
27429,1199,10,3.5
27430,1199,1477,3
27431,1199,251,4
27432,1199,256,3
27433,1199,246,3.5
27434,1199,505,3
27435,1199,243,3.5
27436,1199,236,3
27437,1199,930,3.5
27438,1199,442,3
27439,1199,589,3.5
27440,1199,1183,4
27441,1199,842,4
27442,1199,712,3
27443,1199,699,4
27444,1199,830,3.5
27445,1199,1605,3
27446,1199,1080,4
27447,1199,219,4
27448,1199,658,4
27449,1199,1542,3
27450,1199,522,4
27451,1199,365,3
27452,1199,252,3
27453,1199,1116,4
27454,1199,336,4
27455,1199,512,3
27456,1199,1831,4
27457,1199,717,4
27458,1199,233,3.5
27459,1199,616,4
27460,1199,250,4
27461,1199,1123,4
27462,1199,255,4
27463,1199,210,3.5
27464,1199,207,3.5
27465,1199,17,3
27466,1199,299,4
27467,1199,2,4
27468,1199,1,4
27469,1199,926,3.5
27470,1199,253,3.5
27471,1199,880,3.5
27472,1199,12,4
27473,1199,494,4
27474,1200,250,3.5
27475,1200,6,4
27476,1200,2,4
27477,1200,7,4
27478,1200,837,4
27479,1200,236,2.5
27480,1200,255,3
27481,1200,8,4
27482,1200,348,4
27483,1200,13,3.5
27484,1200,245,3.5
27485,1200,4,4
27486,1200,9,2.5
27487,1200,1928,4
27488,1200,11,4
27489,1200,1929,3.5
27490,1200,1930,3
27491,1200,1931,3
27492,1200,239,4
27493,1200,1748,3
27494,1200,213,3.5
27495,1200,220,3
27496,1200,1442,4
27497,1201,245,3
27498,1201,252,3.5
27499,1201,236,2.5
27500,1201,5,3.5
27501,1201,12,3
27502,1201,1932,4
27503,1201,234,3
27504,1201,13,3
27505,1201,84,2.5
27506,1201,207,1.5
27507,1201,1933,3
27508,1201,249,4
27509,1201,250,3.5
27510,1201,219,2.5
27511,1201,9,3
27512,1201,7,1
27513,1201,235,2.5
27514,1201,205,3.5
27515,1201,233,3
27516,1201,215,3.5
27517,1201,3,2.5
27518,1201,253,2.5
27519,1201,1,3.5
27520,1201,220,3
27521,1201,256,3.5
27522,1201,217,2.5
27523,1201,17,2
27524,1201,255,3.5
27525,1201,212,3.5
27526,1202,241,3.5
27527,1202,84,3
27528,1202,13,4
27529,1202,251,3
27530,1202,244,0.5
27531,1202,4,3
27532,1202,12,2.5
27533,1202,207,3
27534,1202,17,3.5
27535,1202,1,3
27536,1202,253,2
27537,1202,239,4
27538,1202,9,2.5
27539,1202,10,4
27540,1202,121,2
27541,1202,217,1
27542,1202,214,3
27543,1202,256,3
27544,1202,250,4
27545,1202,233,2.5
27546,1202,246,2.5
27547,1202,206,3
27548,1202,234,1.5
27549,1202,235,2
27550,1202,3,1.5
27551,1202,247,3
27552,1202,5,3.5
27553,1202,213,1
27554,1202,216,4
27555,1202,257,4
27556,1202,7,3.5
27557,1202,205,3.5
27558,1202,220,1.5
27559,1202,254,3
27560,1202,248,3
27561,1202,249,2.5
27562,1202,6,3.5
27563,1202,2,2.5
27564,1202,211,3
27565,1202,219,0.5
27566,1202,243,3
27567,1202,236,3.5
27568,1202,245,4
27569,1202,210,1
27570,1202,252,3
27571,1202,255,3.5
27572,1202,212,2.5
27573,1202,215,3.5
27574,1202,8,1.5
27575,1202,11,3
27576,1203,205,4
27577,1203,8,3
27578,1203,254,3.5
27579,1203,215,4
27580,1203,5,3.5
27581,1203,207,4
27582,1203,7,4
27583,1203,234,4
27584,1203,219,4
27585,1203,4,4
27586,1203,206,3
27587,1203,17,4
27588,1203,12,3.5
27589,1203,10,4
27590,1203,257,3.5
27591,1203,210,4
27592,1203,2,4
27593,1203,3,4
27594,1203,1,4
27595,1203,236,4
27596,1204,1,3
27597,1204,10,4
27598,1204,2,3.5
27599,1204,254,3
27600,1205,7,3
27601,1205,10,3.5
27602,1205,11,4
27603,1205,9,3.5
27604,1205,12,4
27605,1205,4,3
27606,1205,2,3.5
27607,1206,11,3.5
27608,1206,7,4
27609,1206,207,3.5
27610,1206,12,2.5
27611,1206,239,3.5
27612,1206,2,3
27613,1206,211,4
27614,1206,215,3.5
27615,1206,233,3
27616,1206,17,3
27617,1206,10,2
27618,1206,5,3.5
27619,1206,241,3
27620,1207,235,3
27621,1207,4,3
27622,1207,217,2
27623,1207,207,1.5
27624,1207,7,2.5
27625,1207,17,3.5
27626,1207,215,3
27627,1207,2,3.5
27628,1207,213,2
27629,1207,236,3
27630,1207,11,4
27631,1207,5,4
27632,1207,12,2
27633,1207,219,2.5
27634,1207,121,2
27635,1207,241,2.5
27636,1207,8,3
27637,1208,583,3
27638,1208,211,4
27639,1208,207,3
27640,1208,1275,3
27641,1208,746,2.5
27642,1208,318,4
27643,1208,1010,3.5
27644,1208,850,3.5
27645,1208,1639,3
27646,1208,1934,4
27647,1208,1935,3.5
27648,1208,1022,1
27649,1208,1023,3
27650,1208,91,2
27651,1208,363,4
27652,1208,1018,3.5
27653,1208,579,0.5
27654,1208,2,3.5
27655,1208,7,3.5
27656,1208,236,2.5
27657,1208,592,1.5
27658,1208,304,4
27659,1208,1020,2
27660,1208,432,3.5
27661,1208,348,2.5
27662,1208,1021,0.5
27663,1208,938,3
27664,1208,512,4
27665,1209,251,3
27666,1209,249,2.5
27667,1209,250,3
27668,1209,219,4
27669,1209,252,2.5
27670,1209,246,2
27671,1209,5,2.5
27672,1209,12,2.5
27673,1209,241,2
27674,1209,6,2
27675,1209,8,3.5
27676,1209,121,2
27677,1209,207,2.5
27678,1209,235,3.5
27679,1209,239,2
27680,1209,213,2
27681,1209,2,3
27682,1209,254,2
27683,1209,4,4
27684,1209,9,2
27685,1209,7,3.5
27686,1209,210,3
27687,1209,206,4
27688,1209,257,3
27689,1209,247,3
27690,1209,214,3
27691,1209,205,2.5
27692,1209,243,2.5
27693,1209,17,3.5
27694,1209,233,1.5
27695,1209,215,2
27696,1209,248,3
27697,1209,3,3
27698,1209,11,4
27699,1209,253,3
27700,1209,1,2
27701,1209,220,3.5
27702,1209,256,3
27703,1209,212,2.5
27704,1209,217,3
27705,1209,245,1.5
27706,1209,236,2
27707,1209,244,2.5
27708,1209,211,1.5
27709,1209,255,1.5
27710,1209,234,2.5
27711,1209,10,3.5
27712,1209,216,3
27713,1209,13,2.5
27714,1209,84,3.5
27715,1210,207,2
27716,1210,255,2.5
27717,1210,17,3
27718,1210,3,4
27719,1210,7,3.5
27720,1210,218,4
27721,1210,9,3
27722,1210,8,3
27723,1210,257,3
27724,1210,236,3
27725,1210,11,4
27726,1210,4,3.5
27727,1211,207,3.5
27728,1211,1,3.5
27729,1212,1936,2
27730,1212,17,4
27731,1212,1279,2.5
27732,1212,1608,4
27733,1212,1126,1
27734,1212,1612,4
27735,1212,1128,3
27736,1212,805,4
27737,1212,472,4
27738,1212,855,4
27739,1212,5,3.5
27740,1212,1605,3
27741,1212,1937,3.5
27742,1212,1604,3.5
27743,1212,1127,4
27744,1212,1603,4
27745,1212,1938,1
27746,1212,1939,0.5
27747,1212,1609,3
27748,1212,1007,3.5
27749,1212,758,2
27750,1212,1832,1.5
27751,1212,219,3
27752,1212,1384,1
27753,1212,1694,3
27754,1212,9,3.5
27755,1212,1036,4
27756,1212,215,3
27757,1212,1606,4
27758,1212,443,4
27759,1212,1940,2
27760,1212,1941,1.5
27761,1212,453,0.5
27762,1212,202,3
27763,1212,1596,3
27764,1212,13,3.5
27765,1212,170,4
27766,1212,1035,0.5
27767,1212,1942,4
27768,1212,24,4
27769,1212,257,3
27770,1212,1618,4
27771,1212,1802,4
27772,1212,875,3.5
27773,1212,1943,1
27774,1212,7,4
27775,1212,235,3
27776,1212,1614,4
27777,1212,1617,3.5
27778,1212,1611,3
27779,1212,1944,3.5
27780,1212,266,4
27781,1212,236,3.5
27782,1212,1383,1
27783,1212,675,4
27784,1212,2,2.5
27785,1212,1068,4
27786,1212,1747,0.5
27787,1212,1595,4
27788,1212,144,4
27789,1212,1455,4
27790,1212,876,4
27791,1212,501,4
27792,1212,1600,4
27793,1212,1945,1.5
27794,1212,1946,1.5
27795,1212,1130,2.5
27796,1212,1610,4
27797,1212,1129,1.5
27798,1212,4,2.5
27799,1212,12,0.5
27800,1212,699,4
27801,1212,1616,4
27802,1212,1619,4
27803,1212,207,2.5
27804,1212,1602,4
27805,1212,1947,4
27806,1212,1033,1
27807,1212,183,3.5
27808,1212,167,4
27809,1212,1125,1
27810,1212,1613,4
27811,1212,11,3
27812,1212,1948,3.5
27813,1212,1599,3
27814,1212,530,4
27815,1212,623,4
27816,1212,534,4
27817,1212,1949,2
27818,1212,1206,0.5
27819,1212,1607,4
27820,1212,1043,3.5
27821,1212,1598,3
27822,1212,1615,4
27823,1213,7,4
27824,1213,3,3
27825,1213,12,3
27826,1213,239,3
27827,1213,17,2.5
27828,1213,234,3.5
27829,1213,1,4
27830,1214,4,3.5
27831,1214,9,3
27832,1214,833,4
27833,1214,215,3.5
27834,1214,17,2.5
27835,1214,245,2.5
27836,1214,8,4
27837,1214,3,2.5
27838,1214,2,2
27839,1214,1950,4
27840,1214,219,2.5
27841,1214,1951,4
27842,1214,12,2
27843,1214,250,3.5
27844,1214,207,1
27845,1214,6,3
27846,1214,11,3.5
27847,1214,236,3
27848,1214,244,3
27849,1214,10,1
27850,1214,7,3
27851,1214,13,3
27852,1214,5,2
27853,1214,286,4
27854,1215,219,2.5
27855,1215,216,3.5
27856,1215,1,3.5
27857,1215,10,3.5
27858,1215,7,4
27859,1216,13,3.5
27860,1216,215,4
27861,1216,11,4
27862,1217,207,2.5
27863,1217,7,3.5
27864,1217,2,3.5
27865,1217,17,2.5
27866,1217,219,4
27867,1218,256,3.5
27868,1218,3,2.5
27869,1218,8,3.5
27870,1218,5,3
27871,1218,214,3
27872,1218,206,2.5
27873,1218,7,2.5
27874,1218,257,3.5
27875,1218,10,4
27876,1218,11,4
27877,1218,220,2.5
27878,1218,215,3.5
27879,1218,2,3.5
27880,1218,213,3.5
27881,1218,4,4
27882,1218,241,3
27883,1218,235,3.5
27884,1218,13,4
27885,1218,243,2.5
27886,1218,1,2
27887,1218,236,3
27888,1218,248,3
27889,1218,12,3
27890,1218,205,2.5
27891,1218,121,3.5
27892,1218,247,2
27893,1218,17,3
27894,1218,251,3.5
27895,1218,255,2.5
27896,1218,249,3.5
27897,1218,6,1.5
27898,1218,239,3
27899,1218,250,2
27900,1218,217,1.5
27901,1218,210,2
27902,1218,219,2.5
27903,1218,234,3
27904,1218,253,3
27905,1218,212,3
27906,1218,246,2
27907,1218,9,4
27908,1218,211,3
27909,1218,216,4
27910,1218,254,3.5
27911,1218,207,2.5
27912,1218,233,4
27913,1218,84,3
27914,1218,252,2.5
27915,1218,244,3
27916,1219,10,2
27917,1219,215,3
27918,1219,1,2
27919,1219,11,2.5
27920,1219,13,2
27921,1219,213,2
27922,1220,2,4
27923,1220,7,4
27924,1220,213,0.5
27925,1220,3,3
27926,1220,239,4
27927,1220,215,1
27928,1220,10,0.5
27929,1220,234,4
27930,1220,212,4
27931,1220,255,4
27932,1220,219,1.5
27933,1220,13,4
27934,1220,205,4
27935,1220,11,4
27936,1220,252,1.5
27937,1220,214,4
27938,1220,217,4
27939,1220,216,3.5
27940,1220,1,3
27941,1221,11,4
27942,1221,3,3
27943,1222,3,3
27944,1222,7,4
27945,1222,214,3
27946,1222,212,4
27947,1222,1,2
27948,1222,11,4
27949,1222,13,3
27950,1222,216,0.5
27951,1222,234,3
27952,1222,252,4
27953,1222,215,2
27954,1222,239,0.5
27955,1222,10,4
27956,1222,2,4
27957,1222,213,2
27958,1222,205,0.5
27959,1223,1864,3.5
27960,1223,2,3.5
27961,1223,7,4
27962,1223,278,4
27963,1223,11,2.5
27964,1223,218,4
27965,1223,932,4
27966,1223,13,3.5
27967,1223,1054,0.5
27968,1223,1199,1
27969,1223,1,3
27970,1223,1952,0.5
27971,1223,318,4
27972,1223,286,4
27973,1223,17,3.5
27974,1223,5,3.5
27975,1223,1953,4
27976,1223,220,4
27977,1224,255,2.5
27978,1224,257,2.5
27979,1224,10,4
27980,1225,249,2
27981,1225,246,0.5
27982,1225,9,3.5
27983,1225,250,0.5
27984,1225,254,2.5
27985,1225,121,1.5
27986,1225,241,2.5
27987,1225,216,0.5
27988,1225,210,4
27989,1225,252,1
27990,1225,219,1.5
27991,1225,212,2.5
27992,1225,6,3
27993,1225,11,3
27994,1225,2,1
27995,1225,8,3.5
27996,1225,245,2.5
27997,1225,248,4
27998,1225,217,2.5
27999,1225,239,3
28000,1225,253,2.5
28001,1225,220,0.5
28002,1225,243,1
28003,1225,236,2
28004,1225,244,2
28005,1225,206,1.5
28006,1225,7,1.5
28007,1225,4,1.5
28008,1225,247,3
28009,1225,257,3.5
28010,1225,12,3
28011,1225,10,3.5
28012,1225,5,1.5
28013,1225,215,2.5
28014,1225,13,2.5
28015,1225,251,2.5
28016,1225,235,1
28017,1225,3,3
28018,1225,233,3.5
28019,1225,256,4
28020,1225,205,3
28021,1225,213,2
28022,1225,255,2.5
28023,1225,207,2.5
28024,1225,214,2.5
28025,1225,1,1.5
28026,1225,84,4
28027,1225,17,2.5
28028,1225,234,1.5
28029,1225,211,3.5
28030,1226,1,3.5
28031,1226,255,3
28032,1226,121,3.5
28033,1226,220,3.5
28034,1226,214,3
28035,1226,84,1.5
28036,1226,246,2
28037,1226,12,2.5
28038,1226,247,3
28039,1226,239,3.5
28040,1226,3,3
28041,1226,256,2.5
28042,1226,210,3
28043,1226,8,3.5
28044,1226,217,3
28045,1226,206,3
28046,1226,253,2
28047,1226,212,4
28048,1226,6,3
28049,1226,4,3
28050,1226,251,3
28051,1226,241,4
28052,1226,17,3.5
28053,1226,257,3.5
28054,1226,213,2
28055,1226,219,3
28056,1226,244,3
28057,1226,207,3
28058,1226,216,4
28059,1226,254,2.5
28060,1226,235,3
28061,1226,11,3
28062,1226,250,4
28063,1226,13,3.5
28064,1226,249,2.5
28065,1226,211,3
28066,1226,2,3.5
28067,1226,233,4
28068,1226,252,2.5
28069,1226,5,3
28070,1226,215,3.5
28071,1226,7,2.5
28072,1226,243,3.5
28073,1226,234,3.5
28074,1226,10,4
28075,1226,248,2.5
28076,1226,245,2
28077,1226,236,3
28078,1226,205,3
28079,1226,9,2
28080,1227,215,0.5
28081,1228,213,2.5
28082,1228,216,2.5
28083,1228,257,4
28084,1228,243,4
28085,1228,248,1.5
28086,1228,249,3
28087,1228,2,3
28088,1228,4,2
28089,1228,207,4
28090,1228,212,2.5
28091,1228,215,4
28092,1228,11,3.5
28093,1228,84,3.5
28094,1228,13,2
28095,1228,251,3
28096,1228,206,2.5
28097,1228,1,3
28098,1228,253,0.5
28099,1228,9,2.5
28100,1228,247,2
28101,1228,10,3
28102,1228,205,3.5
28103,1228,214,2.5
28104,1228,220,3
28105,1228,256,3.5
28106,1228,250,3
28107,1228,235,2
28108,1228,3,3
28109,1229,436,4
28110,1229,17,4
28111,1229,241,2.5
28112,1229,1,3
28113,1229,205,4
28114,1229,207,3
28115,1229,253,4
28116,1229,236,3.5
28117,1229,250,2
28118,1229,7,3.5
28119,1229,2,3
28120,1229,216,2.5
28121,1229,211,1
28122,1229,1597,4
28123,1229,235,2
28124,1229,257,1
28125,1229,246,1.5
28126,1230,251,4
28127,1230,233,3.5
28128,1230,257,4
28129,1230,207,3.5
28130,1230,10,2
28131,1230,5,3
28132,1230,1,1.5
28133,1230,234,3.5
28134,1230,211,3.5
28135,1230,13,1
28136,1230,235,4
28137,1230,246,3
28138,1230,249,4
28139,1230,3,2
28140,1230,250,4
28141,1230,256,4
28142,1230,205,1
28143,1230,213,2.5
28144,1230,254,4
28145,1230,255,2.5
28146,1230,214,3
28147,1230,241,4
28148,1230,216,0.5
28149,1230,84,4
28150,1230,17,3
28151,1230,252,2.5
28152,1230,212,0.5
28153,1230,2,1
28154,1230,11,2
28155,1230,245,3.5
28156,1230,9,4
28157,1230,248,4
28158,1230,220,4
28159,1230,121,4
28160,1230,244,4
28161,1230,210,4
28162,1230,219,4
28163,1230,6,3.5
28164,1230,4,4
28165,1230,247,4
28166,1230,8,4
28167,1230,217,3.5
28168,1230,239,4
28169,1230,253,4
28170,1230,12,4
28171,1230,243,4
28172,1230,236,4
28173,1230,215,1.5
28174,1230,7,4
28175,1230,206,4
28176,1231,9,4
28177,1231,241,3
28178,1231,206,3.5
28179,1231,247,3
28180,1231,3,4
28181,1231,11,4
28182,1231,1,3.5
28183,1231,4,4
28184,1231,205,3
28185,1231,207,4
28186,1231,12,3
28187,1231,8,4
28188,1231,239,2.5
28189,1231,84,3
28190,1232,239,4
28191,1232,2,4
28192,1232,254,2
28193,1232,257,3.5
28194,1232,270,3.5
28195,1232,11,3
28196,1232,7,1.5
28197,1232,1,1
28198,1232,4,3.5
28199,1232,207,3
28200,1232,12,4
28201,1233,11,3.5
28202,1233,215,4
28203,1233,239,1.5
28204,1233,3,3.5
28205,1233,2,3.5
28206,1233,205,3.5
28207,1233,1,3.5
28208,1233,214,3
28209,1233,13,3.5
28210,1233,216,3.5
28211,1233,212,1
28212,1233,10,3
28213,1233,213,3
28214,1234,256,3.5
28215,1234,210,3
28216,1234,8,3
28217,1234,246,3.5
28218,1234,251,3
28219,1234,212,3
28220,1234,84,3
28221,1234,248,3
28222,1234,243,4
28223,1234,234,3
28224,1234,9,3
28225,1234,1,3.5
28226,1234,220,3.5
28227,1234,252,3
28228,1234,215,4
28229,1234,235,3
28230,1234,216,3
28231,1234,253,3
28232,1234,245,3
28233,1234,207,3
28234,1234,5,3.5
28235,1234,206,3.5
28236,1234,249,3
28237,1234,211,3
28238,1234,12,2.5
28239,1234,121,3.5
28240,1234,3,3
28241,1234,236,3.5
28242,1234,205,3
28243,1234,241,3
28244,1234,214,3
28245,1234,250,4
28246,1234,247,3.5
28247,1234,255,3
28248,1234,233,3
28249,1234,257,3
28250,1234,6,3
28251,1234,213,3
28252,1234,11,3.5
28253,1234,2,3.5
28254,1234,17,2.5
28255,1234,244,3
28256,1234,217,2.5
28257,1234,4,3
28258,1234,7,2.5
28259,1234,239,4
28260,1234,254,3.5
28261,1234,13,3
28262,1234,219,4
28263,1234,10,3.5
28264,1235,205,2
28265,1235,220,1.5
28266,1235,254,3.5
28267,1235,250,2.5
28268,1235,3,1
28269,1235,248,4
28270,1235,249,4
28271,1235,6,3
28272,1235,2,3.5
28273,1235,7,2
28274,1235,219,3.5
28275,1235,211,4
28276,1235,243,3.5
28277,1235,236,3
28278,1235,210,3.5
28279,1235,252,1.5
28280,1235,255,3
28281,1235,212,0.5
28282,1235,8,3
28283,1235,215,4
28284,1235,11,2.5
28285,1235,241,3
28286,1235,84,0.5
28287,1235,13,4
28288,1235,251,3
28289,1235,245,4
28290,1235,4,3
28291,1235,12,2
28292,1235,207,4
28293,1235,1,2
28294,1235,253,3.5
28295,1235,239,1
28296,1235,9,3.5
28297,1235,10,2
28298,1235,121,3
28299,1235,217,0.5
28300,1235,214,3.5
28301,1235,244,1
28302,1235,256,1.5
28303,1235,233,2.5
28304,1235,235,2.5
28305,1235,206,2
28306,1235,246,2.5
28307,1235,17,2.5
28308,1235,234,3
28309,1235,247,2.5
28310,1235,5,2.5
28311,1235,213,3.5
28312,1235,216,2.5
28313,1235,257,3.5
28314,1236,10,3.5
28315,1236,255,2.5
28316,1236,213,3.5
28317,1236,212,2.5
28318,1236,13,3
28319,1236,215,2
28320,1236,1,2.5
28321,1236,11,2.5
28322,1236,252,2
28323,1236,216,3
28324,1236,205,3
28325,1236,256,2.5
28326,1236,5,1.5
28327,1236,239,3
28328,1236,3,4
28329,1236,217,2.5
28330,1236,219,3
28331,1236,2,3.5
28332,1236,7,2
28333,1236,234,3.5
28334,1236,214,3
28335,1237,270,4
28336,1237,1302,4
28337,1237,85,4
28338,1237,1711,4
28339,1238,84,4
28340,1238,13,4
28341,1238,251,4
28342,1238,245,3.5
28343,1238,4,2.5
28344,1238,207,3
28345,1238,1,4
28346,1238,253,3
28347,1238,239,4
28348,1238,9,4
28349,1238,10,4
28350,1238,121,4
28351,1238,217,4
28352,1238,214,4
28353,1238,244,3.5
28354,1238,256,4
28355,1238,235,4
28356,1238,233,4
28357,1238,12,3.5
28358,1238,206,4
28359,1238,246,4
28360,1238,17,4
28361,1238,234,3
28362,1238,247,4
28363,1238,5,4
28364,1238,213,4
28365,1238,216,4
28366,1238,257,3
28367,1238,205,4
28368,1238,220,4
28369,1238,250,3.5
28370,1238,254,4
28371,1238,3,3.5
28372,1238,248,4
28373,1238,249,3
28374,1238,6,4
28375,1238,2,3.5
28376,1238,7,3
28377,1238,219,4
28378,1238,211,4
28379,1238,243,4
28380,1238,236,3.5
28381,1238,210,4
28382,1238,252,4
28383,1238,255,3
28384,1238,212,4
28385,1238,8,3
28386,1238,215,4
28387,1238,11,3.5
28388,1238,241,4
28389,1239,219,2.5
28390,1239,6,3
28391,1239,11,3.5
28392,1239,2,4
28393,1239,9,4
28394,1239,217,3.5
28395,1239,253,2
28396,1239,220,3
28397,1239,236,4
28398,1239,206,3
28399,1239,247,3
28400,1239,8,4
28401,1239,239,3
28402,1239,12,2.5
28403,1239,215,3.5
28404,1239,7,4
28405,1239,13,3
28406,1239,3,3
28407,1239,233,2.5
28408,1239,205,4
28409,1239,213,3
28410,1239,207,2.5
28411,1239,10,2.5
28412,1239,1,3
28413,1239,17,3.5
28414,1239,211,3.5
28415,1239,246,4
28416,1239,216,0.5
28417,1240,213,2.5
28418,1240,11,2.5
28419,1240,10,2.5
28420,1240,13,2.5
28421,1241,247,4
28422,1241,2,2
28423,1241,7,1.5
28424,1241,233,3
28425,1241,219,2.5
28426,1241,212,4
28427,1241,12,2.5
28428,1241,1,2.5
28429,1241,254,4
28430,1241,250,2
28431,1241,6,1.5
28432,1241,11,1.5
28433,1241,236,3.5
28434,1241,249,2
28435,1241,257,1.5
28436,1241,84,2.5
28437,1241,244,2
28438,1241,10,2
28439,1241,210,2.5
28440,1241,9,3.5
28441,1241,248,2.5
28442,1241,13,3.5
28443,1241,5,2.5
28444,1241,213,2
28445,1241,252,0.5
28446,1241,241,3
28447,1241,216,1
28448,1241,246,3.5
28449,1241,206,2
28450,1241,4,1
28451,1241,217,3
28452,1241,121,2.5
28453,1241,256,2
28454,1241,215,2
28455,1241,17,2
28456,1241,205,4
28457,1241,255,4
28458,1241,214,3
28459,1241,220,3.5
28460,1241,243,1
28461,1241,245,2.5
28462,1241,239,3.5
28463,1241,234,3.5
28464,1241,207,1.5
28465,1241,251,3
28466,1241,235,3.5
28467,1241,253,1.5
28468,1241,8,3.5
28469,1241,211,3
28470,1241,3,3.5
28471,1242,11,4
28472,1242,2,3.5
28473,1242,3,4
28474,1242,7,3
28475,1242,215,4
28476,1243,12,3
28477,1243,206,2
28478,1243,7,2
28479,1243,257,2.5
28480,1243,235,3
28481,1243,1,3
28482,1243,207,3.5
28483,1244,17,4
28484,1244,11,3
28485,1244,1954,4
28486,1244,278,4
28487,1244,805,4
28488,1244,1955,0.5
28489,1244,211,0.5
28490,1244,318,0.5
28491,1244,1019,0.5
28492,1244,5,3.5
28493,1244,59,0.5
28494,1244,1060,0.5
28495,1244,1357,0.5
28496,1244,1956,0.5
28497,1244,207,3
28498,1244,213,3
28499,1244,2,0.5
28500,1244,254,3.5
28501,1244,9,3
28502,1244,7,3
28503,1244,1957,3.5
28504,1244,96,4
28505,1245,17,4
28506,1245,13,3
28507,1246,235,1.5
28508,1246,205,1.5
28509,1246,239,1
28510,1246,213,1.5
28511,1246,2,1
28512,1246,4,0.5
28513,1246,248,2
28514,1246,210,0.5
28515,1246,233,0.5
28516,1246,215,2
28517,1246,3,1
28518,1246,253,0.5
28519,1246,1,1
28520,1246,220,2.5
28521,1246,256,1
28522,1246,214,0.5
28523,1246,217,2
28524,1246,243,4
28525,1246,17,1.5
28526,1246,11,2
28527,1246,211,1
28528,1246,10,0.5
28529,1246,255,1
28530,1246,212,1
28531,1246,245,1.5
28532,1246,252,3
28533,1246,236,4
28534,1246,244,1
28535,1246,5,1.5
28536,1246,12,4
28537,1246,241,0.5
28538,1246,6,0.5
28539,1246,8,1.5
28540,1246,234,0.5
28541,1246,216,2.5
28542,1246,13,3
28543,1246,121,4
28544,1246,251,1
28545,1246,84,0.5
28546,1246,207,0.5
28547,1246,249,2.5
28548,1246,250,1
28549,1246,219,1.5
28550,1246,254,0.5
28551,1246,9,4
28552,1246,7,2
28553,1246,246,2
28554,1246,206,1.5
28555,1246,257,4
28556,1246,247,1
28557,1247,787,4
28558,1247,7,4
28559,1247,11,3.5
28560,1248,13,4
28561,1248,235,4
28562,1248,3,3
28563,1248,213,3
28564,1248,216,2
28565,1248,17,3
28566,1248,252,3.5
28567,1248,2,3.5
28568,1248,246,4
28569,1248,121,4
28570,1248,219,4
28571,1248,11,4
28572,1248,8,4
28573,1248,239,4
28574,1248,236,4
28575,1248,7,4
28576,1248,233,4
28577,1248,207,3
28578,1248,10,4
28579,1248,1,2.5
28580,1248,215,4
28581,1249,1958,1
28582,1249,171,2
28583,1249,1959,4
28584,1249,383,1.5
28585,1249,1578,3
28586,1249,215,4
28587,1249,61,4
28588,1249,243,3.5
28589,1249,11,3.5
28590,1249,214,3
28591,1249,7,3
28592,1249,253,3
28593,1249,46,2
28594,1249,59,4
28595,1249,1960,2
28596,1249,1582,2
28597,1249,1395,3
28598,1249,252,2.5
28599,1249,1961,1
28600,1249,1187,2
28601,1249,395,4
28602,1249,25,3
28603,1249,150,4
28604,1249,179,0.5
28605,1249,1010,3
28606,1249,84,4
28607,1249,206,4
28608,1249,36,0.5
28609,1249,1576,1.5
28610,1249,377,3
28611,1249,210,3
28612,1249,156,0.5
28613,1249,250,3.5
28614,1249,152,3.5
28615,1249,919,1
28616,1249,211,3.5
28617,1249,1569,2
28618,1249,1124,0.5
28619,1249,154,3
28620,1249,257,3
28621,1249,1574,1
28622,1249,219,3.5
28623,1249,1581,2
28624,1249,1583,3.5
28625,1249,236,3.5
28626,1249,72,3
28627,1249,6,3
28628,1249,146,1.5
28629,1249,149,1.5
28630,1249,40,2
28631,1249,42,4
28632,1249,1962,2
28633,1249,170,1
28634,1249,1963,2
28635,1249,4,0.5
28636,1249,255,3.5
28637,1249,2,3
28638,1249,1964,2
28639,1249,3,3
28640,1249,32,1.5
28641,1249,246,3.5
28642,1249,1965,3
28643,1249,8,4
28644,1249,17,3
28645,1249,194,3
28646,1249,705,3.5
28647,1249,98,3.5
28648,1249,204,3.5
28649,1249,239,3.5
28650,1249,67,1
28651,1249,141,2.5
28652,1249,157,3
28653,1249,401,4
28654,1249,12,2.5
28655,1249,1577,3
28656,1249,1580,2
28657,1249,158,1
28658,1249,1966,1
28659,1249,128,3
28660,1249,233,3.5
28661,1249,254,3
28662,1249,251,3.5
28663,1249,1579,3
28664,1249,464,4
28665,1249,65,2.5
28666,1249,191,3
28667,1249,160,1
28668,1249,207,3
28669,1249,121,3.5
28670,1249,56,1.5
28671,1249,119,1.5
28672,1249,120,3.5
28673,1249,122,2.5
28674,1249,1571,1.5
28675,1249,1967,2.5
28676,1249,1572,3.5
28677,1249,113,0.5
28678,1249,585,2.5
28679,1249,460,4
28680,1249,124,1
28681,1249,1570,3
28682,1249,125,0.5
28683,1249,37,4
28684,1249,5,3.5
28685,1249,220,3
28686,1249,244,3
28687,1249,9,3
28688,1249,1968,2.5
28689,1250,241,3.5
28690,1250,216,2
28691,1250,219,2
28692,1250,11,3
28693,1250,245,2.5
28694,1250,253,3
28695,1250,220,3
28696,1250,236,2.5
28697,1250,4,3
28698,1250,247,3.5
28699,1250,239,3.5
28700,1250,12,3
28701,1250,10,3
28702,1250,215,2
28703,1250,13,3.5
28704,1250,251,2
28705,1250,3,2
28706,1250,213,2.5
28707,1250,214,3
28708,1250,5,3
28709,1250,1,3.5
28710,1250,211,3.5
28711,1250,249,3
28712,1250,254,3
28713,1251,236,3.5
28714,1251,13,3.5
28715,1251,11,3.5
28716,1251,1,3
28717,1251,220,3.5
28718,1251,239,4
28719,1251,2,3.5
28720,1251,216,4
28721,1251,254,4
28722,1251,84,3.5
28723,1251,17,4
28724,1251,213,4
28725,1251,10,4
28726,1251,3,3
28727,1252,4,1.5
28728,1252,219,4
28729,1252,1,3
28730,1252,235,3
28731,1252,247,2.5
28732,1252,252,3
28733,1252,245,3
28734,1252,206,3
28735,1252,121,3.5
28736,1252,12,2.5
28737,1252,250,4
28738,1252,6,2.5
28739,1252,220,3
28740,1252,244,2.5
28741,1252,257,3
28742,1252,13,3.5
28743,1252,11,3
28744,1252,5,2.5
28745,1252,207,3.5
28746,1252,205,4
28747,1252,251,3.5
28748,1252,216,3
28749,1252,253,2.5
28750,1252,84,3
28751,1252,217,3
28752,1252,233,2.5
28753,1252,215,3
28754,1252,213,3.5
28755,1252,8,3.5
28756,1252,17,2.5
28757,1252,255,2.5
28758,1252,241,3.5
28759,1252,236,3.5
28760,1252,9,2.5
28761,1252,3,3.5
28762,1252,254,2.5
28763,1252,239,2.5
28764,1252,210,3
28765,1252,10,4
28766,1252,211,4
28767,1253,7,4
28768,1253,11,4
28769,1253,205,3.5
28770,1254,241,3.5
28771,1254,235,1
28772,1254,13,3
28773,1254,243,1.5
28774,1254,7,2
28775,1254,206,4
28776,1254,257,2
28777,1254,1,3
28778,1254,248,3.5
28779,1254,236,4
28780,1254,12,1.5
28781,1254,247,2
28782,1254,17,3
28783,1254,2,4
28784,1254,249,3.5
28785,1254,4,4
28786,1254,217,1
28787,1254,210,2.5
28788,1254,219,1.5
28789,1254,234,3.5
28790,1254,253,2
28791,1254,246,4
28792,1254,9,3.5
28793,1254,205,4
28794,1254,121,3.5
28795,1254,216,4
28796,1254,251,3
28797,1254,255,3.5
28798,1254,239,2.5
28799,1254,207,3.5
28800,1254,6,4
28801,1254,250,1.5
28802,1254,233,4
28803,1254,84,2.5
28804,1254,244,2.5
28805,1254,212,4
28806,1254,245,1.5
28807,1254,211,3
28808,1254,254,3.5
28809,1254,256,2
28810,1254,3,4
28811,1254,5,3
28812,1254,8,3.5
28813,1254,214,2.5
28814,1254,252,3
28815,1254,10,4
28816,1254,11,4
28817,1254,220,0.5
28818,1254,215,2.5
28819,1254,213,3
28820,1255,10,3
28821,1255,215,3
28822,1255,968,3.5
28823,1255,13,3.5
28824,1255,255,3.5
28825,1255,425,3.5
28826,1255,207,2.5
28827,1255,214,2
28828,1255,1,3
28829,1255,234,3
28830,1255,211,3
28831,1255,235,1.5
28832,1255,1059,3.5
28833,1255,250,3
28834,1255,9,3
28835,1255,1182,4
28836,1255,419,3.5
28837,1255,943,3.5
28838,1255,1969,3
28839,1255,84,3
28840,1255,219,3
28841,1255,11,3.5
28842,1255,473,3.5
28843,1255,245,4
28844,1255,217,2
28845,1255,220,3
28846,1255,236,3
28847,1255,7,3
28848,1255,206,2
28849,1255,8,4
28850,1255,239,3.5
28851,1255,12,2
28852,1256,220,2
28853,1257,234,3.5
28854,1257,253,4
28855,1257,246,4
28856,1257,9,4
28857,1257,205,0.5
28858,1257,121,3
28859,1257,216,3.5
28860,1257,251,3.5
28861,1257,255,2
28862,1257,207,2.5
28863,1257,250,4
28864,1257,233,3.5
28865,1257,219,4
28866,1257,212,4
28867,1257,245,3
28868,1257,211,4
28869,1257,254,2.5
28870,1257,3,4
28871,1257,8,3.5
28872,1257,5,3
28873,1257,214,4
28874,1257,11,3.5
28875,1257,215,3.5
28876,1257,463,4
28877,1257,213,3
28878,1257,241,2.5
28879,1257,13,3.5
28880,1257,243,2.5
28881,1257,206,2.5
28882,1257,7,3.5
28883,1257,1,3.5
28884,1257,236,4
28885,1257,12,2
28886,1257,247,3
28887,1257,17,4
28888,1257,2,0.5
28889,1257,249,3.5
28890,1257,4,3.5
28891,1257,210,3
28892,1258,7,3
28893,1258,219,4
28894,1258,12,3
28895,1258,212,3
28896,1258,250,3
28897,1258,1,4
28898,1258,11,3
28899,1258,257,3
28900,1258,244,3
28901,1258,10,3
28902,1258,210,4
28903,1258,13,4
28904,1258,213,4
28905,1258,241,3
28906,1258,216,3
28907,1258,217,3.5
28908,1258,1481,4
28909,1258,215,3
28910,1258,17,1
28911,1258,205,4
28912,1258,243,1
28913,1258,245,2
28914,1258,207,3
28915,1258,251,3
28916,1258,235,2
28917,1258,253,4
28918,1258,211,4
28919,1258,3,3.5
28920,1259,12,3
28921,1259,235,3.5
28922,1259,1,2
28923,1259,257,3
28924,1260,3,4
28925,1261,6,1.5
28926,1261,239,3
28927,1261,250,4
28928,1261,217,3.5
28929,1261,210,3
28930,1261,219,2
28931,1261,234,3
28932,1261,253,2.5
28933,1261,212,2
28934,1261,246,3
28935,1261,9,3
28936,1261,245,3
28937,1261,211,4
28938,1261,216,2
28939,1261,254,3
28940,1261,207,2.5
28941,1261,233,3
28942,1261,84,3
28943,1261,252,2.5
28944,1261,244,3
28945,1261,3,3.5
28946,1261,5,3.5
28947,1261,8,4
28948,1261,214,3.5
28949,1261,7,3.5
28950,1261,206,2.5
28951,1261,257,3
28952,1261,10,2.5
28953,1261,11,4
28954,1261,220,3
28955,1261,215,4
28956,1261,2,2.5
28957,1261,213,4
28958,1261,4,4
28959,1261,241,2.5
28960,1261,235,2
28961,1261,13,4
28962,1261,1,2.5
28963,1261,236,3
28964,1261,12,2
28965,1261,205,4
28966,1261,121,3.5
28967,1261,247,3
28968,1261,17,3.5
28969,1261,251,3
28970,1261,255,2
28971,1262,2,3
28972,1262,215,4
28973,1262,213,3.5
28974,1262,10,3.5
28975,1262,3,3.5
28976,1262,11,4
28977,1262,212,1
28978,1262,13,4
28979,1263,17,3
28980,1263,233,3
28981,1263,215,3.5
28982,1263,11,3
28983,1263,1,2.5
28984,1263,253,3
28985,1263,211,1
28986,1263,212,2.5
28987,1263,245,2.5
28988,1263,252,2.5
28989,1263,236,4
28990,1263,244,3.5
28991,1263,5,2.5
28992,1263,241,0.5
28993,1263,6,3
28994,1263,8,3.5
28995,1263,10,3.5
28996,1263,234,2
28997,1263,255,1.5
28998,1263,216,2.5
28999,1263,13,2
29000,1263,84,2
29001,1263,207,4
29002,1263,251,2.5
29003,1263,249,2
29004,1263,250,1.5
29005,1263,219,4
29006,1263,254,1
29007,1263,246,4
29008,1263,206,3
29009,1263,247,3
29010,1263,235,1
29011,1263,205,2
29012,1263,239,2.5
29013,1263,213,3.5
29014,1263,2,2
29015,1263,4,3
29016,1263,210,3.5
29017,1263,7,2.5
29018,1263,248,3
29019,1263,3,2
29020,1263,256,1.5
29021,1263,214,4
29022,1263,217,4
29023,1264,262,2.5
29024,1265,213,4
29025,1265,11,3
29026,1265,244,4
29027,1265,3,3
29028,1265,4,3.5
29029,1265,215,4
29030,1265,5,4
29031,1265,13,3.5
29032,1265,255,4
29033,1265,1212,4
29034,1265,211,3.5
29035,1265,257,2.5
29036,1266,218,4
29037,1266,220,4
29038,1267,2,2.5
29039,1267,7,4
29040,1267,219,2
29041,1267,252,2.5
29042,1267,255,2.5
29043,1267,212,2.5
29044,1267,215,4
29045,1267,13,1.5
29046,1267,1,2
29047,1267,10,4
29048,1267,11,3
29049,1267,217,1.5
29050,1267,17,1.5
29051,1267,239,1.5
29052,1267,5,2.5
29053,1267,213,1
29054,1267,216,3.5
29055,1267,205,3.5
29056,1267,214,3
29057,1267,246,3.5
29058,1267,234,4
29059,1267,3,3.5
29060,1268,235,2
29061,1268,207,2.5
29062,1268,13,3.5
29063,1268,17,4
29064,1268,2,3.5
29065,1268,1,2
29066,1268,7,4
29067,1268,236,3.5
29068,1268,217,3
29069,1268,205,3.5
29070,1268,250,3.5
29071,1268,12,3
29072,1268,211,4
29073,1269,213,2.5
29074,1269,7,3.5
29075,1269,254,3.5
29076,1269,1097,4
29077,1269,1970,2.5
29078,1269,2,3
29079,1269,1274,4
29080,1269,219,2.5
29081,1269,236,3.5
29082,1269,805,3.5
29083,1269,207,3
29084,1269,8,3
29085,1269,241,3.5
29086,1269,17,2.5
29087,1269,239,3
29088,1269,5,2.5
29089,1269,1173,3
29090,1269,1971,2
29091,1269,1972,4
29092,1270,8,1.5
29093,1270,11,3
29094,1270,17,1.5
29095,1270,712,3
29096,1270,449,1
29097,1270,728,3.5
29098,1270,2,2.5
29099,1270,499,3.5
29100,1270,439,3.5
29101,1271,1,3
29102,1271,236,4
29103,1271,12,3.5
29104,1271,205,2
29105,1271,121,3
29106,1271,255,2.5
29107,1271,239,3.5
29108,1271,217,2.5
29109,1271,210,2
29110,1271,219,2
29111,1271,234,1.5
29112,1271,253,2
29113,1271,212,3
29114,1271,246,2.5
29115,1271,9,4
29116,1271,245,3.5
29117,1271,211,3
29118,1271,216,4
29119,1271,254,3.5
29120,1271,207,2.5
29121,1271,233,3
29122,1271,84,3
29123,1271,244,2
29124,1271,11,3.5
29125,1271,3,3
29126,1271,13,2.5
29127,1271,8,4
29128,1271,5,3.5
29129,1271,214,3.5
29130,1271,206,3.5
29131,1271,7,2.5
29132,1271,10,2.5
29133,1271,220,3.5
29134,1271,215,4
29135,1271,463,4
29136,1271,1965,4
29137,1271,17,3.5
29138,1271,2,1.5
29139,1271,213,3.5
29140,1271,4,3
29141,1271,241,2.5
29142,1272,236,3.5
29143,1272,207,2
29144,1272,7,2
29145,1272,215,1.5
29146,1272,1,3
29147,1272,17,3
29148,1272,877,3.5
29149,1272,257,3.5
29150,1272,400,4
29151,1272,211,4
29152,1272,2,3
29153,1273,2,4
29154,1273,217,2
29155,1273,3,2.5
29156,1273,205,3
29157,1273,5,3
29158,1273,7,3.5
29159,1273,235,3.5
29160,1273,215,3
29161,1273,8,0.5
29162,1273,17,3
29163,1273,13,2
29164,1273,1,3
29165,1273,207,2
29166,1273,10,3
29167,1273,210,3
29168,1273,213,3
29169,1274,12,3
29170,1274,247,3
29171,1274,220,3.5
29172,1274,239,3
29173,1274,3,3.5
29174,1274,256,2
29175,1274,210,2.5
29176,1274,8,2.5
29177,1274,217,2.5
29178,1274,206,2
29179,1274,253,2.5
29180,1274,6,4
29181,1274,4,4
29182,1274,241,4
29183,1274,257,3
29184,1274,17,3.5
29185,1274,213,3
29186,1274,219,4
29187,1274,244,2.5
29188,1274,207,3.5
29189,1274,216,3
29190,1274,254,2.5
29191,1274,235,1.5
29192,1274,11,4
29193,1274,249,2
29194,1274,2,4
29195,1274,212,3
29196,1274,233,3.5
29197,1274,252,4
29198,1274,251,3.5
29199,1274,5,4
29200,1274,243,2.5
29201,1274,215,3
29202,1274,234,4
29203,1274,250,3.5
29204,1274,248,2
29205,1274,236,3.5
29206,1274,211,3
29207,1274,13,4
29208,1274,205,2.5
29209,1274,9,4
29210,1274,1,2.5
29211,1274,121,2
29212,1274,7,2.5
29213,1274,255,3.5
29214,1274,214,3.5
29215,1274,84,3.5
29216,1274,10,4
29217,1274,245,3
29218,1274,246,2.5
29219,1275,13,3
29220,1276,216,3.5
29221,1276,235,3
29222,1276,239,4
29223,1277,236,3
29224,1277,17,3.5
29225,1277,1973,4
29226,1277,1032,3.5
29227,1277,7,3
29228,1277,2,4
29229,1278,11,3.5
29230,1278,5,3
29231,1278,205,3.5
29232,1278,219,4
29233,1278,10,3
29234,1278,9,4
29235,1278,745,3
29236,1278,17,1.5
29237,1278,4,3.5
29238,1278,13,3
29239,1278,207,4
29240,1278,7,3.5
29241,1279,2,2.5
29242,1279,4,3.5
29243,1279,235,4
29244,1279,210,4
29245,1279,243,3
29246,1279,236,2.5
29247,1279,1,4
29248,1279,248,2.5
29249,1279,12,3
29250,1279,205,3.5
29251,1279,121,1.5
29252,1279,247,3.5
29253,1279,216,3.5
29254,1279,251,3
29255,1279,255,3.5
29256,1279,249,3.5
29257,1279,6,3
29258,1279,239,3
29259,1279,250,3
29260,1279,217,4
29261,1279,219,3.5
29262,1279,84,3
29263,1279,244,3.5
29264,1279,234,3.5
29265,1279,253,3.5
29266,1279,212,3.5
29267,1279,246,2.5
29268,1279,9,2.5
29269,1279,245,3
29270,1279,211,4
29271,1279,254,3
29272,1279,207,4
29273,1279,3,4
29274,1279,8,3.5
29275,1279,214,3
29276,1279,233,3.5
29277,1279,252,4
29278,1279,11,3
29279,1279,213,3
29280,1279,241,3
29281,1279,256,3.5
29282,1279,13,2.5
29283,1279,5,3.5
29284,1279,206,1.5
29285,1279,7,4
29286,1279,257,2
29287,1279,10,3.5
29288,1279,220,2
29289,1279,215,2.5
29290,1279,17,3
29291,1280,3,3
29292,1280,10,3.5
29293,1280,212,3.5
29294,1280,13,4
29295,1280,121,4
29296,1280,244,3.5
29297,1280,206,3.5
29298,1280,6,3
29299,1280,252,3
29300,1280,220,2.5
29301,1280,251,3.5
29302,1280,5,4
29303,1280,235,1
29304,1280,249,3
29305,1281,241,3.5
29306,1281,84,4
29307,1281,219,2.5
29308,1281,12,2.5
29309,1281,121,3
29310,1282,8,4
29311,1282,9,4
29312,1282,220,3.5
29313,1282,255,3.5
29314,1282,1,2
29315,1282,211,4
29316,1282,2,3.5
29317,1282,7,4
29318,1282,239,3
29319,1282,17,3.5
29320,1282,236,3.5
29321,1283,256,3
29322,1283,250,2
29323,1283,233,3.5
29324,1283,206,4
29325,1283,246,3
29326,1283,234,4
29327,1283,3,3
29328,1283,216,3
29329,1283,213,3
29330,1283,257,4
29331,1283,7,4
29332,1283,243,3.5
29333,1283,210,0.5
29334,1283,254,4
29335,1283,248,3
29336,1283,249,3.5
29337,1283,6,4
29338,1283,2,4
29339,1283,219,3
29340,1283,211,3
29341,1283,236,4
29342,1283,245,2
29343,1283,4,4
29344,1283,207,3.5
29345,1283,252,2.5
29346,1283,255,3.5
29347,1283,212,3.5
29348,1283,8,4
29349,1283,215,3.5
29350,1283,11,4
29351,1283,241,2.5
29352,1283,84,3.5
29353,1283,13,2.5
29354,1283,251,1.5
29355,1283,244,3
29356,1283,12,4
29357,1283,17,4
29358,1283,1,3
29359,1283,253,3
29360,1283,239,3
29361,1283,247,0.5
29362,1283,121,3
29363,1283,10,2.5
29364,1283,5,4
29365,1283,217,2.5
29366,1283,205,3.5
29367,1283,214,3
29368,1284,7,3
29369,1284,84,3.5
29370,1284,9,3
29371,1284,234,3.5
29372,1284,215,4
29373,1284,250,3.5
29374,1284,1,4
29375,1284,11,3
29376,1284,5,4
29377,1284,255,3
29378,1284,12,2.5
29379,1284,6,3.5
29380,1284,236,3.5
29381,1284,254,3
29382,1284,217,3.5
29383,1284,207,3
29384,1284,211,4
29385,1284,213,4
29386,1284,3,4
29387,1284,17,3
29388,1284,8,2.5
29389,1285,215,0.5
29390,1285,213,3.5
29391,1286,5,3
29392,1286,6,2.5
29393,1286,207,2.5
29394,1286,121,3
29395,1286,244,3
29396,1286,7,3
29397,1286,211,3.5
29398,1286,234,4
29399,1286,11,3
29400,1286,219,4
29401,1286,253,4
29402,1286,257,2.5
29403,1286,233,3
29404,1286,250,4
29405,1286,206,4
29406,1286,3,4
29407,1286,17,2.5
29408,1286,12,3
29409,1286,247,3
29410,1286,220,3
29411,1286,246,3
29412,1286,249,4
29413,1286,239,3.5
29414,1286,10,3.5
29415,1286,212,4
29416,1286,214,2.5
29417,1286,210,4
29418,1286,2,2.5
29419,1286,1,3
29420,1286,8,2
29421,1286,254,3
29422,1286,251,4
29423,1286,243,2
29424,1286,245,4
29425,1286,217,3
29426,1286,236,3.5
29427,1286,213,3
29428,1286,235,2
29429,1286,1925,4
29430,1286,255,3.5
29431,1286,216,4
29432,1286,252,4
29433,1286,205,4
29434,1286,256,4
29435,1286,241,4
29436,1286,248,4
29437,1286,13,4
29438,1286,215,4
29439,1287,5,3.5
29440,1287,218,4
29441,1287,336,4
29442,1287,11,2.5
29443,1287,213,3
29444,1287,8,3
29445,1287,211,2.5
29446,1287,1919,0.5
29447,1287,207,2
29448,1287,939,4
29449,1287,7,4
29450,1287,17,3.5
29451,1287,2,3.5
29452,1287,434,4
29453,1287,675,4
29454,1287,12,2
29455,1287,9,2.5
29456,1288,620,3.5
29457,1288,251,3
29458,1288,405,4
29459,1288,1801,3
29460,1288,1932,3.5
29461,1288,4,3
29462,1288,207,2.5
29463,1288,1,3
29464,1288,253,3.5
29465,1288,9,3.5
29466,1288,1101,4
29467,1288,242,3.5
29468,1288,1974,4
29469,1288,274,1
29470,1288,641,3.5
29471,1288,593,3
29472,1288,793,3
29473,1288,1026,3.5
29474,1288,1975,4
29475,1288,12,3.5
29476,1288,17,3
29477,1288,235,2
29478,1288,848,3.5
29479,1288,638,3
29480,1288,798,3.5
29481,1288,431,3.5
29482,1288,5,3
29483,1288,1030,3.5
29484,1288,678,1.5
29485,1288,843,1
29486,1288,205,4
29487,1288,388,1.5
29488,1288,250,4
29489,1288,307,4
29490,1288,597,3
29491,1288,3,3.5
29492,1288,1178,3.5
29493,1288,1200,1
29494,1288,668,3
29495,1288,6,2.5
29496,1288,1203,4
29497,1288,2,4
29498,1288,1201,3.5
29499,1288,365,3.5
29500,1288,7,3
29501,1288,219,3.5
29502,1288,236,3.5
29503,1288,26,4
29504,1288,596,3.5
29505,1288,1275,3.5
29506,1288,215,3.5
29507,1288,8,3
29508,1288,746,4
29509,1288,11,4
29510,1289,1259,4
29511,1289,210,2.5
29512,1289,8,3
29513,1289,217,3
29514,1289,84,2.5
29515,1289,206,3
29516,1289,253,2.5
29517,1289,297,4
29518,1289,6,3
29519,1289,1694,4
29520,1289,247,2.5
29521,1289,216,2.5
29522,1289,3,2.5
29523,1289,256,2.5
29524,1289,235,2.5
29525,1289,2,2.5
29526,1289,212,2.5
29527,1289,4,3
29528,1289,267,4
29529,1289,251,3
29530,1289,278,3.5
29531,1289,241,3
29532,1289,199,4
29533,1289,17,3
29534,1289,257,2.5
29535,1289,213,3
29536,1289,219,3.5
29537,1289,215,4
29538,1289,244,2
29539,1289,207,2
29540,1289,434,4
29541,1289,254,2.5
29542,1289,51,3.5
29543,1289,11,3.5
29544,1289,250,3
29545,1289,236,3
29546,1289,249,2
29547,1289,211,3
29548,1289,13,3
29549,1289,205,3
29550,1289,233,3
29551,1289,252,3.5
29552,1289,292,3.5
29553,1289,1173,4
29554,1289,178,4
29555,1289,5,3
29556,1289,1,2.5
29557,1289,7,3
29558,1289,243,3
29559,1289,214,2
29560,1289,234,2.5
29561,1289,10,2.5
29562,1289,248,2
29563,1289,245,3
29564,1289,246,3.5
29565,1289,64,3.5
29566,1289,240,3.5
29567,1289,1937,3.5
29568,1289,12,2
29569,1289,9,3.5
29570,1289,242,3.5
29571,1289,220,2.5
29572,1289,121,2.5
29573,1289,255,2.5
29574,1289,239,2
29575,1290,8,3
29576,1290,239,3.5
29577,1290,7,4
29578,1290,5,3.5
29579,1290,11,4
29580,1290,213,3
29581,1290,207,3.5
29582,1290,236,0.5
29583,1290,254,3
29584,1290,251,3
29585,1290,244,3
29586,1290,241,3
29587,1290,210,3
29588,1290,13,3
29589,1290,245,3.5
29590,1291,213,4
29591,1291,257,3
29592,1291,2,4
29593,1291,7,4
29594,1291,219,3
29595,1291,236,3.5
29596,1291,215,4
29597,1291,13,4
29598,1291,4,4
29599,1291,207,3.5
29600,1291,255,4
29601,1291,212,4
29602,1291,10,4
29603,1291,8,3
29604,1291,11,4
29605,1291,251,3
29606,1291,12,4
29607,1291,206,4
29608,1291,235,3
29609,1291,1,4
29610,1291,9,3
29611,1291,216,4
29612,1291,205,4
29613,1291,250,3.5
29614,1291,234,3.5
29615,1291,3,4
29616,1292,12,3
29617,1292,206,2.5
29618,1292,17,0.5
29619,1292,1,4
29620,1292,253,2
29621,1292,239,3
29622,1292,9,2
29623,1292,247,2.5
29624,1292,10,1.5
29625,1292,5,2
29626,1292,121,3.5
29627,1292,217,1.5
29628,1292,205,4
29629,1292,220,4
29630,1292,256,2
29631,1292,233,3
29632,1292,250,2
29633,1292,234,2.5
29634,1292,1976,3.5
29635,1292,246,1
29636,1292,235,3.5
29637,1292,3,3.5
29638,1292,213,3
29639,1292,216,0.5
29640,1292,257,0.5
29641,1292,243,2.5
29642,1292,210,2
29643,1292,254,3
29644,1292,248,2
29645,1292,249,2
29646,1292,6,3.5
29647,1292,2,4
29648,1292,219,1.5
29649,1292,211,3
29650,1292,236,2.5
29651,1292,245,3.5
29652,1292,4,1
29653,1292,207,3.5
29654,1292,252,2.5
29655,1292,255,2.5
29656,1292,8,4
29657,1292,215,2
29658,1292,11,1.5
29659,1292,241,3.5
29660,1292,84,2
29661,1292,13,3.5
29662,1292,251,2
29663,1293,220,4
29664,1293,6,4
29665,1293,7,2.5
29666,1293,239,2.5
29667,1293,11,3.5
29668,1293,216,4
29669,1293,251,4
29670,1293,13,2.5
29671,1293,250,3.5
29672,1293,207,3.5
29673,1293,12,3.5
29674,1293,245,4
29675,1293,4,3.5
29676,1293,2,4
29677,1293,211,4
29678,1294,1977,4
29679,1294,211,3.5
29680,1294,213,2.5
29681,1294,245,3.5
29682,1294,219,4
29683,1294,253,4
29684,1294,3,3
29685,1294,9,4
29686,1295,235,1.5
29687,1295,239,2
29688,1295,213,1
29689,1295,2,1.5
29690,1295,219,1
29691,1295,254,1.5
29692,1295,4,1
29693,1295,7,0.5
29694,1295,206,4
29695,1295,257,2
29696,1295,247,2
29697,1295,214,1.5
29698,1295,205,4
29699,1295,17,3
29700,1295,210,3
29701,1295,233,0.5
29702,1295,248,1.5
29703,1295,3,1.5
29704,1295,11,1.5
29705,1295,253,2
29706,1295,1,2
29707,1295,220,2.5
29708,1295,256,1.5
29709,1295,212,1.5
29710,1295,217,2.5
29711,1295,243,0.5
29712,1295,245,3
29713,1295,244,2
29714,1295,211,1
29715,1295,234,0.5
29716,1295,10,3
29717,1295,255,2
29718,1295,13,4
29719,1295,84,1.5
29720,1295,249,3
29721,1295,250,4
29722,1295,252,0.5
29723,1295,246,2
29724,1295,5,1
29725,1295,241,3
29726,1295,6,2.5
29727,1295,8,1.5
29728,1295,216,2
29729,1295,121,1.5
29730,1295,207,3
29731,1295,251,3
29732,1296,219,4
29733,1296,5,4
29734,1296,252,4
29735,1296,13,3.5
29736,1296,7,3
29737,1296,1,4
29738,1296,207,4
29739,1296,255,3.5
29740,1296,8,3
29741,1296,215,3.5
29742,1296,233,3.5
29743,1296,10,3
29744,1296,254,3
29745,1297,1590,4
29746,1297,213,2
29747,1297,255,3
29748,1297,1591,3
29749,1297,84,4
29750,1297,234,1
29751,1297,246,4
29752,1297,245,3
29753,1297,220,3.5
29754,1297,210,3
29755,1297,219,3
29756,1297,6,3.5
29757,1297,11,3.5
29758,1297,217,4
29759,1297,239,2.5
29760,1297,236,2
29761,1297,1978,3.5
29762,1297,206,3
29763,1297,7,1.5
29764,1297,247,4
29765,1297,1829,3.5
29766,1297,233,3
29767,1297,12,3
29768,1297,207,2.5
29769,1297,10,2
29770,1297,5,3.5
29771,1297,215,3
29772,1297,211,3.5
29773,1297,13,3.5
29774,1297,235,3
29775,1297,3,3
29776,1298,1979,3.5
29777,1298,7,3.5
29778,1298,1980,2.5
29779,1298,787,2.5
29780,1299,286,4
29781,1299,236,4
29782,1299,13,4
29783,1299,545,3.5
29784,1299,1513,2.5
29785,1299,7,4
29786,1299,1981,2.5
29787,1299,1290,0.5
29788,1299,605,1.5
29789,1299,17,3.5
29790,1299,11,4
29791,1299,4,4
29792,1299,406,3.5
29793,1299,1362,3
29794,1299,207,2
29795,1300,13,3
29796,1300,215,4
29797,1300,217,3
29798,1300,5,3
29799,1300,6,3.5
29800,1300,207,3
29801,1300,7,4
29802,1300,241,4
29803,1300,211,4
29804,1300,234,4
29805,1300,11,4
29806,1300,219,4
29807,1300,253,4
29808,1300,4,4
29809,1300,233,3.5
29810,1300,206,3
29811,1300,3,3
29812,1300,244,2.5
29813,1300,17,4
29814,1300,247,4
29815,1300,246,2.5
29816,1300,239,2.5
29817,1300,10,4
29818,1300,212,3
29819,1300,9,4
29820,1300,214,3
29821,1300,210,2
29822,1300,2,2
29823,1300,1,3
29824,1300,245,3.5
29825,1300,236,3.5
29826,1300,213,3.5
29827,1300,255,4
29828,1300,216,2.5
29829,1300,205,2.5
29830,1300,252,3
29831,1300,256,3
29832,1300,8,3
29833,1301,13,3.5
29834,1301,205,2
29835,1301,249,2.5
29836,1301,10,1.5
29837,1301,256,3.5
29838,1301,215,3
29839,1301,220,1.5
29840,1301,236,2.5
29841,1301,213,2.5
29842,1301,11,4
29843,1301,9,4
29844,1301,246,1
29845,1302,6,4
29846,1302,239,2.5
29847,1302,250,3.5
29848,1302,217,3.5
29849,1302,210,2.5
29850,1302,219,3
29851,1302,234,3.5
29852,1302,253,4
29853,1302,246,2.5
29854,1302,9,3
29855,1302,245,3
29856,1302,211,3
29857,1302,216,4
29858,1302,254,3.5
29859,1302,207,4
29860,1302,214,3
29861,1302,233,2.5
29862,1302,84,3
29863,1302,244,3
29864,1302,11,3
29865,1302,13,4
29866,1302,3,3.5
29867,1302,8,3.5
29868,1302,5,4
29869,1302,7,3
29870,1302,257,3
29871,1302,10,4
29872,1302,220,3
29873,1302,215,3
29874,1302,17,3
29875,1302,2,4
29876,1302,213,2.5
29877,1302,4,3
29878,1302,241,4
29879,1302,235,3
29880,1302,243,3
29881,1302,1,4
29882,1302,236,3
29883,1302,12,3
29884,1302,205,4
29885,1302,251,3.5
29886,1302,255,4
29887,1303,1353,4
29888,1304,10,2
29889,1304,9,4
29890,1304,210,1
29891,1304,8,4
29892,1304,220,3
29893,1304,215,3
29894,1304,253,0.5
29895,1304,245,3
29896,1304,206,4
29897,1304,246,3
29898,1304,251,3
29899,1304,212,3
29900,1304,248,2
29901,1304,243,2.5
29902,1304,234,2
29903,1304,1,4
29904,1304,241,1
29905,1304,252,0.5
29906,1304,235,1
29907,1304,216,1
29908,1304,255,4
29909,1304,207,3.5
29910,1304,5,4
29911,1304,249,1.5
29912,1304,211,3
29913,1304,257,4
29914,1304,12,4
29915,1304,121,3
29916,1304,6,4
29917,1304,3,2.5
29918,1304,236,4
29919,1304,205,3
29920,1304,214,2.5
29921,1304,250,4
29922,1304,247,4
29923,1304,7,4
29924,1304,233,3
29925,1304,219,4
29926,1304,213,2.5
29927,1304,256,2.5
29928,1304,11,4
29929,1304,2,4
29930,1304,17,4
29931,1304,217,0.5
29932,1304,244,0.5
29933,1304,4,4
29934,1304,239,3
29935,1304,254,3.5
29936,1304,13,1.5
29937,1304,84,4
29938,1305,5,4
29939,1305,6,4
29940,1305,330,3
29941,1305,435,4
29942,1305,2,3
29943,1305,17,3.5
29944,1305,793,4
29945,1305,4,4
29946,1305,7,2
29947,1305,239,3
29948,1305,13,1
29949,1305,8,4
29950,1305,11,4
29951,1305,9,4
29952,1305,1,1
29953,1305,215,3.5
29954,1305,211,2.5
29955,1305,12,2
29956,1305,236,4
29957,1306,13,4
29958,1306,215,2
29959,1306,9,1.5
29960,1307,7,3.5
29961,1307,251,3
29962,1307,213,1
29963,1307,1982,4
29964,1307,207,3
29965,1307,5,3.5
29966,1307,1,2.5
29967,1307,17,3.5
29968,1307,234,3
29969,1307,250,3
29970,1307,216,4
29971,1307,242,4
29972,1307,11,3
29973,1307,9,3
29974,1307,521,4
29975,1307,236,3.5
29976,1307,206,3.5
29977,1307,4,3
29978,1307,247,2.5
29979,1307,8,2.5
29980,1307,257,3
29981,1307,239,1
29982,1307,12,2
29983,1308,8,4
29984,1308,3,3
29985,1308,17,4
29986,1308,2,4
29987,1308,255,3
29988,1308,214,3
29989,1308,234,3.5
29990,1308,250,3.5
29991,1308,207,4
29992,1308,251,3
29993,1308,235,2.5
29994,1308,253,3.5
29995,1308,236,4
29996,1308,211,4
29997,1308,247,3.5
29998,1308,7,3
29999,1308,13,4
30000,1308,1,4
30001,1308,249,3
30002,1308,216,4
30003,1308,244,3.5
30004,1308,9,4
30005,1308,215,4
30006,1308,205,3
30007,1308,217,3
30008,1308,220,2.5
30009,1309,1350,4
30010,1309,1,4
30011,1309,2,4
30012,1310,8,3
30013,1310,5,3
30014,1310,17,3.5
30015,1310,241,2.5
30016,1310,12,3.5
30017,1310,207,2.5
30018,1310,219,3
30019,1310,235,1.5
30020,1310,9,3
30021,1310,236,3.5
30022,1310,7,3.5
30023,1310,1,2.5
30024,1310,205,3
30025,1310,206,2.5
30026,1311,255,3
30027,1311,10,4
30028,1311,7,3
30029,1311,254,3
30030,1311,257,3.5
30031,1311,1,3.5
30032,1311,213,3.5
30033,1311,11,4
30034,1311,9,3.5
30035,1311,12,3.5
30036,1311,84,3
30037,1311,4,3
30038,1311,219,3.5
30039,1312,1,3
30040,1312,207,3
30041,1312,3,3
30042,1312,213,4
30043,1312,2,4
30044,1312,7,1
30045,1312,235,2
30046,1312,13,3
30047,1312,239,4
30048,1312,10,4
30049,1313,1598,4
30050,1313,215,1
30051,1314,13,3.5
30052,1314,206,4
30053,1315,13,2.5
30054,1315,1,2
30055,1315,11,3
30056,1315,10,3
30057,1315,213,2.5
30058,1315,3,3.5
30059,1315,215,2.5
30060,1316,254,1
30061,1316,257,3
30062,1316,219,1
30063,1316,10,4
30064,1316,241,3
30065,1316,11,2.5
30066,1316,12,4
30067,1316,7,3.5
30068,1316,1,2
30069,1316,216,4
30070,1317,257,3
30071,1317,9,3
30072,1317,11,4
30073,1317,7,4
30074,1317,213,3.5
30075,1317,3,4
30076,1317,217,3
30077,1317,1,4
30078,1317,239,3
30079,1317,13,3
30080,1317,5,4
30081,1317,233,3
30082,1317,253,4
30083,1317,220,3
30084,1317,10,2.5
30085,1317,8,3
30086,1318,241,4
30087,1318,12,4
30088,1318,257,4
30089,1318,236,4
30090,1318,211,4
30091,1318,247,4
30092,1318,8,4
30093,1318,13,3
30094,1318,234,3.5
30095,1318,10,4
30096,1318,219,4
30097,1318,2,2.5
30098,1318,6,4
30099,1318,243,4
30100,1318,210,4
30101,1318,244,4
30102,1318,11,4
30103,1318,212,2.5
30104,1318,249,4
30105,1318,3,2.5
30106,1318,233,4
30107,1318,251,4
30108,1318,248,4
30109,1318,250,4
30110,1318,254,4
30111,1318,256,4
30112,1318,4,4
30113,1318,121,4
30114,1318,239,2
30115,1318,213,3.5
30116,1318,253,4
30117,1318,206,4
30118,1318,235,4
30119,1318,84,4
30120,1318,216,2.5
30121,1318,215,4
30122,1318,217,3.5
30123,1318,220,4
30124,1318,7,2.5
30125,1318,246,4
30126,1318,1,2.5
30127,1318,9,4
30128,1318,252,3
30129,1318,17,4
30130,1318,205,3.5
30131,1318,207,4
30132,1318,5,4
30133,1318,255,4
30134,1318,245,4
30135,1318,214,2.5
30136,1319,7,3.5
30137,1319,207,3
30138,1319,235,3
30139,1319,1,3.5
30140,1320,17,3
30141,1320,7,4
30142,1321,4,4
30143,1321,17,0.5
30144,1321,11,4
30145,1321,13,3
30146,1322,213,2.5
30147,1323,215,4
30148,1324,10,3.5
30149,1324,3,4
30150,1324,11,4
30151,1324,1,3.5
30152,1324,205,4
30153,1324,12,4
30154,1324,250,4
30155,1324,7,4
30156,1324,2,4
30157,1324,216,3
30158,1324,234,4
30159,1324,219,4
30160,1324,252,3.5
30161,1325,12,3
30162,1325,1218,3
30163,1325,4,4
30164,1325,8,3.5
30165,1325,207,2.5
30166,1325,255,2.5
30167,1325,17,2.5
30168,1325,239,3
30169,1325,7,3
30170,1325,549,4
30171,1325,3,3.5
30172,1325,215,3
30173,1325,236,3
30174,1325,11,4
30175,1326,205,3.5
30176,1326,9,1.5
30177,1326,8,3.5
30178,1327,17,3
30179,1327,2,2.5
30180,1327,3,2.5
30181,1327,7,2.5
30182,1327,207,3
30183,1328,292,4
30184,1328,565,4
30185,1328,1767,0.5
30186,1328,7,4
30187,1328,313,4
30188,1328,985,3.5
30189,1328,1368,4
30190,1328,1340,4
30191,1328,257,3.5
30192,1328,1766,3.5
30193,1328,213,3
30194,1328,11,2.5
30195,1328,1765,4
30196,1328,286,4
30197,1329,215,4
30198,1329,253,3.5
30199,1329,11,4
30200,1329,10,3.5
30201,1329,6,3.5
30202,1329,17,4
30203,1329,13,3.5
30204,1329,206,4
30205,1329,2,4
30206,1329,213,3.5
30207,1329,207,4
30208,1329,7,4
30209,1329,216,3
30210,1330,1556,3
30211,1330,1555,3.5
30212,1330,1864,1.5
30213,1331,363,4
30214,1331,1121,2
30215,1332,2,3.5
30216,1332,4,3.5
30217,1332,7,4
30218,1332,13,3.5
30219,1332,11,4
30220,1332,217,3
30221,1332,251,4
30222,1332,212,3.5
30223,1332,10,4
30224,1332,234,3.5
30225,1332,235,3.5
30226,1332,216,3.5
30227,1332,207,3
30228,1332,211,3
30229,1332,3,4
30230,1332,205,3.5
30231,1332,1,4
30232,1332,241,4
30233,1332,252,3
30234,1332,233,3
30235,1332,213,3.5
30236,1333,1638,4
30237,1333,1983,3.5
30238,1333,341,3
30239,1333,1675,4
30240,1333,1057,1
30241,1333,205,4
30242,1333,1342,1
30243,1333,9,4
30244,1333,211,3
30245,1333,1604,4
30246,1333,1768,4
30247,1333,198,2
30248,1333,1984,3
30249,1333,4,1
30250,1333,1872,4
30251,1333,1,3
30252,1333,1985,3.5
30253,1333,1740,3
30254,1333,1986,2.5
30255,1333,563,4
30256,1333,1987,1.5
30257,1333,1988,4
30258,1333,11,1
30259,1333,1989,2.5
30260,1333,169,2
30261,1333,1990,2.5
30262,1333,1732,3
30263,1333,1018,3
30264,1333,1991,2.5
30265,1333,253,0.5
30266,1333,1123,4
30267,1333,1867,3.5
30268,1333,1992,2.5
30269,1333,433,0.5
30270,1333,220,1.5
30271,1333,1657,1
30272,1333,3,4
30273,1333,269,4
30274,1333,344,3
30275,1333,1993,2
30276,1333,1994,4
30277,1333,1995,2
30278,1333,17,2
30279,1333,1996,2.5
30280,1333,493,3.5
30281,1333,1997,2
30282,1333,1998,0.5
30283,1333,1999,3
30284,1333,2000,2.5
30285,1333,2001,1
30286,1333,2002,3.5
30287,1333,2003,2
30288,1333,12,0.5
30289,1333,2004,2.5
30290,1333,7,1
30291,1333,1451,4
30292,1333,2005,0.5
30293,1333,1702,2
30294,1333,2006,3.5
30295,1333,2007,1
30296,1333,2008,1
30297,1333,2009,3
30298,1333,5,4
30299,1333,1037,3
30300,1333,2010,3.5
30301,1333,560,4
30302,1333,292,4
30303,1333,1844,3
30304,1333,799,4
30305,1333,2,3.5
30306,1333,2011,1.5
30307,1333,1198,4
30308,1333,1831,3
30309,1333,425,4
30310,1333,358,3
30311,1333,2012,1
30312,1333,254,4
30313,1333,2013,4
30314,1333,2014,4
30315,1333,555,3.5
30316,1333,1597,2.5
30317,1333,2015,3.5
30318,1333,2016,3
30319,1333,2017,1.5
30320,1333,355,1.5
30321,1333,514,3
30322,1333,367,3.5
30323,1333,2018,4
30324,1333,1945,4
30325,1333,1703,1
30326,1333,1054,3
30327,1333,638,3
30328,1333,1368,4
30329,1333,1873,4
30330,1333,289,4
30331,1333,554,2.5
30332,1333,2019,3.5
30333,1333,2020,2.5
30334,1333,2021,2.5
30335,1333,905,3.5
30336,1333,928,1
30337,1333,1649,0.5
30338,1333,103,3
30339,1333,2022,4
30340,1333,8,4
30341,1333,241,1
30342,1333,763,0.5
30343,1333,2023,2.5
30344,1333,611,4
30345,1333,217,3.5
30346,1333,13,2
30347,1333,472,0.5
30348,1333,236,4
30349,1333,206,2.5
30350,1333,2024,3.5
30351,1334,7,4
30352,1334,257,2
30353,1334,1,3
30354,1334,207,3
30355,1335,251,3.5
30356,1335,244,3
30357,1335,17,0.5
30358,1335,12,4
30359,1335,206,3.5
30360,1335,1,2
30361,1335,235,2.5
30362,1335,253,3.5
30363,1335,239,3.5
30364,1335,9,3.5
30365,1335,247,3
30366,1335,5,4
30367,1335,216,1.5
30368,1335,217,3.5
30369,1335,205,3
30370,1335,214,3.5
30371,1335,220,3
30372,1335,256,3
30373,1335,233,2.5
30374,1335,250,3.5
30375,1335,246,2.5
30376,1335,234,2.5
30377,1335,3,3
30378,1335,213,2.5
30379,1335,257,2
30380,1335,7,3.5
30381,1335,219,2.5
30382,1335,243,2.5
30383,1335,236,3.5
30384,1335,210,3.5
30385,1335,254,2
30386,1335,215,3
30387,1335,241,3
30388,1335,248,2.5
30389,1335,249,3
30390,1335,6,3
30391,1335,13,3
30392,1335,2,3.5
30393,1335,211,1
30394,1335,245,2.5
30395,1335,4,2.5
30396,1335,207,2
30397,1335,252,3.5
30398,1335,255,3
30399,1335,212,3
30400,1335,10,2.5
30401,1335,121,2.5
30402,1335,8,4
30403,1335,11,3
30404,1335,84,3
30405,1336,2025,3.5
30406,1336,236,0.5
30407,1336,2026,4
30408,1336,608,2.5
30409,1336,316,4
30410,1336,2027,2
30411,1336,2028,3.5
30412,1336,2029,2.5
30413,1336,787,3
30414,1336,332,4
30415,1336,888,4
30416,1336,1766,2.5
30417,1336,2030,2.5
30418,1336,1501,4
30419,1336,12,2
30420,1336,11,3
30421,1336,38,3.5
30422,1336,1481,3.5
30423,1336,242,4
30424,1336,274,2
30425,1336,958,3
30426,1336,2031,2
30427,1336,536,4
30428,1337,213,3
30429,1337,10,4
30430,1337,13,4
30431,1337,215,3.5
30432,1337,11,2.5
30433,1338,3,2
30434,1338,2,2
30435,1338,243,3.5
30436,1338,219,2.5
30437,1338,212,2.5
30438,1338,234,2
30439,1338,254,4
30440,1338,250,2
30441,1338,11,1.5
30442,1338,236,2
30443,1338,249,1
30444,1338,84,3
30445,1338,247,2
30446,1338,244,2
30447,1338,10,2
30448,1338,7,2.5
30449,1338,210,2
30450,1338,233,4
30451,1338,13,2
30452,1338,1,2.5
30453,1338,5,3
30454,1338,252,4
30455,1338,241,4
30456,1338,257,0.5
30457,1338,206,2
30458,1338,4,2
30459,1338,217,2.5
30460,1338,256,3
30461,1338,215,0.5
30462,1338,213,2.5
30463,1338,318,4
30464,1338,246,3
30465,1338,214,2.5
30466,1338,220,2
30467,1338,121,2.5
30468,1338,245,3
30469,1338,239,2.5
30470,1338,251,2
30471,1338,8,4
30472,1338,211,2
30473,1339,13,2.5
30474,1339,7,3.5
30475,1339,2,3.5
30476,1340,17,2.5
30477,1340,245,2.5
30478,1340,236,2
30479,1340,7,3
30480,1340,207,1.5
30481,1341,207,3.5
30482,1341,17,4
30483,1341,10,1
30484,1341,239,3
30485,1341,7,3.5
30486,1341,218,3.5
30487,1341,236,3.5
30488,1341,5,3.5
30489,1341,12,3
30490,1341,219,2
30491,1341,8,3
30492,1342,215,4
30493,1342,17,4
30494,1342,205,3.5
30495,1342,255,4
30496,1342,214,1.5
30497,1342,220,3
30498,1342,239,4
30499,1342,245,4
30500,1342,234,4
30501,1342,599,2
30502,1342,207,3.5
30503,1342,251,4
30504,1342,253,4
30505,1342,8,3.5
30506,1342,211,4
30507,1342,3,3.5
30508,1342,247,3.5
30509,1342,2,3.5
30510,1342,7,4
30511,1342,233,3.5
30512,1342,243,2.5
30513,1342,219,4
30514,1342,212,4
30515,1342,12,4
30516,1342,250,4
30517,1342,1,2.5
30518,1342,11,4
30519,1342,236,3.5
30520,1342,249,4
30521,1342,244,0.5
30522,1342,1302,3
30523,1342,210,3.5
30524,1342,1666,4
30525,1342,9,3.5
30526,1342,13,4
30527,1342,806,0.5
30528,1342,5,3.5
30529,1342,252,1.5
30530,1342,659,1
30531,1342,216,4
30532,1342,206,3.5
30533,1342,4,4
30534,1342,217,3.5
30535,1343,3,4
30536,1343,213,2
30537,1343,214,1.5
30538,1343,241,3
30539,1343,216,3
30540,1343,17,1
30541,1343,11,3.5
30542,1343,2,3
30543,1343,9,3
30544,1343,254,1.5
30545,1343,219,4
30546,1343,6,2.5
30547,1343,4,3
30548,1343,8,3
30549,1343,239,3
30550,1343,12,3.5
30551,1343,253,2.5
30552,1343,236,3.5
30553,1343,215,2
30554,1343,206,3
30555,1343,7,4
30556,1343,251,2.5
30557,1343,207,4
30558,1343,10,3.5
30559,1343,5,3
30560,1343,1,3.5
30561,1343,234,3.5
30562,1343,211,2.5
30563,1343,13,3.5
30564,1343,235,3
30565,1344,269,3
30566,1344,258,3.5
30567,1344,477,1.5
30568,1344,278,3.5
30569,1344,1637,4
30570,1344,17,2
30571,1344,91,3.5
30572,1345,206,4
30573,1345,7,1.5
30574,1345,213,4
30575,1345,216,4
30576,1345,9,4
30577,1345,250,3.5
30578,1345,11,4
30579,1345,215,3.5
30580,1345,6,3.5
30581,1345,1,4
30582,1345,219,4
30583,1345,5,3.5
30584,1346,1,3
30585,1346,206,2.5
30586,1346,3,3
30587,1346,241,3.5
30588,1346,12,1
30589,1346,10,1.5
30590,1346,235,2.5
30591,1346,693,3.5
30592,1347,257,2.5
30593,1347,12,2.5
30594,1347,215,3
30595,1347,13,3.5
30596,1347,251,2.5
30597,1347,233,3
30598,1347,213,3
30599,1347,207,1
30600,1347,5,3.5
30601,1347,1,1.5
30602,1347,17,2.5
30603,1347,211,4
30604,1347,250,3
30605,1347,9,3
30606,1347,254,1
30607,1347,216,1.5
30608,1347,219,3
30609,1347,11,3.5
30610,1347,8,3
30611,1347,245,3.5
30612,1347,217,2
30613,1347,239,2.5
30614,1347,220,3.5
30615,1347,236,4
30616,1347,7,3.5
30617,1348,233,2.5
30618,1348,213,3.5
30619,1348,257,2.5
30620,1348,548,3
30621,1348,207,1
30622,1348,5,2
30623,1348,1,2
30624,1348,297,4
30625,1348,17,2
30626,1348,211,4
30627,1348,13,3.5
30628,1348,235,1
30629,1348,250,3.5
30630,1348,486,4
30631,1348,216,1
30632,1348,11,3
30633,1348,245,3
30634,1348,9,3
30635,1348,217,2.5
30636,1348,220,3.5
30637,1348,244,1.5
30638,1348,219,3
30639,1348,6,2
30640,1348,4,2
30641,1348,8,3
30642,1348,239,2.5
30643,1348,12,2.5
30644,1348,236,4
30645,1348,215,3.5
30646,1348,7,3.5
30647,1348,251,2
30648,1349,13,3.5
30649,1349,215,3
30650,1350,84,3
30651,1350,17,3
30652,1350,253,3.5
30653,1350,3,3
30654,1350,13,4
30655,1350,211,3
30656,1350,254,4
30657,1350,217,3.5
30658,1350,8,3
30659,1350,244,3
30660,1350,255,3.5
30661,1350,235,3
30662,1350,245,3
30663,1350,7,3
30664,1350,239,3
30665,1350,213,3
30666,1350,1,3.5
30667,1351,12,2.5
30668,1351,8,0.5
30669,1351,121,1
30670,1351,235,3
30671,1351,207,3.5
30672,1351,13,3.5
30673,1351,7,3.5
30674,1351,17,4
30675,1351,206,3
30676,1351,2,4
30677,1351,1,3
30678,1352,247,2.5
30679,1352,220,3
30680,1352,246,3
30681,1352,249,3.5
30682,1352,212,4
30683,1352,9,4
30684,1352,235,3.5
30685,1352,255,4
30686,1352,210,3
30687,1352,2,4
30688,1352,1,3
30689,1352,8,4
30690,1352,13,4
30691,1352,251,3
30692,1352,245,3.5
30693,1352,236,4
30694,1352,217,3
30695,1352,213,3.5
30696,1352,216,3.5
30697,1352,252,3
30698,1352,205,4
30699,1352,256,3.5
30700,1352,248,4
30701,1352,215,4
30702,1352,11,4
30703,1352,84,4
30704,1352,253,4
30705,1352,5,4
30706,1352,4,4
30707,1352,6,4
30708,1352,207,3
30709,1352,121,3.5
30710,1352,244,3
30711,1352,7,3
30712,1352,211,4
30713,1352,234,3
30714,1352,219,3.5
30715,1352,239,3
30716,1352,10,3.5
30717,1352,214,3.5
30718,1352,257,3
30719,1352,233,3.5
30720,1352,250,3.5
30721,1352,206,3
30722,1352,3,4
30723,1352,17,4
30724,1352,12,3
30725,1353,11,3
30726,1353,2,4
30727,1354,1,4
30728,1354,7,4
30729,1354,13,4
30730,1354,215,4
30731,1354,3,3
30732,1354,11,4
30733,1354,2,4
30734,1355,236,1
30735,1355,582,1.5
30736,1355,593,4
30737,1355,10,3
30738,1355,13,4
30739,1355,84,2.5
30740,1355,345,4
30741,1355,5,2.5
30742,1355,12,0.5
30743,1355,241,3.5
30744,1355,216,3
30745,1355,207,3
30746,1355,251,3
30747,1355,235,1
30748,1355,309,4
30749,1355,595,2
30750,1355,254,4
30751,1355,7,2.5
30752,1355,1279,3.5
30753,1355,597,1.5
30754,1355,313,1.5
30755,1355,239,1.5
30756,1355,17,3.5
30757,1355,442,2
30758,1355,522,4
30759,1355,3,3
30760,1355,594,0.5
30761,1355,253,3.5
30762,1355,587,0.5
30763,1355,217,3.5
30764,1355,585,1
30765,1356,11,1
30766,1356,3,0.5
30767,1356,215,4
30768,1356,214,2.5
30769,1356,213,1.5
30770,1356,1,1.5
30771,1356,13,2
30772,1356,10,1
30773,1357,522,4
30774,1357,169,3.5
30775,1357,709,4
30776,1357,696,4
30777,1357,746,4
30778,1357,397,3.5
30779,1357,1,4
30780,1357,2,4
30781,1357,3,3
30782,1357,743,0.5
30783,1357,716,4
30784,1358,2,3.5
30785,1358,10,4
30786,1359,207,3.5
30787,1359,11,3
30788,1359,496,2
30789,1359,7,3.5
30790,1359,17,4
30791,1359,12,3
30792,1359,1,3
30793,1359,2,3.5
30794,1359,434,4
30795,1359,2032,4
30796,1359,10,3
30797,1359,8,4
30798,1360,2,4
30799,1360,12,1
30800,1360,253,4
30801,1360,13,3.5
30802,1360,241,3
30803,1360,805,4
30804,1360,787,4
30805,1360,477,4
30806,1360,7,4
30807,1360,536,3.5
30808,1360,3,3.5
30809,1360,215,3.5
30810,1360,410,4
30811,1360,781,1.5
30812,1361,215,3.5
30813,1361,205,3
30814,1361,432,3.5
30815,1361,246,3
30816,1361,206,3.5
30817,1361,255,3
30818,1361,220,4
30819,1361,239,3.5
30820,1361,100,2
30821,1361,8,3.5
30822,1361,318,4
30823,1361,3,2.5
30824,1361,17,3
30825,1361,512,4
30826,1361,2,4
30827,1361,12,3.5
30828,1361,250,4
30829,1361,207,4
30830,1361,251,4
30831,1361,11,3
30832,1361,236,3
30833,1361,247,4
30834,1361,7,4
30835,1361,219,3.5
30836,1361,1,3
30837,1361,5,2.5
30838,1361,216,4
30839,1361,257,3
30840,1361,92,3
30841,1362,236,3.5
30842,1362,215,4
30843,1362,257,4
30844,1363,235,2.5
30845,1363,11,3.5
30846,1363,253,2.5
30847,1363,236,4
30848,1363,247,2.5
30849,1363,244,2.5
30850,1363,10,3.5
30851,1363,7,2.5
30852,1363,210,3
30853,1363,233,3.5
30854,1363,219,3.5
30855,1363,13,3
30856,1363,1,2.5
30857,1363,5,3.5
30858,1363,6,4
30859,1363,252,2.5
30860,1363,249,2.5
30861,1363,216,3
30862,1363,257,2.5
30863,1363,84,3
30864,1363,9,4
30865,1363,248,2.5
30866,1363,215,3.5
30867,1363,213,3.5
30868,1363,241,2.5
30869,1363,205,4
30870,1363,206,3
30871,1363,246,2.5
30872,1363,4,3
30873,1363,255,3.5
30874,1363,217,2.5
30875,1363,220,3
30876,1363,121,3.5
30877,1363,245,2.5
30878,1363,239,2.5
30879,1363,256,2.5
30880,1363,251,2.5
30881,1363,8,2.5
30882,1363,211,3.5
30883,1363,3,4
30884,1363,17,3.5
30885,1363,2,1.5
30886,1363,214,2.5
30887,1363,243,2.5
30888,1363,12,1.5
30889,1363,234,2
30890,1363,212,2.5
30891,1363,254,2.5
30892,1363,250,2.5
30893,1363,207,1.5
30894,1364,7,2.5
30895,1364,3,2
30896,1365,207,2
30897,1365,4,3.5
30898,1365,2,2
30899,1365,511,4
30900,1365,253,3.5
30901,1365,478,4
30902,1365,255,2
30903,1365,488,3.5
30904,1365,414,4
30905,1365,1695,4
30906,1365,5,3
30907,1365,11,4
30908,1366,10,3
30909,1366,245,3
30910,1366,12,4
30911,1366,3,3.5
30912,1366,217,3.5
30913,1366,206,2.5
30914,1366,253,2.5
30915,1366,17,2.5
30916,1366,257,1.5
30917,1366,219,3.5
30918,1366,207,3
30919,1366,216,3.5
30920,1366,249,4
30921,1366,2,3
30922,1366,212,3
30923,1366,251,3.5
30924,1366,5,2
30925,1366,241,2.5
30926,1366,244,3.5
30927,1366,254,2.5
30928,1366,234,4
30929,1366,250,4
30930,1366,13,3.5
30931,1366,211,4
30932,1366,9,3
30933,1366,1,2
30934,1366,7,3
30935,1366,255,4
30936,1366,214,3.5
30937,1367,9,4
30938,1367,215,3.5
30939,1367,216,3
30940,1367,121,4
30941,1367,8,4
30942,1367,3,3.5
30943,1367,17,4
30944,1367,2,3.5
30945,1367,255,3
30946,1367,207,3.5
30947,1367,236,4
30948,1367,211,4
30949,1367,10,3.5
30950,1367,7,3.5
30951,1367,219,4
30952,1367,13,3.5
30953,1367,12,3
30954,1367,1,4
30955,1367,6,4
30956,1367,11,4
30957,1368,7,4
30958,1368,235,2.5
30959,1368,2,4
30960,1368,205,3.5
30961,1368,1,3.5
30962,1368,241,3.5
30963,1368,6,3
30964,1368,10,0.5
30965,1368,4,4
30966,1368,8,3.5
30967,1368,215,3
30968,1368,219,3
30969,1368,11,4
30970,1368,5,3.5
30971,1368,12,4
30972,1369,236,2
30973,1369,5,3.5
30974,1369,12,2.5
30975,1369,278,4
30976,1369,8,3.5
30977,1369,220,3.5
30978,1369,3,3.5
30979,1369,207,4
30980,1369,7,3
30981,1369,239,2.5
30982,1370,236,3
30983,1370,210,3
30984,1370,252,3
30985,1370,254,3
30986,1370,212,3.5
30987,1370,8,3
30988,1370,215,2.5
30989,1370,241,3
30990,1370,248,3
30991,1370,13,4
30992,1370,211,3
30993,1370,245,3
30994,1370,4,3
30995,1370,207,3
30996,1370,1,3.5
30997,1370,9,3
30998,1370,255,3
30999,1370,10,3
31000,1370,121,3
31001,1370,11,4
31002,1370,84,3
31003,1370,251,3
31004,1370,244,3
31005,1370,12,3
31006,1370,206,3
31007,1370,17,2.5
31008,1370,235,3
31009,1370,253,3
31010,1370,239,4
31011,1370,247,3
31012,1370,5,3.5
31013,1370,213,3.5
31014,1370,216,3.5
31015,1370,257,3
31016,1370,217,3
31017,1370,205,4
31018,1370,214,3.5
31019,1370,220,3
31020,1370,256,3
31021,1370,250,3
31022,1370,233,3
31023,1370,246,3
31024,1370,234,3.5
31025,1370,3,3
31026,1370,249,3
31027,1370,6,3
31028,1370,2,3.5
31029,1370,7,4
31030,1370,219,3
31031,1370,243,3
31032,1371,7,4
31033,1371,9,3
31034,1371,219,3
31035,1371,17,3.5
31036,1371,241,3.5
31037,1371,207,3.5
31038,1371,2,3
31039,1372,219,4
31040,1372,5,4
31041,1372,8,3.5
31042,1372,2,3
31043,1372,1,3.5
31044,1372,9,3.5
31045,1372,211,4
31046,1372,10,3
31047,1372,239,4
31048,1372,11,3
31049,1372,215,4
31050,1372,250,4
31051,1372,7,4
31052,1372,17,4
31053,1372,254,4
31054,1372,255,4
31055,1372,236,4
31056,1372,13,4
31057,1372,207,2.5
31058,1373,251,1
31059,1373,241,0.5
31060,1373,13,3
31061,1373,215,2.5
31062,1374,2,3.5
31063,1374,211,3.5
31064,1374,2033,3.5
31065,1374,476,4
31066,1374,7,3
31067,1375,245,2.5
31068,1375,250,3
31069,1375,9,3
31070,1375,254,2
31071,1375,220,2.5
31072,1375,121,2.5
31073,1375,241,3
31074,1375,216,2.5
31075,1375,210,3.5
31076,1375,252,2.5
31077,1375,219,3
31078,1375,212,2.5
31079,1375,6,2.5
31080,1375,11,4
31081,1375,2,2
31082,1375,8,2.5
31083,1375,248,2
31084,1375,217,2.5
31085,1375,239,3
31086,1375,253,3.5
31087,1375,243,2.5
31088,1375,236,3
31089,1375,244,3.5
31090,1375,7,3.5
31091,1375,206,2.5
31092,1375,251,1.5
31093,1375,4,3.5
31094,1375,247,2
31095,1375,257,2.5
31096,1375,12,2.5
31097,1375,207,2.5
31098,1375,10,3
31099,1375,5,3
31100,1375,1,0.5
31101,1375,215,4
31102,1375,211,2.5
31103,1375,13,3.5
31104,1375,235,3
31105,1375,233,3
31106,1375,3,2.5
31107,1375,256,1.5
31108,1375,205,4
31109,1375,213,4
31110,1375,255,3
31111,1375,214,3
31112,1375,84,2.5
31113,1375,17,2.5
31114,1375,234,3
31115,1375,249,1.5
31116,1375,246,3.5
31117,1376,5,2.5
31118,1376,4,4
31119,1376,255,4
31120,1376,234,3.5
31121,1376,8,2.5
31122,1376,11,4
31123,1376,9,3
31124,1376,2,3.5
31125,1377,234,4
31126,1377,7,2.5
31127,1377,216,3.5
31128,1377,5,3.5
31129,1377,207,3
31130,1377,236,3.5
31131,1378,9,4
31132,1378,236,3
31133,1378,205,3.5
31134,1378,255,3.5
31135,1378,5,4
31136,1378,214,2.5
31137,1378,11,4
31138,1378,3,3.5
31139,1378,8,3
31140,1378,219,3.5
31141,1378,207,3
31142,1378,215,3
31143,1378,7,2.5
31144,1378,4,4
31145,1378,2,3.5
31146,1378,253,4
31147,1379,219,3
31148,1379,696,4
31149,1379,216,3
31150,1379,236,3
31151,1379,234,4
31152,1379,1225,3.5
31153,1379,397,3.5
31154,1380,2,3
31155,1380,207,4
31156,1380,7,2.5
31157,1380,11,3
31158,1381,215,4
31159,1382,2,3
31160,1382,234,3.5
31161,1382,254,1.5
31162,1382,207,0.5
31163,1382,211,3
31164,1382,247,3
31165,1382,10,1
31166,1382,7,1
31167,1382,2034,4
31168,1382,233,3
31169,1382,219,3.5
31170,1382,13,3
31171,1382,5,3.5
31172,1382,11,2.5
31173,1382,216,3
31174,1382,257,3.5
31175,1382,922,4
31176,1382,244,2.5
31177,1382,9,4
31178,1382,215,3.5
31179,1382,252,4
31180,1382,246,3.5
31181,1382,4,2.5
31182,1382,255,3
31183,1382,2035,4
31184,1382,220,3.5
31185,1382,121,3.5
31186,1382,245,4
31187,1382,239,3
31188,1382,2036,4
31189,1382,3,3.5
31190,1382,17,4
31191,1383,2,2
31192,1383,3,4
31193,1383,461,0.5
31194,1383,219,3.5
31195,1383,2037,4
31196,1383,9,3.5
31197,1383,876,4
31198,1383,211,4
31199,1383,343,4
31200,1383,12,2
31201,1383,805,4
31202,1383,11,2.5
31203,1383,658,4
31204,1383,2038,4
31205,1383,539,4
31206,1383,17,3.5
31207,1383,1542,3.5
31208,1383,7,2.5
31209,1383,236,4
31210,1383,13,2.5
31211,1383,207,2.5
31212,1383,1176,3.5
31213,1383,5,4
31214,1383,213,3
31215,1383,1851,4
31216,1384,215,3.5
31217,1385,251,4
31218,1385,212,3.5
31219,1385,84,3
31220,1385,248,3.5
31221,1385,243,4
31222,1385,234,4
31223,1385,1,2.5
31224,1385,241,3.5
31225,1385,252,3.5
31226,1385,215,3.5
31227,1385,235,3.5
31228,1385,253,4
31229,1385,216,4
31230,1385,255,3
31231,1385,245,2.5
31232,1385,207,4
31233,1385,5,4
31234,1385,206,3.5
31235,1385,249,4
31236,1385,211,3.5
31237,1385,257,1
31238,1385,12,4
31239,1385,121,3
31240,1385,6,3
31241,1385,3,4
31242,1385,236,0.5
31243,1385,205,3
31244,1385,214,3
31245,1385,250,3
31246,1385,247,3
31247,1385,233,2.5
31248,1385,219,2.5
31249,1385,213,3.5
31250,1385,256,4
31251,1385,11,4
31252,1385,2,4
31253,1385,17,3.5
31254,1385,244,3
31255,1385,217,2
31256,1385,4,4
31257,1385,7,4
31258,1385,239,4
31259,1385,254,4
31260,1385,13,4
31261,1385,10,4
31262,1385,9,3.5
31263,1385,210,2.5
31264,1385,8,4
31265,1385,220,3
31266,1385,246,3
31267,1386,73,2.5
31268,1386,753,1
31269,1386,1,3
31270,1386,4,3
31271,1386,148,1
31272,1386,20,2
31273,1386,819,3
31274,1386,1293,2
31275,1386,816,1
31276,1386,91,3.5
31277,1386,104,2.5
31278,1386,1863,4
31279,1386,196,2.5
31280,1386,397,4
31281,1386,584,0.5
31282,1386,824,3
31283,1386,732,3
31284,1386,233,2
31285,1386,241,2
31286,1386,250,4
31287,1386,829,2
31288,1386,510,2.5
31289,1386,236,3.5
31290,1386,13,3.5
31291,1386,460,3.5
31292,1386,213,3
31293,1386,217,2.5
31294,1386,92,3
31295,1386,100,3.5
31296,1386,205,4
31297,1386,26,3
31298,1386,828,2.5
31299,1386,817,3.5
31300,1386,813,2.5
31301,1386,1862,4
31302,1386,216,2
31303,1386,696,3
31304,1386,838,2.5
31305,1386,215,4
31306,1386,214,3.5
31307,1386,207,2.5
31308,1386,11,0.5
31309,1386,598,2
31310,1386,825,2
31311,1386,815,0.5
31312,1386,211,4
31313,1386,69,4
31314,1386,8,3.5
31315,1386,5,3
31316,1386,742,1.5
31317,1386,93,3.5
31318,1386,810,3
31319,1386,811,2
31320,1386,699,1
31321,1386,389,3
31322,1386,750,4
31323,1386,823,0.5
31324,1386,235,2
31325,1386,70,3.5
31326,1386,10,3.5
31327,1386,219,3
31328,1386,3,3.5
31329,1386,256,4
31330,1386,728,3
31331,1386,7,2.5
31332,1386,83,1
31333,1386,809,3.5
31334,1386,360,2.5
31335,1386,365,4
31336,1386,31,0.5
31337,1386,244,3.5
31338,1386,6,3.5
31339,1386,1864,4
31340,1386,17,4
31341,1386,220,2
31342,1386,9,3
31343,1386,2,2.5
31344,1386,588,1.5
31345,1386,210,4
31346,1386,1861,0.5
31347,1386,336,2
31348,1386,12,2.5
31349,1386,694,0.5
31350,1386,239,2.5
31351,1386,702,3
31352,1386,28,2
31353,1386,81,4
31354,1387,10,2.5
31355,1387,17,3.5
31356,1387,3,2.5
31357,1387,1788,3.5
31358,1387,218,4
31359,1387,247,3
31360,1387,9,3
31361,1387,729,4
31362,1387,236,2.5
31363,1387,2,3
31364,1387,496,4
31365,1387,318,4
31366,1387,211,4
31367,1387,207,3
31368,1388,207,4
31369,1388,10,2.5
31370,1388,5,0.5
31371,1388,1,3
31372,1388,17,4
31373,1388,234,1
31374,1388,1995,4
31375,1388,211,1.5
31376,1388,13,2.5
31377,1388,235,0.5
31378,1388,246,2
31379,1388,249,1.5
31380,1388,250,2
31381,1388,256,1.5
31382,1388,205,1.5
31383,1388,254,2
31384,1388,214,0.5
31385,1388,241,4
31386,1388,216,0.5
31387,1388,84,4
31388,1388,252,1
31389,1388,212,3
31390,1388,11,4
31391,1388,2,4
31392,1388,245,3
31393,1388,9,4
31394,1388,248,2.5
31395,1388,217,0.5
31396,1388,253,0.5
31397,1388,220,0.5
31398,1388,121,2
31399,1388,244,4
31400,1388,210,0.5
31401,1388,206,0.5
31402,1388,219,2
31403,1388,6,2.5
31404,1388,4,4
31405,1388,247,0.5
31406,1388,8,4
31407,1388,239,4
31408,1388,12,0.5
31409,1388,243,1
31410,1388,236,0.5
31411,1388,215,1
31412,1388,7,4
31413,1388,251,0.5
31414,1388,3,2
31415,1388,233,1
31416,1388,213,3
31417,1388,255,2
31418,1388,257,1
31419,1389,13,4
31420,1389,213,3
31421,1389,10,3
31422,1389,215,3.5
31423,1389,11,3
31424,1390,8,3.5
31425,1390,211,4
31426,1390,235,3.5
31427,1390,7,4
31428,1390,13,2.5
31429,1390,4,3.5
31430,1390,257,3
31431,1390,2,3.5
31432,1390,215,2.5
31433,1390,1,3
31434,1390,9,3.5
31435,1390,233,3.5
31436,1390,10,3
31437,1390,11,4
31438,1391,220,3
31439,1391,11,3
31440,1391,211,4
31441,1391,7,4
31442,1391,2,3.5
31443,1392,299,2
31444,1392,69,3.5
31445,1392,12,0.5
31446,1392,824,2
31447,1393,245,4
31448,1393,206,4
31449,1393,121,4
31450,1393,239,4
31451,1393,250,4
31452,1393,6,4
31453,1393,220,4
31454,1393,244,4
31455,1393,257,4
31456,1393,11,4
31457,1393,5,4
31458,1393,207,4
31459,1393,205,4
31460,1393,234,4
31461,1393,251,4
31462,1393,12,4
31463,1393,253,4
31464,1393,84,4
31465,1393,212,4
31466,1393,13,4
31467,1393,217,4
31468,1393,246,4
31469,1393,233,4
31470,1393,249,4
31471,1393,215,3.5
31472,1393,213,3.5
31473,1393,8,4
31474,1393,216,4
31475,1393,248,4
31476,1393,17,4
31477,1393,243,4
31478,1393,241,4
31479,1393,256,4
31480,1393,236,4
31481,1393,9,4
31482,1393,3,3
31483,1393,214,2.5
31484,1393,254,4
31485,1393,7,4
31486,1393,210,4
31487,1393,211,4
31488,1393,10,4
31489,1393,4,4
31490,1393,219,4
31491,1393,255,4
31492,1393,1,3
31493,1393,235,4
31494,1393,247,4
31495,1393,2,4
31496,1393,252,4
31497,1394,235,3.5
31498,1394,17,3
31499,1394,510,1
31500,1394,270,1
31501,1395,215,4
31502,1396,244,1.5
31503,1396,210,4
31504,1396,206,2
31505,1396,219,3.5
31506,1396,4,3
31507,1396,247,2.5
31508,1396,8,4
31509,1396,239,2.5
31510,1396,12,1.5
31511,1396,243,1
31512,1396,236,4
31513,1396,215,4
31514,1396,7,4
31515,1396,251,2.5
31516,1396,3,1.5
31517,1396,233,4
31518,1396,205,2.5
31519,1396,213,2.5
31520,1396,255,3
31521,1396,257,2
31522,1396,207,3.5
31523,1396,10,1.5
31524,1396,5,4
31525,1396,1,3
31526,1396,17,3.5
31527,1396,234,3
31528,1396,211,4
31529,1396,13,3
31530,1396,235,0.5
31531,1396,249,1
31532,1396,246,3.5
31533,1396,250,2
31534,1396,256,2
31535,1396,254,4
31536,1396,214,2.5
31537,1396,241,2
31538,1396,84,1
31539,1396,216,2.5
31540,1396,252,3
31541,1396,212,3.5
31542,1396,6,4
31543,1396,242,4
31544,1396,11,4
31545,1396,2,3
31546,1396,245,4
31547,1396,9,4
31548,1396,248,1.5
31549,1396,217,4
31550,1396,253,1.5
31551,1396,220,2.5
31552,1396,121,3
31553,1397,1263,4
31554,1397,2039,4
31555,1397,1262,4
31556,1397,1660,3
31557,1397,501,3.5
31558,1397,1265,2.5
31559,1397,787,2.5
31560,1397,1267,2.5
31561,1397,2040,3
31562,1397,542,3.5
31563,1398,169,0.5
31564,1398,1039,4
31565,1398,1230,3
31566,1398,301,3
31567,1398,294,4
31568,1398,512,4
31569,1398,743,1
31570,1398,478,3
31571,1398,1072,3
31572,1398,2041,4
31573,1398,746,3
31574,1398,696,4
31575,1398,363,4
31576,1398,432,4
31577,1398,810,3.5
31578,1398,850,4
31579,1398,274,3.5
31580,1398,585,3.5
31581,1398,709,4
31582,1398,509,3
31583,1398,584,3.5
31584,1398,246,3
31585,1398,318,3.5
31586,1398,304,3.5
31587,1398,948,3.5
31588,1398,494,4
31589,1398,345,3.5
31590,1398,827,4
31591,1398,490,2.5
31592,1398,522,3.5
31593,1398,898,3
31594,1398,770,4
31595,1398,583,3
31596,1398,609,4
31597,1398,589,4
31598,1398,564,3.5
31599,1398,347,4
31600,1398,587,1
31601,1398,590,3
31602,1398,1661,4
31603,1398,2042,4
31604,1398,2043,3.5
31605,1398,442,3
31606,1398,588,4
31607,1398,218,4
31608,1398,313,4
31609,1398,600,4
31610,1398,1,3.5
31611,1398,2,4
31612,1398,207,3
31613,1398,286,4
31614,1398,872,3.5
31615,1398,716,4
31616,1398,582,4
31617,1399,10,3
31618,1399,17,4
31619,1399,246,1
31620,1399,235,2.5
31621,1399,9,3.5
31622,1399,216,2.5
31623,1399,2,3
31624,1399,205,2
31625,1399,1,3.5
31626,1399,8,3.5
31627,1399,13,2.5
31628,1399,236,3.5
31629,1399,241,2.5
31630,1399,11,3.5
31631,1399,219,2.5
31632,1399,4,3
31633,1399,233,3
31634,1399,207,2.5
31635,1399,250,3.5
31636,1399,7,4
31637,1399,12,2.5
31638,1400,521,3.5
31639,1401,215,4
31640,1401,213,4
31641,1401,214,3.5
31642,1402,2,4
31643,1402,779,3.5
31644,1402,926,2.5
31645,1402,1,2
31646,1402,257,1
31647,1402,1408,3.5
31648,1402,554,1.5
31649,1402,1478,3.5
31650,1402,2044,3.5
31651,1402,85,4
31652,1402,8,4
31653,1402,5,4
31654,1402,248,1
31655,1402,255,2
31656,1403,215,1.5
31657,1404,11,0.5
31658,1405,7,2.5
31659,1405,210,3
31660,1405,251,3
31661,1405,12,3
31662,1405,234,3
31663,1405,10,3.5
31664,1405,207,2
31665,1405,219,3
31666,1405,241,3.5
31667,1405,250,3.5
31668,1405,214,3
31669,1405,1,4
31670,1405,205,4
31671,1406,333,3.5
31672,1406,408,4
31673,1406,326,0.5
31674,1406,769,3.5
31675,1406,321,2
31676,1406,332,4
31677,1406,325,2.5
31678,1406,322,3.5
31679,1406,1601,3
31680,1406,787,2.5
31681,1406,1118,4
31682,1406,331,2
31683,1406,1076,3
31684,1406,692,2.5
31685,1406,320,3
31686,1406,494,4
31687,1406,3,3
31688,1406,91,3.5
31689,1406,1087,2.5
31690,1406,291,4
31691,1406,7,3.5
31692,1406,1357,3
31693,1406,712,3.5
31694,1406,236,2
31695,1406,323,3.5
31696,1406,330,3.5
31697,1406,805,3.5
31698,1406,327,3
31699,1406,1359,3.5
31700,1406,317,3
31701,1406,328,2
31702,1406,324,0.5
31703,1406,557,3
31704,1406,316,4
31705,1406,536,4
31706,1406,447,4
31707,1406,207,2.5
31708,1406,477,3.5
31709,1406,1,2
31710,1406,693,3
31711,1406,318,3.5
31712,1406,319,4
31713,1406,315,3.5
31714,1406,334,2
31715,1406,240,3
31716,1406,329,3
31717,1406,595,3
31718,1406,1082,2
31719,1406,866,3.5
31720,1406,17,1
31721,1406,235,3
31722,1406,781,3
31723,1407,1522,3.5
31724,1407,1527,1.5
31725,1407,1533,3
31726,1407,1523,4
31727,1407,1525,2
31728,1407,1061,3.5
31729,1407,557,3
31730,1407,1532,3.5
31731,1407,318,4
31732,1407,1521,4
31733,1407,638,4
31734,1408,606,4
31735,1408,1379,4
31736,1408,2045,4
31737,1409,207,4
31738,1409,10,3
31739,1409,13,3.5
31740,1409,245,3.5
31741,1409,219,4
31742,1409,9,3.5
31743,1409,17,4
31744,1409,250,4
31745,1409,255,4
31746,1409,2,3.5
31747,1409,5,4
31748,1409,12,4
31749,1409,233,4
31750,1409,11,3.5
31751,1409,220,4
31752,1410,215,2.5
31753,1411,215,3.5
31754,1412,9,4
31755,1412,236,4
31756,1412,5,4
31757,1412,1567,4
31758,1413,512,4
31759,1414,213,2.5
31760,1414,241,2
31761,1414,235,2
31762,1414,13,3.5
31763,1414,243,2.5
31764,1414,7,1.5
31765,1414,206,2.5
31766,1414,257,3
31767,1414,1,1.5
31768,1414,248,2
31769,1414,247,3
31770,1414,17,3.5
31771,1414,2,2.5
31772,1414,249,2.5
31773,1414,4,3.5
31774,1414,217,3
31775,1414,210,2
31776,1414,253,2
31777,1414,236,3.5
31778,1414,12,1.5
31779,1414,246,2.5
31780,1414,9,3.5
31781,1414,205,2
31782,1414,121,3
31783,1414,216,1.5
31784,1414,251,2.5
31785,1414,255,2.5
31786,1414,207,2
31787,1414,6,3.5
31788,1414,239,2.5
31789,1414,250,2.5
31790,1414,233,2.5
31791,1414,219,3
31792,1414,84,2
31793,1414,244,2.5
31794,1414,234,3
31795,1414,212,2
31796,1414,245,3.5
31797,1414,211,3.5
31798,1414,254,2.5
31799,1414,256,2.5
31800,1414,3,2
31801,1414,8,3
31802,1414,5,2
31803,1414,214,3
31804,1414,10,1.5
31805,1414,252,2
31806,1414,11,4
31807,1414,220,2
31808,1414,215,4
31809,1415,1,1.5
31810,1415,5,4
31811,1415,4,3.5
31812,1415,9,3
31813,1415,2046,2
31814,1415,215,3
31815,1415,2047,2.5
31816,1415,234,2.5
31817,1415,235,3
31818,1415,2,3.5
31819,1415,7,3
31820,1415,219,4
31821,1415,11,4
31822,1415,1794,2.5
31823,1415,10,3
31824,1416,253,2.5
31825,1416,4,3
31826,1416,233,3.5
31827,1416,206,2.5
31828,1416,250,3.5
31829,1416,121,3
31830,1416,3,3
31831,1416,1299,4
31832,1416,17,4
31833,1416,247,4
31834,1416,220,3.5
31835,1416,249,2
31836,1416,10,3.5
31837,1416,212,3
31838,1416,9,4
31839,1416,214,3.5
31840,1416,210,3
31841,1416,2,3.5
31842,1416,1,4
31843,1416,757,4
31844,1416,251,2.5
31845,1416,245,2
31846,1416,236,2.5
31847,1416,213,4
31848,1416,216,3.5
31849,1416,252,3
31850,1416,205,3.5
31851,1416,256,3.5
31852,1416,8,3
31853,1416,248,3.5
31854,1416,13,3
31855,1416,215,4
31856,1416,84,3.5
31857,1416,5,3.5
31858,1416,6,3
31859,1416,207,3.5
31860,1416,7,2.5
31861,1416,241,3
31862,1416,211,4
31863,1416,234,3.5
31864,1416,11,4
31865,1416,219,4
31866,1417,352,4
31867,1417,7,3.5
31868,1417,1,3.5
31869,1417,5,4
31870,1417,363,4
31871,1417,1842,3
31872,1417,241,2
31873,1417,419,4
31874,1417,206,4
31875,1417,607,3.5
31876,1417,318,3.5
31877,1417,17,2.5
31878,1417,432,3.5
31879,1417,900,4
31880,1417,239,3.5
31881,1417,305,3.5
31882,1417,207,2
31883,1417,235,3
31884,1417,8,2
31885,1417,218,3
31886,1417,1225,4
31887,1417,512,4
31888,1418,490,4
31889,1418,536,4
31890,1418,514,4
31891,1418,274,4
31892,1418,2,4
31893,1418,268,4
31894,1418,842,4
31895,1418,787,4
31896,1418,1038,4
31897,1418,1198,4
31898,1418,1486,4
31899,1418,307,4
31900,1418,347,4
31901,1418,1197,4
31902,1418,1036,4
31903,1418,1044,4
31904,1418,583,4
31905,1418,1594,4
31906,1419,3,4
31907,1419,215,4
31908,1419,239,1.5
31909,1419,213,2.5
31910,1419,11,2.5
31911,1419,13,3.5
31912,1419,1,2
31913,1419,2,2
31914,1419,212,1
31915,1419,205,2
31916,1419,214,2.5
31917,1419,10,4
31918,1419,216,3.5
31919,1420,245,4
31920,1420,236,4
31921,1420,10,3.5
31922,1420,211,4
31923,1420,255,4
31924,1420,13,3.5
31925,1420,212,3.5
31926,1420,84,4
31927,1420,252,2.5
31928,1420,244,3
31929,1420,5,4
31930,1420,12,3
31931,1420,241,3
31932,1420,6,4
31933,1420,8,4
31934,1420,234,4
31935,1420,216,4
31936,1420,121,4
31937,1420,207,2.5
31938,1420,251,4
31939,1420,249,3
31940,1420,235,4
31941,1420,250,4
31942,1420,213,3
31943,1420,4,3.5
31944,1420,219,4
31945,1420,254,2.5
31946,1420,9,4
31947,1420,7,2.5
31948,1420,206,4
31949,1420,257,3.5
31950,1420,247,4
31951,1420,214,4
31952,1420,239,2.5
31953,1420,205,4
31954,1420,2,3.5
31955,1420,17,3
31956,1420,215,4
31957,1420,210,3
31958,1420,233,3
31959,1420,248,3
31960,1420,3,4
31961,1420,11,4
31962,1420,1,3
31963,1420,253,4
31964,1420,220,3.5
31965,1420,256,4
31966,1420,217,3
31967,1421,12,4
31968,1422,236,4
31969,1422,207,4
31970,1422,369,4
31971,1422,2,4
31972,1422,257,1
31973,1423,254,3
31974,1423,216,4
31975,1423,234,4
31976,1423,121,3.5
31977,1423,2,4
31978,1423,257,3
31979,1423,256,4
31980,1423,219,3.5
31981,1423,1,3.5
31982,1423,211,4
31983,1423,212,4
31984,1423,213,3.5
31985,1423,214,4
31986,1423,235,3
31987,1423,205,3.5
31988,1423,210,4
31989,1423,3,3.5
31990,1423,10,3.5
31991,1423,247,3.5
31992,1423,12,2.5
31993,1423,249,3.5
31994,1423,243,3
31995,1423,11,3.5
31996,1423,250,4
31997,1423,245,3.5
31998,1423,251,4
31999,1423,84,3.5
32000,1423,252,4
32001,1423,233,3.5
32002,1423,217,4
32003,1423,241,2.5
32004,1423,248,3.5
32005,1423,17,2
32006,1423,220,3.5
32007,1423,253,4
32008,1423,215,4
32009,1423,255,4
32010,1423,7,4
32011,1423,236,3
32012,1423,206,3.5
32013,1423,4,3.5
32014,1423,13,4
32015,1423,207,3
32016,1423,5,4
32017,1424,9,4
32018,1424,249,2
32019,1424,3,2
32020,1424,12,4
32021,1424,567,4
32022,1424,239,2.5
32023,1424,235,3
32024,1424,211,3.5
32025,1424,244,2
32026,1424,256,3.5
32027,1424,10,2.5
32028,1424,243,3
32029,1424,246,3.5
32030,1424,252,2.5
32031,1425,241,3
32032,1425,6,2.5
32033,1425,8,2
32034,1425,234,2
32035,1425,216,3
32036,1425,121,3.5
32037,1425,84,2.5
32038,1425,207,2.5
32039,1425,251,3.5
32040,1425,249,0.5
32041,1425,235,3.5
32042,1425,250,2
32043,1425,213,4
32044,1425,219,3.5
32045,1425,254,2
32046,1425,4,3
32047,1425,9,1
32048,1425,7,3.5
32049,1425,206,3
32050,1425,257,2
32051,1425,247,2
32052,1425,214,3
32053,1425,205,3.5
32054,1425,239,3.5
32055,1425,2,4
32056,1425,17,1.5
32057,1425,248,1.5
32058,1425,210,1
32059,1425,233,0.5
32060,1425,215,2.5
32061,1425,3,1
32062,1425,11,3.5
32063,1425,187,4
32064,1425,253,1
32065,1425,1,3
32066,1425,220,4
32067,1425,256,1.5
32068,1425,217,3.5
32069,1425,243,2
32070,1425,245,3.5
32071,1425,236,0.5
32072,1425,211,3.5
32073,1425,10,3.5
32074,1425,255,1.5
32075,1425,13,4
32076,1425,212,3
32077,1425,252,2.5
32078,1425,244,3
32079,1425,246,3
32080,1425,5,3.5
32081,1425,12,2.5
32082,1426,17,2
32083,1426,13,1
32084,1426,1,1.5
32085,1426,10,2.5
32086,1426,11,4
32087,1426,213,1.5
32088,1426,2,3.5
32089,1426,220,1.5
32090,1426,4,3.5
32091,1426,9,4
32092,1426,233,2.5
32093,1426,219,1
32094,1426,215,2
32095,1426,239,1
32096,1426,257,1.5
32097,1426,216,2.5
32098,1427,257,3
32099,1427,12,3
32100,1428,213,4
32101,1428,241,4
32102,1428,13,4
32103,1428,5,3.5
32104,1428,206,4
32105,1428,7,4
32106,1428,257,4
32107,1428,248,2.5
32108,1428,10,4
32109,1428,220,3.5
32110,1428,215,4
32111,1428,17,4
32112,1428,2,3.5
32113,1428,4,4
32114,1428,235,3.5
32115,1428,210,3
32116,1428,243,4
32117,1428,1,4
32118,1428,236,3.5
32119,1428,12,4
32120,1428,9,4
32121,1428,205,3
32122,1428,121,4
32123,1428,247,3.5
32124,1428,216,3
32125,1428,251,3
32126,1428,255,3.5
32127,1428,249,4
32128,1428,6,4
32129,1428,239,4
32130,1428,250,4
32131,1428,233,4
32132,1428,217,3
32133,1428,219,3
32134,1428,84,3.5
32135,1428,244,4
32136,1428,234,4
32137,1428,253,4
32138,1428,212,3
32139,1428,246,3.5
32140,1428,245,4
32141,1428,211,3.5
32142,1428,254,4
32143,1428,256,4
32144,1428,207,4
32145,1428,3,3.5
32146,1428,8,3.5
32147,1428,214,3
32148,1428,252,3.5
32149,1428,11,3
32150,1429,219,4
32151,1429,9,4
32152,1429,245,4
32153,1429,211,3
32154,1429,216,4
32155,1429,254,4
32156,1429,207,3
32157,1429,233,3
32158,1429,84,4
32159,1429,11,4
32160,1429,13,4
32161,1429,3,4
32162,1429,8,4
32163,1429,7,3
32164,1429,10,3.5
32165,1429,220,4
32166,1429,215,4
32167,1429,17,4
32168,1429,2,4
32169,1429,213,4
32170,1429,4,4
32171,1429,241,4
32172,1429,236,4
32173,1429,1,4
32174,1429,248,4
32175,1429,12,2
32176,1429,255,3
32177,1429,239,4
32178,1430,214,2.5
32179,1430,243,2
32180,1430,234,2
32181,1430,212,1.5
32182,1430,12,1
32183,1430,254,4
32184,1430,250,2
32185,1430,207,1
32186,1430,251,3
32187,1430,235,0.5
32188,1430,11,2.5
32189,1430,253,0.5
32190,1430,236,2.5
32191,1430,247,3.5
32192,1430,10,3
32193,1430,7,2.5
32194,1430,210,1.5
32195,1430,233,1.5
32196,1430,219,1
32197,1430,13,4
32198,1430,1,0.5
32199,1430,5,2.5
32200,1430,6,2.5
32201,1430,216,3.5
32202,1430,249,2
32203,1430,257,2.5
32204,1430,84,3
32205,1430,244,4
32206,1430,9,2.5
32207,1430,248,4
32208,1430,215,3
32209,1430,213,2.5
32210,1430,252,2.5
32211,1430,241,4
32212,1430,205,1.5
32213,1430,246,2
32214,1430,206,4
32215,1430,4,3
32216,1430,255,3.5
32217,1430,217,1.5
32218,1430,220,3.5
32219,1430,121,3
32220,1430,245,1
32221,1430,239,0.5
32222,1430,256,4
32223,1430,8,3.5
32224,1430,211,1.5
32225,1430,3,2.5
32226,1430,17,2
32227,1430,2,0.5
32228,1431,7,4
32229,1431,254,4
32230,1431,11,4
32231,1431,257,3
32232,1431,3,2
32233,1431,13,3
32234,1431,10,2
32235,1431,1,3
32236,1431,9,4
32237,1431,213,3
32238,1431,233,3.5
32239,1431,4,4
32240,1431,250,3
32241,1431,219,3
32242,1431,84,4
32243,1431,215,3.5
32244,1432,512,4
32245,1432,10,3
32246,1432,245,3.5
32247,1432,432,3.5
32248,1432,218,3
32249,1432,12,2
32250,1432,442,3
32251,1432,121,3.5
32252,1432,220,3
32253,1432,3,3
32254,1432,509,3
32255,1432,206,3
32256,1432,84,2.5
32257,1432,600,3
32258,1432,810,3
32259,1432,294,3
32260,1432,207,3.5
32261,1432,216,2.5
32262,1432,235,3
32263,1432,318,3.5
32264,1432,490,2.5
32265,1432,584,3.5
32266,1432,2,4
32267,1432,241,4
32268,1432,17,3.5
32269,1432,257,2
32270,1432,219,2.5
32271,1432,313,4
32272,1432,254,3.5
32273,1432,11,3
32274,1432,250,3
32275,1432,211,2.5
32276,1432,13,3
32277,1432,233,2.5
32278,1432,252,3.5
32279,1432,746,3
32280,1432,5,3.5
32281,1432,1,4
32282,1432,7,3
32283,1432,588,3
32284,1432,589,3
32285,1433,11,4
32286,1433,1,3.5
32287,1433,10,3
32288,1433,2,4
32289,1433,1485,4
32290,1433,7,4
32291,1434,205,2
32292,1434,241,3
32293,1434,7,1.5
32294,1434,121,3
32295,1434,2,3
32296,1434,361,3
32297,1434,10,3.5
32298,1434,206,2
32299,1435,11,3.5
32300,1435,900,4
32301,1435,818,3
32302,1435,2,3
32303,1435,4,3
32304,1435,826,4
32305,1435,12,3.5
32306,1435,205,3.5
32307,1435,17,3.5
32308,1435,310,3
32309,1435,234,3
32310,1435,391,4
32311,1435,9,3
32312,1435,545,3
32313,1435,207,3
32314,1435,841,3
32315,1435,3,3
32316,1435,812,3
32317,1435,8,3.5
32318,1435,5,3.5
32319,1435,840,4
32320,1435,7,3.5
32321,1435,157,4
32322,1436,10,4
32323,1436,11,4
32324,1436,2,4
32325,1437,1038,3.5
32326,1437,900,3.5
32327,1437,115,3.5
32328,1437,318,4
32329,1437,308,3.5
32330,1437,286,4
32331,1437,1436,3.5
32332,1437,1831,3.5
32333,1437,347,3.5
32334,1437,2048,3.5
32335,1437,342,4
32336,1437,1559,4
32337,1437,59,3.5
32338,1437,847,3.5
32339,1437,254,1
32340,1437,528,3.5
32341,1437,880,3.5
32342,1437,2,3
32343,1437,512,4
32344,1437,291,3.5
32345,1437,705,3.5
32346,1437,278,3.5
32347,1437,290,3.5
32348,1437,236,3.5
32349,1437,1123,3.5
32350,1437,432,4
32351,1437,102,4
32352,1437,1876,3.5
32353,1437,842,3.5
32354,1437,282,4
32355,1437,468,3.5
32356,1438,206,2
32357,1438,7,3.5
32358,1438,257,3
32359,1438,10,4
32360,1438,11,2
32361,1438,220,0.5
32362,1438,2,1.5
32363,1438,213,1
32364,1438,4,1
32365,1438,241,2.5
32366,1438,235,1
32367,1438,13,2
32368,1438,243,2.5
32369,1438,1,2
32370,1438,248,2
32371,1438,236,3.5
32372,1438,12,4
32373,1438,205,2.5
32374,1438,121,3
32375,1438,247,3
32376,1438,17,0.5
32377,1438,251,1
32378,1438,255,1
32379,1438,249,2
32380,1438,6,0.5
32381,1438,239,2
32382,1438,250,3
32383,1438,217,4
32384,1438,210,1
32385,1438,219,4
32386,1438,234,2.5
32387,1438,253,1
32388,1438,212,1
32389,1438,246,3
32390,1438,245,0.5
32391,1438,9,2.5
32392,1438,211,2.5
32393,1438,216,3.5
32394,1438,207,3
32395,1438,233,2
32396,1438,84,2.5
32397,1438,252,4
32398,1438,244,1
32399,1438,254,3
32400,1438,256,4
32401,1438,3,3
32402,1438,8,4
32403,1438,5,3
32404,1438,214,4
32405,1439,252,2.5
32406,1439,212,2.5
32407,1439,6,2.5
32408,1439,11,4
32409,1439,2,3
32410,1439,245,3
32411,1439,2049,4
32412,1439,9,4
32413,1439,248,2
32414,1439,217,3.5
32415,1439,253,2.5
32416,1439,220,3.5
32417,1439,121,3
32418,1439,244,4
32419,1439,210,2
32420,1439,206,2
32421,1439,219,3.5
32422,1439,4,4
32423,1439,247,3.5
32424,1439,8,3.5
32425,1439,239,2.5
32426,1439,12,1.5
32427,1439,243,3
32428,1439,236,3.5
32429,1439,215,3
32430,1439,7,2.5
32431,1439,251,3
32432,1439,3,4
32433,1439,233,3.5
32434,1439,205,3
32435,1439,213,4
32436,1439,255,2
32437,1439,257,3
32438,1439,207,3
32439,1439,10,3.5
32440,1439,5,3
32441,1439,1,4
32442,1439,1556,4
32443,1439,17,2.5
32444,1439,234,2
32445,1439,211,1.5
32446,1439,13,3.5
32447,1439,235,4
32448,1439,249,3.5
32449,1439,246,2.5
32450,1439,250,3.5
32451,1439,256,2
32452,1439,254,3.5
32453,1439,214,3
32454,1439,241,2
32455,1439,216,4
32456,1439,84,1.5
32457,1440,205,3
32458,1440,1,3
32459,1440,5,3
32460,1440,10,2.5
32461,1440,2,3.5
32462,1440,216,3.5
32463,1440,236,2
32464,1440,207,3.5
32465,1440,211,3.5
32466,1440,213,3.5
32467,1440,251,2
32468,1440,253,3.5
32469,1440,3,3
32470,1440,17,2.5
32471,1440,239,3.5
32472,1440,215,2.5
32473,1440,8,2
32474,1440,121,2
32475,1440,7,3.5
32476,1441,237,3
32477,1441,215,4
32478,1441,13,4
32479,1442,257,4
32480,1442,12,2.5
32481,1442,219,3
32482,1442,8,4
32483,1442,207,2.5
32484,1442,17,2
32485,1442,7,4
32486,1442,220,4
32487,1442,3,3
32488,1443,17,4
32489,1443,205,4
32490,1443,1210,4
32491,1443,239,4
32492,1443,234,2
32493,1443,293,4
32494,1443,8,3
32495,1443,3,4
32496,1443,2,4
32497,1443,219,4
32498,1443,12,4
32499,1443,207,3
32500,1443,11,4
32501,1443,236,4
32502,1443,1315,2
32503,1443,7,4
32504,1443,283,4
32505,1443,13,3
32506,1443,1,4
32507,1443,363,4
32508,1443,241,4
32509,1443,2050,3
32510,1443,257,4
32511,1443,206,4
32512,1443,4,4
32513,1443,502,4
32514,1443,765,4
32515,1443,9,4
32516,1444,252,3.5
32517,1444,205,1.5
32518,1444,1,0.5
32519,1444,877,3.5
32520,1444,248,0.5
32521,1444,8,3.5
32522,1444,254,1.5
32523,1444,13,3
32524,1444,243,0.5
32525,1444,245,3.5
32526,1444,217,2
32527,1444,236,4
32528,1444,5,3.5
32529,1444,256,0.5
32530,1444,241,1.5
32531,1444,215,3
32532,1444,11,1.5
32533,1444,219,3.5
32534,1444,84,0.5
32535,1444,253,0.5
32536,1444,4,0.5
32537,1444,6,1.5
32538,1444,233,1.5
32539,1444,207,3.5
32540,1444,206,3
32541,1444,250,3.5
32542,1444,121,1
32543,1444,244,1.5
32544,1444,7,3.5
32545,1444,12,1.5
32546,1444,211,3.5
32547,1444,234,2
32548,1444,220,2
32549,1444,249,2.5
32550,1444,239,3
32551,1444,10,2
32552,1444,214,2
32553,1444,257,3
32554,1444,3,3
32555,1444,17,3.5
32556,1444,251,3
32557,1444,247,0.5
32558,1444,246,2
32559,1444,212,3
32560,1444,213,2
32561,1444,235,2
32562,1444,9,1.5
32563,1444,255,4
32564,1444,216,2
32565,1444,210,2
32566,1444,2,2
32567,1445,13,4
32568,1445,257,3
32569,1446,253,2.5
32570,1446,257,3
32571,1446,215,3.5
32572,1446,220,2
32573,1446,11,3
32574,1446,10,1
32575,1446,205,1
32576,1446,2,3.5
32577,1446,1,2
32578,1446,12,3
32579,1446,216,3.5
32580,1446,236,3.5
32581,1446,3,2
32582,1446,13,2
32583,1446,239,3.5
32584,1446,207,2.5
32585,1446,214,2
32586,1446,213,3
32587,1446,212,0.5
32588,1446,251,2
32589,1447,2,4
32590,1447,7,4
32591,1448,11,4
32592,1448,10,3
32593,1448,12,3.5
32594,1448,251,4
32595,1448,2,3.5
32596,1448,253,3
32597,1448,239,3
32598,1448,250,4
32599,1448,5,2.5
32600,1448,255,3.5
32601,1448,234,2.5
32602,1448,121,3
32603,1448,1,4
32604,1448,211,2.5
32605,1448,213,3
32606,1448,206,4
32607,1448,214,3.5
32608,1448,217,3
32609,1448,216,3
32610,1448,247,4
32611,1448,245,3.5
32612,1448,248,2.5
32613,1448,241,3.5
32614,1448,6,4
32615,1448,235,4
32616,1448,215,3.5
32617,1448,212,2.5
32618,1448,252,2.5
32619,1448,246,3
32620,1448,3,4
32621,1448,4,4
32622,1448,257,4
32623,1448,254,3
32624,1448,219,4
32625,1448,207,3
32626,1448,17,4
32627,1448,256,3
32628,1448,243,3
32629,1448,205,4
32630,1448,220,4
32631,1448,13,3.5
32632,1448,249,3
32633,1448,233,3.5
32634,1448,8,3
32635,1448,7,4
32636,1448,210,4
32637,1449,235,3.5
32638,1449,10,3
32639,1450,8,3
32640,1450,6,2.5
32641,1450,10,3.5
32642,1450,9,3
32643,1450,218,4
32644,1450,211,4
32645,1451,11,4
32646,1451,1,2.5
32647,1451,253,4
32648,1451,220,3.5
32649,1451,256,2.5
32650,1451,212,3
32651,1451,217,3
32652,1451,243,2
32653,1451,1711,3.5
32654,1451,245,3
32655,1451,236,3.5
32656,1451,244,2.5
32657,1451,1565,4
32658,1451,234,3.5
32659,1451,255,3
32660,1451,467,4
32661,1451,10,3
32662,1451,211,3.5
32663,1451,13,3
32664,1451,84,2.5
32665,1451,249,2.5
32666,1451,2051,2.5
32667,1451,250,3.5
32668,1451,1655,4
32669,1451,252,3
32670,1451,246,3
32671,1451,5,3
32672,1451,12,2.5
32673,1451,241,3.5
32674,1451,6,3.5
32675,1451,8,3.5
32676,1451,216,2.5
32677,1451,121,3
32678,1451,207,2.5
32679,1451,251,3
32680,1451,235,2
32681,1451,239,3
32682,1451,596,3.5
32683,1451,213,3
32684,1451,693,4
32685,1451,2,2
32686,1451,254,3
32687,1451,219,3
32688,1451,4,4
32689,1451,9,3.5
32690,1451,7,3.5
32691,1451,206,3
32692,1451,257,2.5
32693,1451,247,3
32694,1451,214,3.5
32695,1451,836,4
32696,1451,2052,3
32697,1451,205,2.5
32698,1451,17,4
32699,1451,248,3
32700,1451,210,3
32701,1451,233,3
32702,1451,215,3.5
32703,1451,3,4
32704,1452,236,3
32705,1452,2053,3.5
32706,1452,207,1
32707,1452,1036,3
32708,1452,425,3.5
32709,1452,1760,1.5
32710,1452,2054,4
32711,1452,2045,4
32712,1452,2055,2.5
32713,1452,2056,2.5
32714,1452,219,3
32715,1452,1,2
32716,1452,214,3.5
32717,1452,2057,3
32718,1452,400,3
32719,1452,468,2.5
32720,1452,391,1.5
32721,1452,211,0.5
32722,1452,2058,4
32723,1452,1038,4
32724,1452,17,2.5
32725,1452,253,1.5
32726,1452,7,0.5
32727,1453,4,3.5
32728,1453,12,2.5
32729,1453,207,3.5
32730,1453,1,3.5
32731,1453,253,3.5
32732,1453,239,2
32733,1453,9,3.5
32734,1453,10,3
32735,1453,121,2
32736,1453,217,3.5
32737,1453,214,3
32738,1453,244,3
32739,1453,256,2.5
32740,1453,233,3
32741,1453,250,2.5
32742,1453,17,3
32743,1453,246,3
32744,1453,206,2.5
32745,1453,234,4
32746,1453,235,0.5
32747,1453,3,3.5
32748,1453,247,2.5
32749,1453,5,2.5
32750,1453,213,2.5
32751,1453,216,3.5
32752,1453,257,2.5
32753,1453,7,4
32754,1453,205,3.5
32755,1453,220,0.5
32756,1453,254,2.5
32757,1453,248,2.5
32758,1453,249,2
32759,1453,6,1
32760,1453,2,3.5
32761,1453,219,3
32762,1453,211,2.5
32763,1453,243,2
32764,1453,236,3.5
32765,1453,245,3.5
32766,1453,210,3
32767,1453,252,2.5
32768,1453,255,2.5
32769,1453,212,2.5
32770,1453,8,3
32771,1453,215,4
32772,1453,11,3.5
32773,1453,241,2.5
32774,1453,84,3
32775,1453,13,3.5
32776,1453,251,2.5
32777,1454,7,2.5
32778,1454,243,2.5
32779,1454,219,0.5
32780,1454,212,2.5
32781,1454,12,1
32782,1454,254,1.5
32783,1454,250,3
32784,1454,6,3
32785,1454,11,2.5
32786,1454,236,1.5
32787,1454,249,2
32788,1454,257,0.5
32789,1454,84,3.5
32790,1454,244,1
32791,1454,10,3
32792,1454,210,2
32793,1454,233,1.5
32794,1454,1641,2
32795,1454,248,3
32796,1454,13,3.5
32797,1454,1,3.5
32798,1454,5,3
32799,1454,213,2.5
32800,1454,252,3.5
32801,1454,241,4
32802,1454,216,1
32803,1454,246,1
32804,1454,206,1.5
32805,1454,4,3.5
32806,1454,217,1
32807,1454,9,3
32808,1454,121,3
32809,1454,256,1
32810,1454,215,2.5
32811,1454,17,0.5
32812,1454,205,2
32813,1454,255,1.5
32814,1454,214,2.5
32815,1454,220,3
32816,1454,245,4
32817,1454,239,2.5
32818,1454,234,3
32819,1454,207,2.5
32820,1454,251,4
32821,1454,235,2.5
32822,1454,253,2
32823,1454,8,2.5
32824,1454,211,2
32825,1454,3,3.5
32826,1454,247,2.5
32827,1454,2,2
32828,1455,2,2
32829,1455,219,3
32830,1455,4,3.5
32831,1455,247,3
32832,1455,12,2
32833,1455,11,3.5
32834,1455,207,1.5
32835,1455,239,2
32836,1455,1,2
32837,1455,5,3
32838,1456,218,4
32839,1457,214,3
32840,1457,216,2
32841,1457,84,4
32842,1457,17,3.5
32843,1457,252,2.5
32844,1457,212,2.5
32845,1457,246,4
32846,1457,245,4
32847,1457,9,4
32848,1457,248,3
32849,1457,254,3
32850,1457,220,3.5
32851,1457,121,2
32852,1457,241,2
32853,1457,244,2
32854,1457,210,2
32855,1457,219,4
32856,1457,6,4
32857,1457,11,4
32858,1457,2,4
32859,1457,4,4
32860,1457,8,4
32861,1457,217,2.5
32862,1457,239,2.5
32863,1457,253,4
32864,1457,243,2.5
32865,1457,236,4
32866,1457,7,4
32867,1457,206,3.5
32868,1457,251,3.5
32869,1457,247,3
32870,1457,233,3.5
32871,1457,257,3
32872,1457,12,4
32873,1457,207,3.5
32874,1457,10,3
32875,1457,5,4
32876,1457,1,3
32877,1457,215,4
32878,1457,234,3
32879,1457,211,4
32880,1457,13,3.5
32881,1457,235,2.5
32882,1457,249,2
32883,1457,3,4
32884,1457,250,3.5
32885,1457,256,3
32886,1457,205,4
32887,1457,213,3.5
32888,1457,255,4
32889,1458,9,4
32890,1458,247,4
32891,1458,121,4
32892,1458,5,4
32893,1458,211,4
32894,1458,245,4
32895,1458,257,4
32896,1458,220,4
32897,1458,206,4
32898,1458,7,4
32899,1458,248,4
32900,1458,216,4
32901,1458,217,4
32902,1458,252,4
32903,1458,6,4
32904,1458,210,4
32905,1458,212,4
32906,1458,235,4
32907,1458,246,4
32908,1458,1,4
32909,1458,251,4
32910,1458,256,4
32911,1458,244,4
32912,1458,255,4
32913,1458,243,4
32914,1458,84,4
32915,1458,249,4
32916,1458,241,4
32917,1458,250,4
32918,1458,11,3.5
32919,1458,207,4
32920,1458,214,4
32921,1458,236,4
32922,1458,3,4
32923,1458,205,4
32924,1458,239,4
32925,1458,13,2
32926,1458,234,4
32927,1458,10,4
32928,1458,4,4
32929,1458,254,4
32930,1458,219,4
32931,1458,17,4
32932,1458,233,4
32933,1458,12,4
32934,1458,253,4
32935,1458,213,4
32936,1458,215,1
32937,1458,8,4
32938,1458,2,4
32939,1459,1,3.5
32940,1459,215,3
32941,1459,2,4
32942,1459,11,3
32943,1459,194,0.5
32944,1459,10,2.5
32945,1459,214,3
32946,1459,273,2
32947,1459,658,3
32948,1459,977,4
32949,1459,13,3.5
32950,1459,781,2.5
32951,1459,1655,3.5
32952,1459,3,3.5
32953,1460,215,3.5
32954,1460,216,3.5
32955,1460,236,3
32956,1460,220,2
32957,1460,11,3
32958,1460,9,3
32959,1460,257,3.5
32960,1460,245,3
32961,1460,6,3
32962,1460,84,3
32963,1460,244,2
32964,1460,8,3.5
32965,1460,233,3.5
32966,1460,219,3.5
32967,1460,206,2.5
32968,1460,211,3
32969,1460,4,3
32970,1460,243,2.5
32971,1460,205,3.5
32972,1460,17,3.5
32973,1460,254,3.5
32974,1460,247,2.5
32975,1460,217,3
32976,1460,249,2
32977,1460,241,1.5
32978,1460,7,1.5
32979,1460,235,2.5
32980,1460,10,3
32981,1460,212,3
32982,1460,234,3.5
32983,1460,251,3.5
32984,1460,213,3
32985,1460,256,2.5
32986,1460,5,2.5
32987,1460,3,3.5
32988,1460,239,2.5
32989,1460,12,3
32990,1460,1,3
32991,1460,210,2.5
32992,1460,250,3.5
32993,1460,207,2.5
32994,1460,13,3.5
32995,1460,255,2.5
32996,1460,214,3
32997,1460,121,3
32998,1460,248,2.5
32999,1460,246,3
33000,1460,252,3.5
33001,1460,253,3.5
33002,1460,2,3
33003,1461,207,3.5
33004,1461,121,2
33005,1461,244,3.5
33006,1461,7,3
33007,1461,211,3.5
33008,1461,234,3
33009,1461,220,3.5
33010,1461,219,2.5
33011,1461,239,2
33012,1461,10,2.5
33013,1461,257,3
33014,1461,214,2
33015,1461,250,3
33016,1461,206,2.5
33017,1461,3,2
33018,1461,17,1.5
33019,1461,12,2.5
33020,1461,247,2.5
33021,1461,246,3.5
33022,1461,249,3
33023,1461,212,2
33024,1461,235,3
33025,1461,9,3
33026,1461,255,3
33027,1461,210,2.5
33028,1461,2,2
33029,1461,1,2.5
33030,1461,8,3
33031,1461,254,3
33032,1461,13,3
33033,1461,251,3
33034,1461,243,2.5
33035,1461,245,3.5
33036,1461,236,2.5
33037,1461,217,1.5
33038,1461,213,3
33039,1461,216,1.5
33040,1461,205,2.5
33041,1461,252,4
33042,1461,256,2.5
33043,1461,241,3
33044,1461,248,3.5
33045,1461,215,3
33046,1461,11,3
33047,1461,84,2.5
33048,1461,253,3
33049,1461,4,2.5
33050,1461,5,3
33051,1461,6,4
33052,1461,233,3
33053,1462,217,3
33054,1462,220,2.5
33055,1462,121,2.5
33056,1462,239,3
33057,1462,256,1.5
33058,1462,8,2.5
33059,1462,3,3.5
33060,1462,17,3.5
33061,1462,2,3.5
33062,1462,255,3.5
33063,1462,214,3
33064,1462,243,3
33065,1462,245,1.5
33066,1462,234,2
33067,1462,254,2.5
33068,1462,207,3
33069,1462,251,3
33070,1462,235,4
33071,1462,253,3
33072,1462,211,2.5
33073,1462,247,2.5
33074,1462,10,2
33075,1462,7,3.5
33076,1462,233,2.5
33077,1462,219,3
33078,1462,212,3
33079,1462,12,2.5
33080,1462,250,3
33081,1462,1,3
33082,1462,6,3
33083,1462,11,4
33084,1462,236,2.5
33085,1462,249,3
33086,1462,257,3
33087,1462,84,2
33088,1462,244,2.5
33089,1462,210,2
33090,1462,9,2.5
33091,1462,248,3
33092,1462,13,4
33093,1462,215,2.5
33094,1462,5,3
33095,1462,213,3
33096,1462,252,2.5
33097,1462,241,3.5
33098,1462,205,3.5
33099,1462,216,3
33100,1462,206,3
33101,1462,246,2
33102,1462,4,4
33103,1463,7,4
33104,1463,11,4
33105,1463,341,1
33106,1464,243,1
33107,1464,12,3.5
33108,1464,234,1.5
33109,1464,212,3
33110,1464,254,4
33111,1464,250,2
33112,1464,207,4
33113,1464,251,2.5
33114,1464,235,3.5
33115,1464,253,2
33116,1464,11,4
33117,1464,236,3
33118,1464,211,3.5
33119,1464,247,0.5
33120,1464,10,1.5
33121,1464,7,1
33122,1464,210,3
33123,1464,233,2.5
33124,1464,219,3.5
33125,1464,13,1.5
33126,1464,1,3.5
33127,1464,5,3.5
33128,1464,6,1
33129,1464,249,0.5
33130,1464,216,4
33131,1464,257,1.5
33132,1464,84,1.5
33133,1464,244,3.5
33134,1464,9,2.5
33135,1464,248,2
33136,1464,215,3
33137,1464,213,1
33138,1464,241,4
33139,1464,252,0.5
33140,1464,205,3.5
33141,1464,206,3.5
33142,1464,246,4
33143,1464,4,1
33144,1464,255,4
33145,1464,217,1.5
33146,1464,220,4
33147,1464,121,3.5
33148,1464,245,1.5
33149,1464,239,2
33150,1464,256,0.5
33151,1464,8,1.5
33152,1464,3,4
33153,1464,17,2.5
33154,1464,2,3
33155,1464,214,2.5
33156,1465,7,4
33157,1465,219,4
33158,1465,243,3.5
33159,1465,236,3.5
33160,1465,210,3.5
33161,1465,252,3.5
33162,1465,254,4
33163,1465,255,4
33164,1465,212,3.5
33165,1465,8,3.5
33166,1465,215,4
33167,1465,241,4
33168,1465,248,3.5
33169,1465,13,4
33170,1465,211,3.5
33171,1465,245,3
33172,1465,4,4
33173,1465,207,3.5
33174,1465,1,4
33175,1465,9,3.5
33176,1465,10,4
33177,1465,121,3.5
33178,1465,11,4
33179,1465,84,3.5
33180,1465,251,3.5
33181,1465,217,4
33182,1465,244,3.5
33183,1465,235,3.5
33184,1465,12,4
33185,1465,206,3.5
33186,1465,17,2
33187,1465,253,3.5
33188,1465,239,4
33189,1465,247,3.5
33190,1465,5,3.5
33191,1465,213,4
33192,1465,216,3
33193,1465,257,3.5
33194,1465,205,3.5
33195,1465,214,3.5
33196,1465,220,3.5
33197,1465,256,4
33198,1465,250,3.5
33199,1465,233,3.5
33200,1465,246,3.5
33201,1465,234,4
33202,1465,3,4
33203,1465,249,3.5
33204,1465,6,3
33205,1465,2,3.5
33206,1466,236,4
33207,1466,1222,3
33208,1466,205,2
33209,1466,216,2
33210,1466,207,3.5
33211,1466,2059,3.5
33212,1466,1204,3.5
33213,1466,712,4
33214,1466,211,4
33215,1466,1029,4
33216,1466,1174,2.5
33217,1466,3,3
33218,1466,8,3
33219,1466,1081,0.5
33220,1466,235,2.5
33221,1466,7,4
33222,1466,1,3.5
33223,1466,1112,2.5
33224,1466,900,4
33225,1466,805,4
33226,1466,17,3.5
33227,1467,236,3.5
33228,1467,233,3.5
33229,1467,3,2.5
33230,1467,214,1
33231,1467,254,3
33232,1467,7,4
33233,1467,210,2.5
33234,1467,248,2
33235,1467,243,3.5
33236,1467,211,3
33237,1467,10,3
33238,1467,4,2.5
33239,1467,219,4
33240,1467,255,1.5
33241,1467,1,2.5
33242,1467,235,1
33243,1467,247,3.5
33244,1467,2,1.5
33245,1467,9,3.5
33246,1467,252,3
33247,1467,245,2.5
33248,1467,121,3.5
33249,1467,239,3.5
33250,1467,250,3.5
33251,1467,6,4
33252,1467,244,3
33253,1467,257,2
33254,1467,5,3.5
33255,1467,207,4
33256,1467,234,2
33257,1467,206,3.5
33258,1467,12,2
33259,1467,84,3
33260,1467,220,3.5
33261,1467,212,2.5
33262,1467,13,3.5
33263,1467,11,2.5
33264,1467,217,2
33265,1467,249,2
33266,1467,215,4
33267,1467,213,2.5
33268,1467,8,2.5
33269,1467,205,2
33270,1467,251,2.5
33271,1467,216,3
33272,1467,253,1
33273,1467,17,4
33274,1467,241,3
33275,1467,256,3.5
33276,1467,246,2.5
33277,1468,219,2.5
33278,1468,1297,4
33279,1468,675,4
33280,1468,585,2
33281,1468,940,3
33282,1468,1294,4
33283,1468,397,4
33284,1468,275,3
33285,1468,270,3.5
33286,1468,241,2
33287,1468,696,4
33288,1468,134,3
33289,1468,12,2
33290,1468,17,0.5
33291,1468,11,4
33292,1468,550,4
33293,1468,7,4
33294,1468,539,3
33295,1468,1296,4
33296,1468,283,3
33297,1468,398,4
33298,1468,236,4
33299,1468,1298,2
33300,1468,4,3
33301,1468,2,3
33302,1468,1101,3
33303,1469,5,1
33304,1469,10,2
33305,1469,252,1
33306,1469,255,1
33307,1469,2,1
33308,1469,12,1
33309,1469,216,3.5
33310,1469,219,1
33311,1469,236,1
33312,1469,442,4
33313,1469,217,1
33314,1469,213,2
33315,1469,3,1
33316,1469,13,2
33317,1469,235,1
33318,1469,239,1
33319,1469,512,4
33320,1469,214,1
33321,1469,220,1
33322,1469,7,3.5
33323,1469,212,1
33324,1469,234,1
33325,1469,205,3
33326,1469,1,1
33327,1469,11,2
33328,1470,17,3
33329,1470,233,3
33330,1470,215,4
33331,1470,11,3
33332,1470,253,3
33333,1470,1,3
33334,1470,211,3
33335,1470,245,3
33336,1470,252,2
33337,1470,236,3
33338,1470,244,3
33339,1470,5,2.5
33340,1470,12,2
33341,1470,241,2.5
33342,1470,8,3.5
33343,1470,234,2
33344,1470,10,3
33345,1470,216,3.5
33346,1470,13,4
33347,1470,207,3
33348,1470,251,3
33349,1470,250,2.5
33350,1470,219,2
33351,1470,254,3.5
33352,1470,206,3.5
33353,1470,257,2.5
33354,1470,247,2.5
33355,1470,235,3.5
33356,1470,205,3.5
33357,1470,213,3.5
33358,1470,4,2.5
33359,1470,9,3.5
33360,1470,7,2
33361,1470,3,2.5
33362,1470,220,3
33363,1470,214,3.5
33364,1470,217,3
33365,1471,207,3
33366,1471,4,4
33367,1471,6,3.5
33368,1471,219,3
33369,1471,9,4
33370,1471,7,0.5
33371,1471,17,2
33372,1471,236,4
33373,1471,2,3
33374,1471,12,3
33375,1471,11,4
33376,1471,8,3.5
33377,1471,211,4
33378,1471,342,4
33379,1472,5,3
33380,1472,10,4
33381,1472,215,4
33382,1473,257,3.5
33383,1474,215,2.5
33384,1474,241,3
33385,1474,248,3
33386,1474,6,3.5
33387,1474,13,3.5
33388,1474,211,0.5
33389,1474,245,2
33390,1474,4,1
33391,1474,207,1
33392,1474,255,3.5
33393,1474,212,3.5
33394,1474,121,2.5
33395,1474,10,2.5
33396,1474,8,3.5
33397,1474,11,4
33398,1474,84,2
33399,1474,251,2
33400,1474,244,2
33401,1474,235,1
33402,1474,12,1.5
33403,1474,206,3
33404,1474,17,1.5
33405,1474,1,3.5
33406,1474,253,1.5
33407,1474,239,3.5
33408,1474,9,3
33409,1474,247,2
33410,1474,5,3.5
33411,1474,216,0.5
33412,1474,217,2
33413,1474,205,3.5
33414,1474,220,1
33415,1474,214,2.5
33416,1474,256,3.5
33417,1474,250,2.5
33418,1474,233,4
33419,1474,246,2.5
33420,1474,234,3
33421,1474,3,2.5
33422,1474,249,3.5
33423,1474,213,4
33424,1474,257,3
33425,1474,2,3.5
33426,1474,7,2
33427,1474,219,3
33428,1474,243,2.5
33429,1474,236,2.5
33430,1474,210,2.5
33431,1474,252,2.5
33432,1474,254,2.5
33433,1475,206,4
33434,1475,4,2.5
33435,1475,13,3.5
33436,1475,207,2.5
33437,1475,5,2
33438,1475,8,3.5
33439,1475,213,3
33440,1475,254,1.5
33441,1475,216,4
33442,1475,234,3
33443,1475,121,1.5
33444,1475,2,2.5
33445,1475,3,1.5
33446,1475,257,3
33447,1475,256,4
33448,1475,219,2
33449,1475,1,2.5
33450,1475,9,3.5
33451,1475,211,2.5
33452,1475,212,3.5
33453,1475,214,3
33454,1475,235,2
33455,1475,246,2.5
33456,1475,205,3.5
33457,1475,210,2.5
33458,1475,247,3.5
33459,1475,10,3.5
33460,1475,239,2.5
33461,1475,248,3
33462,1475,12,3.5
33463,1475,249,2
33464,1475,243,2
33465,1475,220,1
33466,1475,11,3.5
33467,1475,215,4
33468,1475,250,2.5
33469,1475,251,3.5
33470,1475,244,1.5
33471,1475,245,2.5
33472,1475,84,3.5
33473,1475,252,3
33474,1475,233,2
33475,1475,217,3.5
33476,1475,241,3
33477,1475,6,2.5
33478,1475,17,3.5
33479,1475,253,2
33480,1475,255,3
33481,1475,7,3.5
33482,1475,236,2.5
33483,1476,245,4
33484,1476,4,3.5
33485,1476,207,4
33486,1476,1,3.5
33487,1476,255,4
33488,1476,212,4
33489,1476,10,4
33490,1476,121,4
33491,1476,11,4
33492,1476,84,4
33493,1476,251,4
33494,1476,244,4
33495,1476,12,3.5
33496,1476,206,4
33497,1476,17,4
33498,1476,235,3.5
33499,1476,253,3.5
33500,1476,239,4
33501,1476,9,4
33502,1476,247,4
33503,1476,5,4
33504,1476,216,2.5
33505,1476,217,4
33506,1476,205,1.5
33507,1476,214,2.5
33508,1476,220,3.5
33509,1476,256,3.5
33510,1476,233,4
33511,1476,250,4
33512,1476,246,4
33513,1476,234,4
33514,1476,3,2.5
33515,1476,213,4
33516,1476,249,4
33517,1476,6,4
33518,1476,257,4
33519,1476,2,2.5
33520,1476,7,4
33521,1476,219,4
33522,1476,243,4
33523,1476,236,3
33524,1476,210,3.5
33525,1476,252,4
33526,1476,254,4
33527,1476,8,1.5
33528,1476,215,0.5
33529,1476,241,4
33530,1476,248,4
33531,1476,13,4
33532,1476,211,4
33533,1477,11,4
33534,1478,254,3.5
33535,1478,84,3.5
33536,1478,588,4
33537,1478,243,3
33538,1478,10,3.5
33539,1478,9,3.5
33540,1478,220,2.5
33541,1478,215,2
33542,1478,235,3
33543,1478,253,1.5
33544,1478,245,3
33545,1478,207,2.5
33546,1478,206,3.5
33547,1478,211,2
33548,1478,12,3.5
33549,1478,251,3
33550,1478,212,2.5
33551,1478,248,3.5
33552,1478,3,2.5
33553,1478,236,3
33554,1478,205,2.5
33555,1478,234,2.5
33556,1478,1,3.5
33557,1478,241,3
33558,1478,247,3
33559,1478,252,2.5
33560,1478,216,4
33561,1478,255,2.5
33562,1478,233,2
33563,1478,5,2
33564,1478,249,3.5
33565,1478,257,4
33566,1478,121,2
33567,1478,6,2.5
33568,1478,213,3.5
33569,1478,2,2
33570,1478,214,3.5
33571,1478,250,2.5
33572,1478,17,2.5
33573,1478,7,2.5
33574,1478,239,2.5
33575,1478,13,2
33576,1478,219,2.5
33577,1478,256,4
33578,1478,210,2.5
33579,1478,8,2
33580,1478,11,2
33581,1478,2060,1
33582,1478,244,3
33583,1478,217,2.5
33584,1478,1497,3.5
33585,1478,4,2
33586,1478,246,2.5
33587,1479,213,4
33588,1479,11,4
33589,1480,10,4
33590,1480,248,4
33591,1480,245,3
33592,1480,246,3
33593,1480,12,4
33594,1480,9,3
33595,1480,1,1.5
33596,1480,220,1.5
33597,1480,121,2.5
33598,1480,255,2.5
33599,1480,239,2.5
33600,1480,210,3
33601,1480,84,3.5
33602,1480,206,2.5
33603,1480,253,4
33604,1480,6,4
33605,1480,247,3
33606,1480,216,3
33607,1480,3,2
33608,1480,256,2
33609,1480,235,1
33610,1480,8,3
33611,1480,217,2.5
33612,1480,212,3
33613,1480,4,2.5
33614,1480,251,2.5
33615,1480,241,3
33616,1480,17,3.5
33617,1480,257,4
33618,1480,213,3.5
33619,1480,219,2
33620,1480,215,3.5
33621,1480,244,3.5
33622,1480,207,1
33623,1480,254,3
33624,1480,11,3
33625,1480,250,4
33626,1480,236,2
33627,1480,249,3
33628,1480,211,3.5
33629,1480,13,4
33630,1480,2,3
33631,1480,205,2.5
33632,1480,233,2.5
33633,1480,252,3.5
33634,1480,5,3.5
33635,1480,7,1
33636,1480,243,4
33637,1480,214,0.5
33638,1480,234,2
33639,1481,1568,4
33640,1481,821,3.5
33641,1481,2061,3
33642,1481,148,4
33643,1481,1038,4
33644,1481,2062,4
33645,1481,392,3.5
33646,1481,978,0.5
33647,1481,2063,1.5
33648,1481,452,0.5
33649,1482,10,1.5
33650,1482,13,2.5
33651,1482,215,3.5
33652,1482,213,1
33653,1482,11,3
33654,1483,256,3
33655,1483,241,2
33656,1483,211,2
33657,1483,11,3.5
33658,1483,219,3
33659,1483,253,3
33660,1483,4,2.5
33661,1483,6,2.5
33662,1483,233,1.5
33663,1483,207,2.5
33664,1483,250,2.5
33665,1483,206,3
33666,1483,121,1.5
33667,1483,244,2.5
33668,1483,17,3
33669,1483,7,2.5
33670,1483,12,2.5
33671,1483,234,2.5
33672,1483,247,2.5
33673,1483,220,2.5
33674,1483,249,3
33675,1483,239,2.5
33676,1483,10,4
33677,1483,212,3
33678,1483,257,2.5
33679,1483,214,3
33680,1483,210,1.5
33681,1483,2,3
33682,1483,3,2.5
33683,1483,1,1
33684,1483,251,2.5
33685,1483,246,2.5
33686,1483,236,2.5
33687,1483,213,3.5
33688,1483,235,1.5
33689,1483,9,2
33690,1483,255,3
33691,1483,216,2
33692,1483,205,3
33693,1483,252,3.5
33694,1483,248,2.5
33695,1483,8,2
33696,1483,254,2
33697,1483,13,3.5
33698,1483,243,1.5
33699,1483,245,2.5
33700,1483,84,3.5
33701,1483,217,2.5
33702,1483,5,2.5
33703,1484,215,3
33704,1484,1,3
33705,1485,2064,4
33706,1485,11,3.5
33707,1485,291,4
33708,1485,2,3
33709,1485,2065,3.5
33710,1485,7,3
33711,1485,4,4
33712,1485,9,3.5
33713,1485,236,3.5
33714,1485,347,3
33715,1485,206,3
33716,1485,6,3.5
33717,1486,241,2.5
33718,1486,6,3.5
33719,1486,248,4
33720,1486,17,3
33721,1486,253,3
33722,1486,255,3.5
33723,1486,7,4
33724,1486,236,2.5
33725,1486,206,3
33726,1486,4,4
33727,1486,13,3.5
33728,1486,207,4
33729,1486,5,4
33730,1486,8,3
33731,1486,213,3
33732,1486,254,3
33733,1486,216,3.5
33734,1486,234,3
33735,1486,121,2.5
33736,1486,2,4
33737,1486,257,4
33738,1486,256,4
33739,1486,219,3.5
33740,1486,1,3
33741,1486,9,3
33742,1486,211,2.5
33743,1486,212,3
33744,1486,214,3
33745,1486,235,3
33746,1486,246,4
33747,1486,205,3
33748,1486,210,3.5
33749,1486,247,3
33750,1486,3,4
33751,1486,10,4
33752,1486,239,3.5
33753,1486,12,4
33754,1486,249,3
33755,1486,243,3
33756,1486,220,3
33757,1486,11,4
33758,1486,215,3.5
33759,1486,250,3.5
33760,1486,251,3
33761,1486,244,3.5
33762,1486,245,3
33763,1486,84,2.5
33764,1486,252,2.5
33765,1486,233,3.5
33766,1486,217,3.5
33767,1487,11,3
33768,1487,207,3
33769,1488,769,4
33770,1488,4,2.5
33771,1488,1,3
33772,1488,207,3.5
33773,1488,7,3.5
33774,1488,550,4
33775,1488,11,2.5
33776,1488,12,3.5
33777,1488,1387,2.5
33778,1488,10,2
33779,1488,363,3.5
33780,1488,299,3.5
33781,1488,1846,1.5
33782,1488,719,2.5
33783,1489,234,4
33784,1489,3,4
33785,1489,6,4
33786,1489,2,4
33787,1489,7,4
33788,1489,219,4
33789,1489,210,4
33790,1489,252,4
33791,1489,212,4
33792,1489,8,4
33793,1489,215,3.5
33794,1489,13,2.5
33795,1489,211,4
33796,1489,245,4
33797,1489,4,4
33798,1489,207,4
33799,1489,1,4
33800,1489,255,4
33801,1489,10,4
33802,1489,11,3
33803,1489,17,4
33804,1489,253,4
33805,1489,239,4
33806,1489,247,4
33807,1489,5,4
33808,1489,216,4
33809,1489,217,4
33810,1489,205,4
33811,1489,214,4
33812,1490,10,3
33813,1490,1340,4
33814,1491,5,1.5
33815,1491,307,4
33816,1491,207,2.5
33817,1491,266,2
33818,1491,12,2.5
33819,1491,1658,2.5
33820,1491,84,3
33821,1491,183,2.5
33822,1491,59,1
33823,1491,13,3.5
33824,1491,11,4
33825,1491,882,1
33826,1491,596,0.5
33827,1491,215,3
33828,1491,2052,3
33829,1491,205,3.5
33830,1491,1711,1.5
33831,1491,467,0.5
33832,1491,540,2.5
33833,1491,17,4
33834,1491,623,4
33835,1491,2051,1.5
33836,1491,246,3
33837,1491,236,4
33838,1491,290,4
33839,1491,1952,2.5
33840,1491,7,4
33841,1491,1864,4
33842,1491,1392,3
33843,1491,1953,0.5
33844,1491,10,3.5
33845,1491,211,4
33846,1491,4,4
33847,1491,855,2.5
33848,1491,1659,4
33849,1491,2,3.5
33850,1491,9,4
33851,1491,693,1.5
33852,1491,1836,1
33853,1491,836,1.5
33854,1491,1655,3.5
33855,1491,257,3
33856,1491,1565,2
33857,1491,371,4
33858,1491,1657,4
33859,1492,7,4
33860,1492,251,3.5
33861,1492,3,3.5
33862,1492,1660,3.5
33863,1492,1,3.5
33864,1492,236,3.5
33865,1492,11,4
33866,1492,9,4
33867,1492,2,4
33868,1492,4,4
33869,1492,13,3.5
33870,1492,6,4
33871,1492,233,4
33872,1492,211,4
33873,1492,255,3.5
33874,1492,17,3.5
33875,1493,586,0.5
33876,1493,13,3.5
33877,1493,936,3
33878,1493,1764,1.5
33879,1493,1729,0.5
33880,1493,1,3
33881,1493,297,3.5
33882,1493,1352,4
33883,1493,1979,2.5
33884,1493,1279,2.5
33885,1493,885,4
33886,1493,1980,4
33887,1493,1687,4
33888,1493,341,1.5
33889,1494,13,4
33890,1494,11,4
33891,1494,1,4
33892,1494,215,4
33893,1494,213,4
33894,1494,10,4
33895,1494,3,4
33896,1495,268,4
33897,1495,12,3.5
33898,1495,267,0.5
33899,1495,746,3.5
33900,1495,2,3
33901,1495,293,4
33902,1495,7,2
33903,1496,668,2
33904,1496,1384,2
33905,1496,10,2.5
33906,1496,335,2.5
33907,1496,12,2.5
33908,1496,805,4
33909,1496,243,1.5
33910,1496,1942,2
33911,1496,1802,3.5
33912,1496,1194,3.5
33913,1496,1975,3
33914,1496,218,4
33915,1496,1941,3
33916,1496,389,2
33917,1496,252,4
33918,1496,658,4
33919,1496,318,4
33920,1496,781,4
33921,1496,1033,4
33922,1496,842,4
33923,1496,17,4
33924,1496,1940,2
33925,1496,1339,4
33926,1496,606,2.5
33927,1496,750,3
33928,1496,521,3
33929,1496,7,4
33930,1496,236,4
33931,1496,293,2.5
33932,1496,13,3.5
33933,1496,1345,4
33934,1496,1937,3
33935,1496,207,3
33936,1496,1946,3.5
33937,1496,755,3
33938,1496,1044,3
33939,1496,1949,2
33940,1496,1747,3.5
33941,1496,1694,4
33942,1496,1939,2.5
33943,1496,1945,3
33944,1496,8,3
33945,1496,1007,3
33946,1496,879,3
33947,1496,1043,3.5
33948,1496,1943,3
33949,1496,1832,4
33950,1496,267,4
33951,1496,2,2
33952,1496,1936,3
33953,1496,787,4
33954,1496,875,2.5
33955,1496,1944,3.5
33956,1496,257,2.5
33957,1496,512,4
33958,1496,219,4
33959,1496,1938,2
33960,1496,1,3
33961,1496,764,2
33962,1496,1035,3
33963,1496,1947,2.5
33964,1496,1383,4
33965,1496,681,3
33966,1496,212,4
33967,1496,758,2.5
33968,1496,1206,3
33969,1496,675,4
33970,1496,1948,3.5
33971,1496,845,3.5
33972,1496,235,2
33973,1496,278,4
33974,1496,1460,3.5
33975,1496,432,4
33976,1497,534,3.5
33977,1497,2066,3.5
33978,1497,2067,3
33979,1497,342,3
33980,1497,2068,2.5
33981,1497,215,1.5
33982,1497,242,4
33983,1497,1478,2
33984,1497,842,3.5
33985,1497,2069,2.5
33986,1497,2070,3
33987,1497,205,3
33988,1497,206,3
33989,1498,252,2.5
33990,1498,219,2.5
33991,1498,212,3
33992,1498,6,3.5
33993,1498,11,0.5
33994,1498,2,3.5
33995,1498,8,3.5
33996,1498,248,1.5
33997,1498,217,2.5
33998,1498,239,2.5
33999,1498,253,1
34000,1498,243,2.5
34001,1498,236,3
34002,1498,244,3
34003,1498,206,0.5
34004,1498,7,2
34005,1498,251,2.5
34006,1498,4,1.5
34007,1498,247,2.5
34008,1498,257,3
34009,1498,12,3
34010,1498,207,3.5
34011,1498,10,2.5
34012,1498,5,4
34013,1498,1,2.5
34014,1498,215,2
34015,1498,13,2.5
34016,1498,235,1.5
34017,1498,3,2.5
34018,1498,205,3
34019,1498,233,1.5
34020,1498,256,2
34021,1498,213,3
34022,1498,255,1.5
34023,1498,214,3
34024,1498,84,2.5
34025,1498,17,4
34026,1498,234,2.5
34027,1498,211,3
34028,1498,246,3.5
34029,1498,249,2
34030,1498,245,3.5
34031,1498,250,2.5
34032,1498,9,4
34033,1498,254,2
34034,1498,220,1
34035,1498,121,3.5
34036,1498,241,2.5
34037,1498,216,4
34038,1498,210,3.5
34039,1499,249,4
34040,1499,257,4
34041,1499,84,4
34042,1499,244,3.5
34043,1499,10,2.5
34044,1499,210,3.5
34045,1499,9,4
34046,1499,233,3.5
34047,1499,248,4
34048,1499,13,2
34049,1499,5,4
34050,1499,213,2.5
34051,1499,252,2.5
34052,1499,241,4
34053,1499,216,3
34054,1499,246,3
34055,1499,206,4
34056,1499,4,4
34057,1499,217,2.5
34058,1499,121,4
34059,1499,256,4
34060,1499,215,3.5
34061,1499,17,2.5
34062,1499,205,4
34063,1499,255,1.5
34064,1499,214,3
34065,1499,220,4
34066,1499,245,3
34067,1499,239,3
34068,1499,234,1.5
34069,1499,207,3.5
34070,1499,251,4
34071,1499,235,4
34072,1499,253,4
34073,1499,8,3.5
34074,1499,211,3
34075,1499,3,2
34076,1499,247,4
34077,1499,2,2.5
34078,1499,7,1.5
34079,1499,243,4
34080,1499,219,3
34081,1499,12,4
34082,1499,212,3
34083,1499,254,4
34084,1499,250,4
34085,1499,1,2.5
34086,1499,6,4
34087,1499,11,4
34088,1499,236,4
34089,1500,254,3.5
34090,1500,219,2.5
34091,1500,17,2
34092,1500,11,1
34093,1500,307,3
34094,1500,207,0.5
34095,1500,12,0.5
34096,1500,236,3.5
34097,1500,13,3
34098,1500,7,2
34099,1501,217,3
34100,1501,210,3.5
34101,1501,243,2
34102,1501,253,3
34103,1501,1,2
34104,1501,236,2
34105,1501,12,2
34106,1501,246,3
34107,1501,9,0.5
34108,1501,205,3.5
34109,1501,121,2.5
34110,1501,247,3
34111,1501,216,3.5
34112,1501,251,2
34113,1501,255,3.5
34114,1501,249,2.5
34115,1501,207,1
34116,1501,6,1
34117,1501,239,2.5
34118,1501,250,2.5
34119,1501,233,1.5
34120,1501,219,1.5
34121,1501,84,1.5
34122,1501,244,3
34123,1501,234,2.5
34124,1501,212,3
34125,1501,245,1
34126,1501,211,2
34127,1501,254,2
34128,1501,256,2.5
34129,1501,3,2
34130,1501,8,3
34131,1501,214,4
34132,1501,252,3
34133,1501,11,3.5
34134,1501,215,4
34135,1501,213,2.5
34136,1501,241,1.5
34137,1501,13,3
34138,1501,5,2.5
34139,1501,206,2.5
34140,1501,7,3
34141,1501,257,3
34142,1501,248,2
34143,1501,10,3
34144,1501,220,2.5
34145,1501,17,2
34146,1501,2,3.5
34147,1501,4,1.5
34148,1501,235,2.5
34149,1502,10,2.5
34150,1502,5,3
34151,1502,1,3
34152,1502,215,4
34153,1502,211,3.5
34154,1502,13,3.5
34155,1502,235,2
34156,1502,249,3
34157,1502,3,2.5
34158,1502,256,2.5
34159,1502,205,2.5
34160,1502,213,3
34161,1502,255,3.5
34162,1502,214,3
34163,1502,84,2.5
34164,1502,17,4
34165,1502,212,3.5
34166,1502,234,3
34167,1502,246,3.5
34168,1502,245,3
34169,1502,250,3
34170,1502,9,4
34171,1502,254,2.5
34172,1502,220,2.5
34173,1502,121,2.5
34174,1502,241,2.5
34175,1502,216,3.5
34176,1502,219,2
34177,1502,252,4
34178,1502,6,2.5
34179,1502,11,4
34180,1502,2,3
34181,1502,8,3
34182,1502,248,3
34183,1502,217,2
34184,1502,239,2.5
34185,1502,253,3
34186,1502,243,2.5
34187,1502,236,3.5
34188,1502,244,2.5
34189,1502,7,2.5
34190,1502,206,2.5
34191,1502,251,3
34192,1502,4,4
34193,1502,247,2.5
34194,1502,233,2.5
34195,1502,257,3
34196,1502,12,2
34197,1502,207,1.5
34198,1503,7,3.5
34199,1503,5,3.5
34200,1503,11,4
34201,1503,2,3.5
34202,1503,13,3.5
34203,1503,205,3.5
34204,1503,234,3
34205,1503,10,3.5
34206,1504,211,3
34207,1504,253,3.5
34208,1504,250,3.5
34209,1504,206,4
34210,1504,1724,3.5
34211,1504,247,3
34212,1504,220,2.5
34213,1504,239,3
34214,1504,10,3
34215,1504,839,4
34216,1504,1,3
34217,1504,100,0.5
34218,1504,245,3
34219,1504,235,2.5
34220,1504,400,4
34221,1504,216,3.5
34222,1504,834,4
34223,1504,254,3
34224,1504,13,4
34225,1504,2071,3
34226,1504,217,3.5
34227,1504,207,2
34228,1504,7,2.5
34229,1505,9,4
34230,1505,216,1
34231,1505,207,4
34232,1505,239,2
34233,1505,219,4
34234,1505,497,4
34235,1505,234,3
34236,1505,2045,4
34237,1505,211,4
34238,1505,3,2
34239,1505,8,3
34240,1505,10,1
34241,1505,11,3
34242,1505,887,4
34243,1505,215,3
34244,1505,495,4
34245,1505,213,2
34246,1505,241,2
34247,1505,389,4
34248,1505,13,2
34249,1505,5,4
34250,1505,7,4
34251,1505,257,4
34252,1505,1,4
34253,1505,1379,4
34254,1505,847,4
34255,1505,675,4
34256,1505,17,4
34257,1505,2,3
34258,1505,218,4
34259,1505,4,3
34260,1505,235,2
34261,1505,217,3
34262,1505,606,3.5
34263,1505,236,4
34264,1505,12,4
34265,1506,235,2
34266,1506,4,1.5
34267,1507,2,4
34268,1507,219,3
34269,1507,254,3
34270,1508,9,4
34271,1508,220,2.5
34272,1508,693,3.5
34273,1508,219,3
34274,1508,11,3.5
34275,1508,2,3
34276,1508,4,4
34277,1508,8,3
34278,1508,253,3.5
34279,1508,751,1
34280,1508,236,4
34281,1508,7,1
34282,1508,206,4
34283,1508,233,2
34284,1508,257,2
34285,1508,12,3
34286,1508,207,1.5
34287,1508,5,4
34288,1508,1,1.5
34289,1508,215,3.5
34290,1508,235,2
34291,1508,250,4
34292,1508,3,2
34293,1508,486,2.5
34294,1508,84,3.5
34295,1508,17,4
34296,1508,669,1
34297,1508,686,2.5
34298,1508,806,3.5
